name,description,price,stock,categoryId,imagePath,filename
Turtle Check Men Navy Blue Shirt,Shirts - Navy Blue - Fall,,100,3,images/giyim/15970.jpg,15970.jpg
Peter England Men Party Blue Jeans,Jeans - Blue - Summer,,100,3,images/giyim/39386.jpg,39386.jpg
Manchester United Men Solid Black Track Pants,Track Pants - Black - Fall,,100,3,images/giyim/21379.jpg,21379.jpg
Puma Men Grey T-shirt,Tshirts - Grey - Summer,,100,3,images/giyim/53759.jpg,53759.jpg
Inkfruit Mens Chain Reaction T-shirt,Tshirts - Grey - Summer,,100,3,images/giyim/1855.jpg,1855.jpg
Fabindia Men Striped Green Shirt,Shirts - Green - Summer,,100,3,images/giyim/30805.jpg,30805.jpg
Jealous 21 Women Purple Shirt,Shirts - Purple - Summer,,100,3,images/giyim/26960.jpg,26960.jpg
Reid & Taylor Men Check Purple Shirts,Shirts - Purple - Fall,,100,3,images/giyim/12369.jpg,12369.jpg
Gini and Jony Girls Knit White Top,Tops - White - Summer,,100,3,images/giyim/42419.jpg,42419.jpg
Bwitch Beige Full-Coverage Bra BW335,Bra - Beige - Summer,,100,3,images/giyim/51832.jpg,51832.jpg
ADIDAS Men Lfc Auth Hood Grey Sweatshirts,Sweatshirts - Grey - Fall,,100,3,images/giyim/13089.jpg,13089.jpg
Fila Men's Round Neck Navy Blue T-shirt,Tshirts - Navy Blue - Fall,,100,3,images/giyim/7990.jpg,7990.jpg
John Players Men Navy Blue Shirt,Shirts - Navy Blue - Summer,,100,3,images/giyim/37812.jpg,37812.jpg
Disney Kids Boy's Crew Sea Life Sialing Green Teen Kidswear,Tshirts - Green - Summer,,100,3,images/giyim/4729.jpg,4729.jpg
John Players Men Brown Shirt,Shirts - Brown - Summer,,100,3,images/giyim/56825.jpg,56825.jpg
Diva Women Embroided Green Kurta,Kurtas - Green - Fall,,100,3,images/giyim/20099.jpg,20099.jpg
Jealous 21 Women's Pink T-shirt,Tshirts - Pink - Summer,,100,3,images/giyim/3954.jpg,3954.jpg
W Women Printed Beige Kurta,Kurtas - Beige - Summer,,100,3,images/giyim/28690.jpg,28690.jpg
Scullers Men  Grey Waistcoat,Waistcoat - Grey - Fall,,100,3,images/giyim/8580.jpg,8580.jpg
Puma Men Long Logo Black Bermuda,Shorts - Black - Summer,,100,3,images/giyim/18005.jpg,18005.jpg
Levis Men Boxer Maroon Brief,Briefs - Maroon - Winter,,100,3,images/giyim/17871.jpg,17871.jpg
John Miller Men Stripes White Red Shirts,Shirts - Red - Fall,,100,3,images/giyim/9452.jpg,9452.jpg
Vishudh Women Brown Kurta,Kurtas - Brown - Summer,,100,3,images/giyim/45856.jpg,45856.jpg
Playboy Men Blue Titanium Briefs,Briefs - Blue - Summer,,100,3,images/giyim/32138.jpg,32138.jpg
Puma Men's Stripe Polo Black T-shirt,Tshirts - Black - Summer,,100,3,images/giyim/5891.jpg,5891.jpg
Nike Women Purple Polo T-shirt,Tshirts - Purple - Summer,,100,3,images/giyim/38630.jpg,38630.jpg
Gini and Jony Boy's Kaleb White Brown Kidswear,Shirts - White - Summer,,100,3,images/giyim/4943.jpg,4943.jpg
Wrangler Men Motor Rider Red T-Shirts,Tshirts - Red - Fall,,100,3,images/giyim/10866.jpg,10866.jpg
FNF Pink & Grey Wedding Collection Sari,Sarees - Grey - Fall,,100,3,images/giyim/59607.jpg,59607.jpg
Puma Men Scribble Black Tshirts,Tshirts - Black - Fall,,100,3,images/giyim/15528.jpg,15528.jpg
Do U Speak Green Men Blue Shorts,Shorts - Blue - Summer,,100,3,images/giyim/54924.jpg,54924.jpg
Indigo Nation Men Reversible Bling Pink Shirts,Shirts - Pink - Fall,,100,3,images/giyim/9660.jpg,9660.jpg
Nike Women Black T-shirt,Tshirts - Black - Fall,,100,3,images/giyim/2288.jpg,2288.jpg
ADIDAS Men Blue Sweatshirt,Sweatshirts - Blue - Fall,,100,3,images/giyim/23876.jpg,23876.jpg
Manchester United Men Solid Red Tshirt,Tshirts - Red - Fall,,100,3,images/giyim/18237.jpg,18237.jpg
Mineral Women Green Top,Tops - Green - Summer,,100,3,images/giyim/49653.jpg,49653.jpg
United Colors of Benetton Men Solid Pink Polo T-shirts,Tshirts - Pink - Summer,,100,3,images/giyim/13419.jpg,13419.jpg
Levis Men Comfort Style Grey Innerwear Vest,Innerwear Vests - Grey - Summer,,100,3,images/giyim/17885.jpg,17885.jpg
Tonga Women Maroon Top,Tops - Off White - Summer,,100,3,images/giyim/58513.jpg,58513.jpg
Just Natural Unisex Charcoal Rain Jacket,Rain Jacket - Coffee Brown - Summer,,100,3,images/giyim/52029.jpg,52029.jpg
ADIDAS Men's Twelve Faster T-shirt,Tshirts - Black - Summer,,100,3,images/giyim/5865.jpg,5865.jpg
Arrow Woman Women Blue Dress,Dresses - Blue - Summer,,100,3,images/giyim/39716.jpg,39716.jpg
Levis Men Red Brief,Briefs - Red - Summer,,100,3,images/giyim/25349.jpg,25349.jpg
SDL by Sweet Dreams Women Green Printed Night Suit S11-3124,Night suits - White - Summer,,100,3,images/giyim/55802.jpg,55802.jpg
Indigo Nation Men Printed Black T-shirt,Tshirts - Black - Summer,,100,3,images/giyim/29584.jpg,29584.jpg
Urban Yoga Women Blue Skirt With Leggings,Skirts - Blue - Summer,,100,3,images/giyim/28456.jpg,28456.jpg
Gini and Jony Girls Black Top,Tops - Black - Summer,,100,3,images/giyim/34009.jpg,34009.jpg
Classic Polo Men Vulcan White Polo Tshirts,Tshirts - White - Fall,,100,3,images/giyim/9694.jpg,9694.jpg
Turtle Check Men Yellow Shirt,Shirts - Yellow - Fall,,100,3,images/giyim/15984.jpg,15984.jpg
U.S. Polo Assn. Men White & Navy Blue Shirt,Shirts - White - Fall,,100,3,images/giyim/59297.jpg,59297.jpg
Jockey ELANCE Men Bikini White Brief 1005,Briefs - White - Summer,,100,3,images/giyim/28032.jpg,28032.jpg
Scullers For Her Charcoal Blazer,Blazers - Charcoal - Summer,,100,3,images/giyim/27846.jpg,27846.jpg
Jealous 21 Women Black Jeans,Jeans - Black - Summer,,100,3,images/giyim/26994.jpg,26994.jpg
Sushilas Women Printed Green Kurta,Kurtas - Green - Summer,,100,3,images/giyim/54588.jpg,54588.jpg
Doodle Boy's Route 66 Biker Blue Teen Kidswear,Tshirts - Blue - Fall,,100,3,images/giyim/8322.jpg,8322.jpg
Scullers Men  Green Check Shirt,Shirts - Green - Fall,,100,3,images/giyim/7158.jpg,7158.jpg
United Colors of Benetton Men Solid Blue Sweatshirt,Sweatshirts - Blue - Fall,,100,3,images/giyim/19547.jpg,19547.jpg
Puma Men's Large Logo Graphic Black T-shirt,Tshirts - Black - Fall,,100,3,images/giyim/7964.jpg,7964.jpg
Aneri Women Black & Maroon Salwar Suit,Kurta Sets - Black - Summer,,100,3,images/giyim/39140.jpg,39140.jpg
Levis Men Check Red Shirts,Shirts - Red - Fall,,100,3,images/giyim/16392.jpg,16392.jpg
Tonga Women Pink Printed Shrug,Shrug - Pink - Summer,,100,3,images/giyim/51455.jpg,51455.jpg
Chromozome Men Grey Briefs,Briefs - Grey - Summer,,100,3,images/giyim/50587.jpg,50587.jpg
U.S. Polo Assn. Men Stripes Black  Polo Tshirt,Tshirts - Black - Fall,,100,3,images/giyim/17240.jpg,17240.jpg
Spykar Men Black and white Check Shirt,Shirts - Black - Summer,,100,3,images/giyim/6617.jpg,6617.jpg
Myntra Men's Brain Black T-shirt,Tshirts - Black - Summer,,100,3,images/giyim/3365.jpg,3365.jpg
Lovable Women All Day Long Black Bra,Bra - Black - Summer,,100,3,images/giyim/30462.jpg,30462.jpg
Puma Men ducati logo tee Yellow Tshirts,Tshirts - Yellow - Fall,,100,3,images/giyim/10065.jpg,10065.jpg
Levis Men White Innerwear Vest,Innerwear Vests - White - Summer,,100,3,images/giyim/25382.jpg,25382.jpg
Wrangler Men's Minstrel Shoulder Loop Purple T-shirt,Tshirts - Purple - Summer,,100,3,images/giyim/5092.jpg,5092.jpg
Wrangler Men Furious Rides Navy Blue T-Shirts,Tshirts - Navy Blue - Fall,,100,3,images/giyim/10859.jpg,10859.jpg
FNF Green Wedding Collection Sari,Sarees - Green - Fall,,100,3,images/giyim/59638.jpg,59638.jpg
John Miller Men Solid Type Black Trousers,Trousers - Black - Fall,,100,3,images/giyim/10257.jpg,10257.jpg
Locomotive Men Navy Blue Printed T-shirt,Tshirts - Navy Blue - Summer,,100,3,images/giyim/24062.jpg,24062.jpg
United Colors Of Benetton Women Light Winter Black Sweatshirts,Sweatshirts - Black - Fall,,100,3,images/giyim/11385.jpg,11385.jpg
Mark Taylor Men Striped Blue Shirt,Shirts - Blue - Fall,,100,3,images/giyim/22395.jpg,22395.jpg
Lee Women Paula Blue Top,Tops - Blue - Summer,,100,3,images/giyim/31782.jpg,31782.jpg
United Colors of Benetton Men Short Black Shirts,Shirts - Black - Fall,,100,3,images/giyim/12500.jpg,12500.jpg
Nike Men Printed Black T-shirt,Tshirts - Black - Summer,,100,3,images/giyim/30650.jpg,30650.jpg
ONLY Women directoire blue Trousers,Trousers - Blue - Summer,,100,3,images/giyim/32563.jpg,32563.jpg
Gini and Jony Girls Pretty Blossom Blue Top,Tops - Blue - Summer,,100,3,images/giyim/40143.jpg,40143.jpg
Vishudh Women Red Printed Kurta,Kurtas - Red - Summer,,100,3,images/giyim/24406.jpg,24406.jpg
s.Oliver Women Stripes Beige Top,Tops - Beige - Fall,,100,3,images/giyim/21174.jpg,21174.jpg
Nike Women Solid Pink Shorts,Shorts - Pink - Fall,,100,3,images/giyim/15341.jpg,15341.jpg
Red Rose Maroon Camisole,Camisoles - Maroon - Winter,,100,3,images/giyim/52486.jpg,52486.jpg
Probase Multicoloured Printed Boxers,Boxers - Multi - Summer,,100,3,images/giyim/53554.jpg,53554.jpg
Classic Polo Men Stripes Blue Tshirts,Tshirts - Blue - Fall,,100,3,images/giyim/14293.jpg,14293.jpg
UCB Men's Polo Neck With Lion Logo Navy Blue T-shirt,Tshirts - Navy Blue - Summer,,100,3,images/giyim/6041.jpg,6041.jpg
Doodle Kids Girls Pink I love Shopping Top,Tops - Pink - Fall,,100,3,images/giyim/23623.jpg,23623.jpg
Little Miss Women Printed Grey T-shirt,Tshirts - Grey - Fall,,100,3,images/giyim/9835.jpg,9835.jpg
Jealous 21 Women Black Jegging,Jeans - Black - Fall,,100,3,images/giyim/7193.jpg,7193.jpg
Mother Earth Women Magenta Kurta,Kurtas - Magenta - Fall,,100,3,images/giyim/27283.jpg,27283.jpg
Myntra Men's If You Don't Like Navy Blue T-shirt,Tshirts - Navy Blue - Summer,,100,3,images/giyim/3533.jpg,3533.jpg
Aurelia Women Voile Orange Dupatta,Dupatta - Orange - Fall,,100,3,images/giyim/12164.jpg,12164.jpg
ADIDAS Men Solid Navy Blue Track Pant,Track Pants - Navy Blue - Fall,,100,3,images/giyim/17624.jpg,17624.jpg
Gini and Jony Girls Black Capris,Capris - Black - Summer,,100,3,images/giyim/47154.jpg,47154.jpg
Enamor White Bra,Bra - White - Summer,,100,3,images/giyim/51031.jpg,51031.jpg
Gini and Jony Kids Boys Solid Black Shorts,Shorts - Black - Fall,,100,3,images/giyim/13284.jpg,13284.jpg
John Miller Men Dark Grey Trousers,Trousers - Grey - Summer,,100,3,images/giyim/26163.jpg,26163.jpg
Tantra Women Flower Heart Black Long T-shirt,Tshirts - Black - Summer,,100,3,images/giyim/3701.jpg,3701.jpg
Aurelia Women Sea Green Kurta,Kurtas - Sea Green - Summer,,100,3,images/giyim/42426.jpg,42426.jpg
Jealous 21 Women Uaine Purple Tops,Tops - Purple - Fall,,100,3,images/giyim/10401.jpg,10401.jpg
Tokyo Talkies Women Navy Slim Fit Jeans,Jeans - Navy Blue - Summer,,100,3,images/giyim/40371.jpg,40371.jpg
United Colors of Benetton Women Blue Top,Tops - Blue - Summer,,100,3,images/giyim/37223.jpg,37223.jpg
Puma Men White and Navy Blue T-shirt,Tshirts - White - Summer,,100,3,images/giyim/53766.jpg,53766.jpg
Doodle Kids Girls City Chic White Top,Tops - White - Fall,,100,3,images/giyim/25520.jpg,25520.jpg
ONLY Women Black Top,Tops - Black - Summer,,100,3,images/giyim/32597.jpg,32597.jpg
Elle Women Dark Pink Top,Tops - Pink - Summer,,100,3,images/giyim/57100.jpg,57100.jpg
Red Rose Women White & Pink Polka Dot Print Bath Robe,Bath Robe - Pink - Winter,,100,3,images/giyim/52472.jpg,52472.jpg
Aurelia Women Navy Blue Kurta,Kurtas - Navy Blue - Summer,,100,3,images/giyim/50325.jpg,50325.jpg
Locomotive Men Check Red Shirt,Shirts - Red - Fall,,100,3,images/giyim/16530.jpg,16530.jpg
Scullers Men Scul Purple White Shirt,Shirts - Purple - Fall,,100,3,images/giyim/7167.jpg,7167.jpg
Fusion Beats Women White Printed Tunic,Tunics - White - Summer,,100,3,images/giyim/46240.jpg,46240.jpg
Mother Earth Women Blue Kurta,Kurtas - Green - Fall,,100,3,images/giyim/27277.jpg,27277.jpg
Forever New Women Stone Cream Jacket,Jackets - Cream - Summer,,100,3,images/giyim/6889.jpg,6889.jpg
W Women Peach Kurta,Kurtas - Peach - Summer,,100,3,images/giyim/31312.jpg,31312.jpg
Basics Men Blue Slim Fit Checked Shirt,Shirts - Blue - Fall,,100,3,images/giyim/12190.jpg,12190.jpg
United Colors of Benetton Women Solid Purple Top,Tops - Purple - Summer,,100,3,images/giyim/19578.jpg,19578.jpg
Scullers For Her Women Blue Top,Tops - Blue - Summer,,100,3,images/giyim/27879.jpg,27879.jpg
Classic Polo Men's Swiss Yellow T-shirt,Tshirts - Yellow - Summer,,100,3,images/giyim/6287.jpg,6287.jpg
Tantra Men's Black Sabbath Navy T-shirt,Tshirts - Navy Blue - Fall,,100,3,images/giyim/7355.jpg,7355.jpg
Enamor Women Pack of 3 Mid-Rise Bikini Brief,Briefs - Brown - Summer,,100,3,images/giyim/28831.jpg,28831.jpg
French Connection Men White T-shirt,Tshirts - White - Summer,,100,3,images/giyim/43500.jpg,43500.jpg
Palm Tree Kids Girls Printed White Tops,Tops - White - Fall,,100,3,images/giyim/13270.jpg,13270.jpg
Hanes Men Grey Ultimate Duo Dry Cotton Stretch Bikini Briefs,Briefs - Grey - Summer,,100,3,images/giyim/18698.jpg,18698.jpg
Palm Tree Girls Pink Top,Tops - Pink - Summer,,100,3,images/giyim/31120.jpg,31120.jpg
United Colors of Benetton Men Olive Tshirts,Tshirts - Olive - Fall,,100,3,images/giyim/11527.jpg,11527.jpg
Tokyo Talkies Women Yellow Top,Tops - Yellow - Summer,,100,3,images/giyim/40385.jpg,40385.jpg
Arrow Sport Men Solid White Polo Tshirts,Tshirts - White - Fall,,100,3,images/giyim/15187.jpg,15187.jpg
Flying Machine Men Check Green Shirts,Shirts - Green - Fall,,100,3,images/giyim/14055.jpg,14055.jpg
Wrangler Men Applique Navy Blue Tshirt,Tshirts - Navy Blue - Fall,,100,3,images/giyim/20260.jpg,20260.jpg
Urban Yoga Women Printed Pink T-shirt,Tshirts - Pink - Summer,,100,3,images/giyim/28469.jpg,28469.jpg
Chromozome Men Charcoal Trunk Trunks,Trunk - Charcoal - Summer,,100,3,images/giyim/50573.jpg,50573.jpg
Palm Tree Boys Check Blue Shirt,Shirts - Blue - Summer,,100,3,images/giyim/34036.jpg,34036.jpg
Indigo Nation Men Club Satin Hot Stepper Navy Blue Shirt,Shirts - Navy Blue - Fall,,100,3,images/giyim/8779.jpg,8779.jpg
ADIDAS Men Stripe Polo White Polo T-shirt,Tshirts - White - Fall,,100,3,images/giyim/2243.jpg,2243.jpg
Lovable Women Fiona Purple Bra,Bra - Purple - Summer,,100,3,images/giyim/30496.jpg,30496.jpg
Jockey Women Blue Lounge Pants,Lounge Pants - Blue - Winter,,100,3,images/giyim/27421.jpg,27421.jpg
Sepia Women Printed Magenta Top,Tops - Magenta - Summer,,100,3,images/giyim/33213.jpg,33213.jpg
Arrow Woman Olive Top,Tops - Olive - Summer,,100,3,images/giyim/39729.jpg,39729.jpg
Levis Men Grey Innerwear T-Shirt,Innerwear Vests - Grey - Summer,,100,3,images/giyim/25376.jpg,25376.jpg
Scullers Men Price Catch Black Shirts,Shirts - Black - Fall,,100,3,images/giyim/11143.jpg,11143.jpg
Fabindia Beige & Maroon Mull Printed Saree,Sarees - Beige - Fall,,100,3,images/giyim/56684.jpg,56684.jpg
Gini and Jony Girl's Vanya White Polka Dot Kidswear,Dresses - White - Summer,,100,3,images/giyim/4988.jpg,4988.jpg
Indian Terrain Men Blue T-shirt,Tshirts - Blue - Summer,,100,3,images/giyim/44341.jpg,44341.jpg
Mother Earth Women Printed Cream Kurta,Kurtas - Cream - Summer,,100,3,images/giyim/33021.jpg,33021.jpg
United Colors Of Benetton Men Summer Black Shirts,Shirts - Black - Fall,,100,3,images/giyim/11371.jpg,11371.jpg
Wrangler Women White Smocked Top,Tops - White - Summer,,100,3,images/giyim/41401.jpg,41401.jpg
Wrangler Cowboy Photo T-shirt,Tshirts - Grey - Summer,,100,3,images/giyim/4386.jpg,4386.jpg
Basics Men Pack of 3 T-shirt,Tshirts - Pink - Summer,,100,3,images/giyim/29789.jpg,29789.jpg
Nike Men's As Icon Blue T-shirt,Tshirts - Blue - Summer,,100,3,images/giyim/7503.jpg,7503.jpg
Proline Men Navy Track Pants,Track Pants - Navy Blue - Fall,,100,3,images/giyim/34204.jpg,34204.jpg
United Colors of Benetton Men Stripes Red  Polo T-shirts,Tshirts - Red - Summer,,100,3,images/giyim/13426.jpg,13426.jpg
John Miller Men Stripes Blue Shirts,Shirts - Blue - Fall,,100,3,images/giyim/13846.jpg,13846.jpg
109F Women Red & White Striped Tunic,Tunics - Red - Summer,,100,3,images/giyim/46278.jpg,46278.jpg
Locomotive Men Washed Blue Jeans,Jeans - Blue - Fall,,100,3,images/giyim/16508.jpg,16508.jpg
United Colors of Benetton Men Solid Blue Sweater,Sweaters - Blue - Summer,,100,3,images/giyim/19540.jpg,19540.jpg
Puma Men's Large Logo Graphic White French T-shirt,Tshirts - White - Fall,,100,3,images/giyim/7963.jpg,7963.jpg
Aneri Women Purple Salwar Suit,Kurta Sets - Purple - Fall,,100,3,images/giyim/39147.jpg,39147.jpg
Elle Women Brown Trousers,Trousers - Brown - Summer,,100,3,images/giyim/57138.jpg,57138.jpg
Turtle Solid Men  Burgundy Shirt,Shirts - Burgundy - Fall,,100,3,images/giyim/15983.jpg,15983.jpg
Wrangler Men Polo Charcoal T-shirt,Tshirts - Brown - Fall,,100,3,images/giyim/20258.jpg,20258.jpg
Jockey ELANCE Men Grey Melange Y Front Briefs 1006,Briefs - Grey Melange - Summer,,100,3,images/giyim/28035.jpg,28035.jpg
Jealous 21 Women Washed Blue Jeans,Jeans - Blue - Summer,,100,3,images/giyim/26993.jpg,26993.jpg
Palm Tree Kids Boy Solid Brown Trousers,Trousers - Brown - Fall,,100,3,images/giyim/13248.jpg,13248.jpg
French Connection Women Blue Top,Tops - Blue - Summer,,100,3,images/giyim/43538.jpg,43538.jpg
Doodle Boy's Athletic 77 Dept Yellow Teen Kidswear,Tshirts - Yellow - Fall,,100,3,images/giyim/8325.jpg,8325.jpg
Gini and Jony Girls Red Top,Tops - Red - Summer,,100,3,images/giyim/31118.jpg,31118.jpg
ADIDAS Men's Stripe Black T-shirt,Tshirts - Black - Summer,,100,3,images/giyim/5862.jpg,5862.jpg
Puma Men Grey T-shirt,Tshirts - Grey - Summer,,100,3,images/giyim/58726.jpg,58726.jpg
Denizen Women Blue Jeans,Jeans - Blue - Summer,,100,3,images/giyim/51499.jpg,51499.jpg
SDL by Sweet Dreams Women Pink & Black Printed Night Suit S11-3134,Night suits - Pink - Summer,,100,3,images/giyim/55805.jpg,55805.jpg
Jealous 21 Women's Aaren Black Jegging,Jeans - Black - Fall,,100,3,images/giyim/7709.jpg,7709.jpg
Urban Yoga Women Black Track Pants,Track Pants - Black - Summer,,100,3,images/giyim/28451.jpg,28451.jpg
Indigo Nation Men Grey Striped Shirt,Shirts - Grey - Summer,,100,3,images/giyim/43960.jpg,43960.jpg
Indigo Nation Men Checks Shirt Navy Blue Shirts,Shirts - Navy Blue - Fall,,100,3,images/giyim/8741.jpg,8741.jpg
Jockey Women Black Lounge Pants,Lounge Pants - Black - Winter,,100,3,images/giyim/27419.jpg,27419.jpg
John Players Men Check Blue Shirt,Shirts - Blue - Summer,,100,3,images/giyim/22359.jpg,22359.jpg
Mineral Women Grey Skirt,Skirts - Grey - Summer,,100,3,images/giyim/49654.jpg,49654.jpg
ADIDAS Men's Slim Fit White T-shirt,Tshirts - White - Summer,,100,3,images/giyim/2049.jpg,2049.jpg
Levis Men Comfort Style White Innerwear Vest,Innerwear Vests - White - Summer,,100,3,images/giyim/17882.jpg,17882.jpg
Mother Earth Women Printed Yellow Kurta,Kurtas - Yellow - Summer,,100,3,images/giyim/33019.jpg,33019.jpg
Lee Men Blue Chicago Fit Jeans,Jeans - Blue - Summer,,100,3,images/giyim/11349.jpg,11349.jpg
United Colors of Benetton Men Black T-shirt,Tshirts - Black - Fall,,100,3,images/giyim/24892.jpg,24892.jpg
Tonga Women Grey Top,Tops - Grey - Summer,,100,3,images/giyim/58514.jpg,58514.jpg
Nike Men Red Delhi T-shirt,Tshirts - Red - Summer,,100,3,images/giyim/38637.jpg,38637.jpg
Gini and Jony Boy's Kaleb White Brown Infant Kidswear,Shirts - White - Summer,,100,3,images/giyim/4944.jpg,4944.jpg
Wrangler Men Dirt Riders White T-Shirts,Tshirts - White - Fall,,100,3,images/giyim/10861.jpg,10861.jpg
FNF Rust Wedding Collection Sari,Sarees - Rust - Fall,,100,3,images/giyim/59600.jpg,59600.jpg
Facit Men Black Brief,Briefs - Black - Summer,,100,3,images/giyim/47508.jpg,47508.jpg
Do u speak Green Girls Olive 3/4 Pant,Capris - Olive - Summer,,100,3,images/giyim/54923.jpg,54923.jpg
U.S. Polo Assn. Men Printed  Steeple Grey Tshirt,Tshirts - Grey - Fall,,100,3,images/giyim/17278.jpg,17278.jpg
Mark Taylor Men Printed Maroon T-shirt,Tshirts - Maroon - Summer,,100,3,images/giyim/31588.jpg,31588.jpg
Manchester United Men Printed White Tshirt,Tshirts - White - Fall,,100,3,images/giyim/18230.jpg,18230.jpg
ADIDAS Men Grey Striped T-shirt,Tshirts - Grey - Fall,,100,3,images/giyim/23871.jpg,23871.jpg
Indigo Nation Men Bling Red Black Shirts,Shirts - Purple - Fall,,100,3,images/giyim/9667.jpg,9667.jpg
Puma Men Poly Knitted Black Tracksuit,Tracksuits - Black - Fall,,100,3,images/giyim/16198.jpg,16198.jpg
Jealous 21 Women's Red Peace T-shirt,Tshirts - Red - Summer,,100,3,images/giyim/3953.jpg,3953.jpg
W Women Printed Black Kurta,Kurtas - Black - Summer,,100,3,images/giyim/28697.jpg,28697.jpg
Puma Men Solid Blue Track Pants,Track Pants - Blue - Fall,,100,3,images/giyim/12538.jpg,12538.jpg
Scullers Men Red Check Shirt,Shirts - Red - Fall,,100,3,images/giyim/8587.jpg,8587.jpg
Sepia Women Pink Top,Tops - Pink - Summer,,100,3,images/giyim/42248.jpg,42248.jpg
Levis Men Comfort Style Grey Innerwear Vest,Innerwear Vests - Grey - Summer,,100,3,images/giyim/17876.jpg,17876.jpg
John Miller Men Red Striped Shirt,Shirts - Red - Fall,,100,3,images/giyim/9455.jpg,9455.jpg
Puma Women Essential Skinny Black 3/4 Pant,Capris - Black - Summer,,100,3,images/giyim/18002.jpg,18002.jpg
Nabaiji Swimming Goggles Blue Black,Swimwear - Blue - Fall,,100,3,images/giyim/1638.jpg,1638.jpg
Allen Solly Women Red Shorts,Shorts - Red - Summer,,100,3,images/giyim/32903.jpg,32903.jpg
UCB Men's Johny Collar With Two Tone Grey T-shirt,Tshirts - Grey - Summer,,100,3,images/giyim/6079.jpg,6079.jpg
ADIDAS Men Black Jersey,Tshirts - Black - Summer,,100,3,images/giyim/29321.jpg,29321.jpg
Arrow Woman Blue Shirt,Shirts - Blue - Summer,,100,3,images/giyim/26369.jpg,26369.jpg
Doodle Kids Boy Check Green Shirt,Shirts - Green - Summer,,100,3,images/giyim/33489.jpg,33489.jpg
John Players Men Beige Shorts,Trousers - Beige - Summer,,100,3,images/giyim/56822.jpg,56822.jpg
Gini and Jony Boys Core Red T-shirt,Tshirts - Red - Summer,,100,3,images/giyim/40947.jpg,40947.jpg
Peter England Men Party Black Jeans,Jeans - Black - Summer,,100,3,images/giyim/39381.jpg,39381.jpg
Turtle Solid Men Red Shirt,Shirts - Red - Fall,,100,3,images/giyim/15977.jpg,15977.jpg
Music Men Printed Blue T-shirt,Tshirts - Blue - Spring,,100,3,images/giyim/32769.jpg,32769.jpg
Flying Machine Men Walnut Brown Tshirts,Tshirts - Brown - Fall,,100,3,images/giyim/10439.jpg,10439.jpg
Flying Machine Women Solid Pink Tops,Tops - Pink - Fall,,100,3,images/giyim/14099.jpg,14099.jpg
Inkfruit Men Ride It Or Die T-shirt,Tshirts - Blue - Summer,,100,3,images/giyim/1852.jpg,1852.jpg
Fabindia Men Blue Shirt,Shirts - Blue - Summer,,100,3,images/giyim/30802.jpg,30802.jpg
Enamor Rose Full Figure Bra FF07,Bra - Rose - Summer,,100,3,images/giyim/51009.jpg,51009.jpg
Jealous 21 Women Check Navy Blue Top,Tops - Navy Blue - Summer,,100,3,images/giyim/26967.jpg,26967.jpg
Aneri Women Jazz Brown Kurta,Kurtas - Brown - Summer,,100,3,images/giyim/27089.jpg,27089.jpg
Bwitch Red Lace  Briefs,Briefs - Red - Summer,,100,3,images/giyim/51835.jpg,51835.jpg
U.S. Polo Assn. Men Solid Navy Blue Tshirt,Tshirts - Navy Blue - Winter,,100,3,images/giyim/19786.jpg,19786.jpg
Manchester United Men Navy Blue Striped T-shirt,Tshirts - Navy Blue - Fall,,100,3,images/giyim/24091.jpg,24091.jpg
Mother Earth Women Pink Kurta,Kurtas - Pink - Fall,,100,3,images/giyim/33026.jpg,33026.jpg
Wrangler Women Pink T-shirt,Tshirts - Pink - Summer,,100,3,images/giyim/41406.jpg,41406.jpg
United Colors Of Benetton Women Light Winter Grey Tops,Tops - Grey - Fall,,100,3,images/giyim/11376.jpg,11376.jpg
Superman Men's Silhouette Light Blue T-shirt,Tshirts - Blue - Summer,,100,3,images/giyim/4381.jpg,4381.jpg
Nike Women's Smash Pink T-shirt,Tshirts - Pink - Summer,,100,3,images/giyim/7504.jpg,7504.jpg
Ed Hardy Men New Tiger White T-Shirt,Tshirts - White - Fall,,100,3,images/giyim/22366.jpg,22366.jpg
Proline Men Charcoal Grey Track Pants,Track Pants - Charcoal - Winter,,100,3,images/giyim/34203.jpg,34203.jpg
United Colors of Benetton Men Stripes Black Polo T-shirts,Tshirts - Black - Summer,,100,3,images/giyim/13421.jpg,13421.jpg
Scullers Men Beige Trousers,Trousers - Beige - Summer,,100,3,images/giyim/27614.jpg,27614.jpg
Peter England Men Stripes Maroon Shirt,Shirts - Maroon - Fall,,100,3,images/giyim/16361.jpg,16361.jpg
ADIDAS Men Black Sweatshirt,Sweatshirts - Black - Summer,,100,3,images/giyim/46411.jpg,46411.jpg
Gini and Jony Boys Check Blue Shirt,Shirts - Blue - Summer,,100,3,images/giyim/34031.jpg,34031.jpg
Chromozome Men Pack of Two Trunks,Trunk - Charcoal - Summer,,100,3,images/giyim/50574.jpg,50574.jpg
Classic Polo Men Striped Navy Blue T-shirt,Tshirts - Navy Blue - Summer,,100,3,images/giyim/31543.jpg,31543.jpg
Hanes Men Sleeveless V Neck Red Innerwear T-shirt,Innerwear Vests - Red - Summer,,100,3,images/giyim/13613.jpg,13613.jpg
Jockey Women Grey Melange Shorts,Shorts - Grey Melange - Winter,,100,3,images/giyim/27426.jpg,27426.jpg
ADIDAS Women's Black T-shirt,Tshirts - Black - Fall,,100,3,images/giyim/2244.jpg,2244.jpg
Sepia Women Printed Black & Green Tunic,Tunics - Black - Summer,,100,3,images/giyim/33214.jpg,33214.jpg
Scullers Men Price Catch Black Shirts,Shirts - Black - Fall,,100,3,images/giyim/11144.jpg,11144.jpg
Levis Men Maroon Innerwear Vest,Innerwear Vests - Maroon - Summer,,100,3,images/giyim/25371.jpg,25371.jpg
ALayna Women Off White  Kurta,Kurtas - Off White - Summer,,100,3,images/giyim/58719.jpg,58719.jpg
UCB Men's Making Light Pink T-shirt,Tshirts - Pink - Summer,,100,3,images/giyim/6280.jpg,6280.jpg
Tantra Men's Whatever Purple T-shirt,Tshirts - Purple - Fall,,100,3,images/giyim/7352.jpg,7352.jpg
Nike Men's Colors Team India T-shirt,Tshirts - Blue - Fall,,100,3,images/giyim/2620.jpg,2620.jpg
French Connection Men Maroon T-shirt,Tshirts - Maroon - Summer,,100,3,images/giyim/43507.jpg,43507.jpg
BIBA Women Printed Multi Coloured Kurta,Kurtas - Multi - Summer,,100,3,images/giyim/28836.jpg,28836.jpg
Gini and Jony Girls Black Dress,Dresses - Black - Summer,,100,3,images/giyim/31127.jpg,31127.jpg
United Colors of Benetton Women Denim Black Jeans,Jeans - Black - Fall,,100,3,images/giyim/11520.jpg,11520.jpg
Tokyo Talkies Women Pink Top,Tops - Pink - Summer,,100,3,images/giyim/40382.jpg,40382.jpg
Amante White Bra BCSO01,Bra - White - Winter,,100,3,images/giyim/57335.jpg,57335.jpg
Flying Machine Men Solid White Shirts,Shirts - White - Fall,,100,3,images/giyim/14052.jpg,14052.jpg
Puma Men Black T-shirt,Tshirts - Black - Summer,,100,3,images/giyim/53795.jpg,53795.jpg
Aneri Women Blue & Brown Printed Kurta,Kurtas - Blue - Summer,,100,3,images/giyim/39178.jpg,39178.jpg
ONLY Women Brown Shorts,Shorts - Brown - Summer,,100,3,images/giyim/32590.jpg,32590.jpg
Lee Men Solid Blue Shirts,Shirts - Blue - Summer,,100,3,images/giyim/11712.jpg,11712.jpg
Wrangler Women Stella Green Shirt,Shirts - Green - Summer,,100,3,images/giyim/25527.jpg,25527.jpg
Elle Women Green Essentials Top,Tops - Olive - Summer,,100,3,images/giyim/57107.jpg,57107.jpg
Red Rose White & Red Dot Print Bath Robe,Bath Robe - White - Winter,,100,3,images/giyim/52475.jpg,52475.jpg
Aurelia Women Black Kurta,Kurtas - Black - Summer,,100,3,images/giyim/50322.jpg,50322.jpg
Scullers Men Check Red Shirts,Shirts - Red - Fall,,100,3,images/giyim/13879.jpg,13879.jpg
Fusion Beats Women Dark Pink Tunic,Tunics - Pink - Summer,,100,3,images/giyim/46247.jpg,46247.jpg
Scullers For Her Women Fashion Summer Lite Aubergine Tunics,Tunics - Purple - Fall,,100,3,images/giyim/7160.jpg,7160.jpg
Mother Earth Women Printed Maroon Kurta,Kurtas - Maroon - Fall,,100,3,images/giyim/27270.jpg,27270.jpg
Basics Men Orange Polo T-shirt,Tshirts - Orange - Summer,,100,3,images/giyim/12197.jpg,12197.jpg
W Women Brown Kurta,Kurtas - Brown - Summer,,100,3,images/giyim/31315.jpg,31315.jpg
UCB Women's Crystal Benetton Green T-shirt,Tshirts - Green - Summer,,100,3,images/giyim/6274.jpg,6274.jpg
Gini and Jony Girls Pink Capris,Capris - Pink - Summer,,100,3,images/giyim/47153.jpg,47153.jpg
ADIDAS Men Solid Grey Track Pant,Track Pants - Grey - Fall,,100,3,images/giyim/17623.jpg,17623.jpg
Enamor Women Lavender Nightdress,Nightdress - Lime Green - Summer,,100,3,images/giyim/51036.jpg,51036.jpg
Jealous 21 Women Teal Shirt,Shirts - Teal - Summer,,100,3,images/giyim/26958.jpg,26958.jpg
Gini and Jony Kids Boys Check Blue Shirts,Shirts - Blue - Fall,,100,3,images/giyim/13283.jpg,13283.jpg
Classic Polo Men's Grey Red & Brown Stripe T-shirt,Tshirts - Grey - Summer,,100,3,images/giyim/3706.jpg,3706.jpg
John Miller Men Striped Grey Trousers,Trousers - Grey - Summer,,100,3,images/giyim/26164.jpg,26164.jpg
Tokyo Talkies Women Yellow Top,Tops - Yellow - Summer,,100,3,images/giyim/40376.jpg,40376.jpg
United Colors of Benetton Women Solid Grey Dresses,Dresses - Grey - Fall,,100,3,images/giyim/10406.jpg,10406.jpg
Arrow Men Yellow Polo T-shirt,Tshirts - Yellow - Fall,,100,3,images/giyim/15174.jpg,15174.jpg
Puma Men Green and Blue T-shirt,Tshirts - Green - Summer,,100,3,images/giyim/53761.jpg,53761.jpg
United Colors of Benetton Women Purple Shirt,Shirts - Purple - Summer,,100,3,images/giyim/37224.jpg,37224.jpg
ONLY Women Orange Trousers,Trousers - Orange - Summer,,100,3,images/giyim/32564.jpg,32564.jpg
Vishudh Women Brown Printed Kurta,Kurtas - Brown - Summer,,100,3,images/giyim/24401.jpg,24401.jpg
Gini and Jony Girls Pretty Blossom Pink Top,Tops - Pink - Summer,,100,3,images/giyim/40144.jpg,40144.jpg
Peri Peri Women White Bra,Bra - White - Summer,,100,3,images/giyim/59069.jpg,59069.jpg
Nike Men Special Edition 3 Star Beed Black Tshirts,Tshirts - Black - Fall,,100,3,images/giyim/15346.jpg,15346.jpg
Red Rose Pink & Black Nightdress,Baby Dolls - Pink - Winter,,100,3,images/giyim/52481.jpg,52481.jpg
s.Oliver Women Grey Shirt,Shirts - Grey - Fall,,100,3,images/giyim/21173.jpg,21173.jpg
Gini and Jony Boys United Red T-shirt,Tshirts - Red - Summer,,100,3,images/giyim/40978.jpg,40978.jpg
Classic Polo Men Stripes Black Tshirts,Tshirts - Black - Fall,,100,3,images/giyim/14294.jpg,14294.jpg
Little Miss Women Printed Rust T-shirt,Tshirts - Orange - Fall,,100,3,images/giyim/9832.jpg,9832.jpg
Doodle Kids Girls White I love Shopping Top,Tops - White - Fall,,100,3,images/giyim/23624.jpg,23624.jpg
UCB Men Logo Chest Green Shirt,Shirts - Green - Summer,,100,3,images/giyim/6046.jpg,6046.jpg
Allen Solly Kids Girls Poplin Pink Shorts,Shorts - Pink - Summer,,100,3,images/giyim/34693.jpg,34693.jpg
Jealous 21 Women's BFF Printed White Top,Tops - White - Fall,,100,3,images/giyim/7194.jpg,7194.jpg
Enamor Women Peach Bra,Bra - Peach - Summer,,100,3,images/giyim/51204.jpg,51204.jpg
Mother Earth Women Dark Brown Kurta,Kurtas - Brown - Fall,,100,3,images/giyim/27284.jpg,27284.jpg
Aurelia Women Solid Purple Leggings,Leggings - Purple - Fall,,100,3,images/giyim/12163.jpg,12163.jpg
Myntra Women's I Want You Black T-shirt,Tshirts - Black - Summer,,100,3,images/giyim/3534.jpg,3534.jpg
Locomotive Men Checked Green Shirt,Shirts - Green - Fall,,100,3,images/giyim/24065.jpg,24065.jpg
Reebok Men trackpant- male Track Pants,Track Pants - Blue - Fall,,100,3,images/giyim/1607.jpg,1607.jpg
United Colors Of Benetton Women Light Winter Grey T-Shirts,Tshirts - Grey - Fall,,100,3,images/giyim/11382.jpg,11382.jpg
Marvel Comics Men's Comic Poses Navy T-shirt,Tshirts - Navy Blue - Summer,,100,3,images/giyim/4375.jpg,4375.jpg
ADIDAS Women Whalf Striper White Top,Tops - White - Fall,,100,3,images/giyim/22392.jpg,22392.jpg
Aneri Women Ashna Blue Kurta,Kurtas - Blue - Fall,,100,3,images/giyim/23240.jpg,23240.jpg
Lee Women Katie Navy Blue Top,Tops - Navy Blue - Summer,,100,3,images/giyim/31785.jpg,31785.jpg
Flying Machine Women This & That Grey Tshirt,Tshirts - Grey - Fall,,100,3,images/giyim/17849.jpg,17849.jpg
Classic Polo Men Printed Navy Blue T-shirt,Tshirts - Navy Blue - Summer,,100,3,images/giyim/29548.jpg,29548.jpg
Levis Men Check Black Shirts,Shirts - Black - Fall,,100,3,images/giyim/16395.jpg,16395.jpg
Tonga Women White & Pink Top,Tops - White - Summer,,100,3,images/giyim/51452.jpg,51452.jpg
Spykar Men's Stinger Basket Ball Team White Blue Stripes T-shirt,Tshirts - White - Summer,,100,3,images/giyim/6610.jpg,6610.jpg
U.S. Polo Assn. Men Stripes Blue Polo Tshirt,Tshirts - Blue - Fall,,100,3,images/giyim/17247.jpg,17247.jpg
Arrow Men Navy Blue Solid Trousers,Trousers - Navy Blue - Winter,,100,3,images/giyim/23072.jpg,23072.jpg
Myntra Men's Creative designs Black T-shirt,Tshirts - Black - Summer,,100,3,images/giyim/3362.jpg,3362.jpg
Lovable Women All Day Long Black Bra,Bra - Black - Summer,,100,3,images/giyim/30465.jpg,30465.jpg
Indigo Nation Men Reversible Bling Maroon Shirt,Shirts - Maroon - Fall,,100,3,images/giyim/9658.jpg,9658.jpg
Nike Men Grey T-shirt,Tshirts - Grey - Summer,,100,3,images/giyim/38608.jpg,38608.jpg
Puma Men Puma runhard tee Grey Tshirts,Tshirts - Grey - Fall,,100,3,images/giyim/10062.jpg,10062.jpg
Levis Men Navy Blue Briefs,Briefs - Navy Blue - Summer,,100,3,images/giyim/25385.jpg,25385.jpg
Wrangler Men's Greensboro Raw Edge Blue T-shirt,Tshirts - Blue - Summer,,100,3,images/giyim/5095.jpg,5095.jpg
ADIDAS Men Navy Blue Sweatshirt,Sweatshirts - Navy Blue - Fall,,100,3,images/giyim/21725.jpg,21725.jpg
Gini and Jony Boys Check Red Shirt,Shirts - Red - Summer,,100,3,images/giyim/34038.jpg,34038.jpg
Urban Yoga Women Printed Rust T-shirt,Tshirts - Rust - Summer,,100,3,images/giyim/28467.jpg,28467.jpg
Peter England Men Stripes Charcoal Trouser,Trousers - Charcoal - Fall,,100,3,images/giyim/16368.jpg,16368.jpg
Lovable Women Fiona Brown Bra,Bra - Brown - Summer,,100,3,images/giyim/30498.jpg,30498.jpg
Indigo Nation Men Price catch Blue Shirts,Shirts - Blue - Fall,,100,3,images/giyim/8777.jpg,8777.jpg
Levis Men Beige Innerwear T-shirt,Innerwear Vests - Beige - Summer,,100,3,images/giyim/25378.jpg,25378.jpg
ADIDAS Men Bayern Munchen Red Jersey,Tshirts - Red - Summer,,100,3,images/giyim/4986.jpg,4986.jpg
Arrow Woman Blue Shirt,Shirts - Blue - Summer,,100,3,images/giyim/39727.jpg,39727.jpg
DC Comics Lantern Arrow All Over Green T-shirt,Tshirts - Green - Summer,,100,3,images/giyim/4388.jpg,4388.jpg
Mr.Men Men's Mr.Mischief Pink T-shirt,Tshirts - Pink - Summer,,100,3,images/giyim/2843.jpg,2843.jpg
Mr.Men Men's Wave Rider White T-shirt,Tshirts - White - Summer,,100,3,images/giyim/3991.jpg,3991.jpg
Basics Men White T-shirt,Tshirts - White - Summer,,100,3,images/giyim/29787.jpg,29787.jpg
United Colors of Benetton Men Printed White Tshirts,Tshirts - White - Summer,,100,3,images/giyim/13428.jpg,13428.jpg
Campbell Men Pack of 3 Solid Tshirts,Tshirts - Grey - Summer,,100,3,images/giyim/19112.jpg,19112.jpg
ONLY Women Black Top,Tops - Black - Summer,,100,3,images/giyim/32599.jpg,32599.jpg
Aneri Women Pink & White Kurta,Kurtas - Pink - Summer,,100,3,images/giyim/39171.jpg,39171.jpg
French Connection Men White T-shirt,Tshirts - White - Summer,,100,3,images/giyim/57932.jpg,57932.jpg
Gini and Jony Boys United White T-shirt,Tshirts - White - Summer,,100,3,images/giyim/40985.jpg,40985.jpg
Peri Peri Women Black Bra,Bra - Black - Summer,,100,3,images/giyim/59094.jpg,59094.jpg
Scullers Men Scul Navy Blue Shirt,Shirts - Blue - Fall,,100,3,images/giyim/7169.jpg,7169.jpg
Scullers Men Stripes Beige Shirts,Shirts - Beige - Fall,,100,3,images/giyim/13870.jpg,13870.jpg
United Colors of Benetton Women White Top,Tops - White - Summer,,100,3,images/giyim/19576.jpg,19576.jpg
Puma Men's Foundation Grey Polo T-shirt,Tshirts - Grey - Fall,,100,3,images/giyim/7955.jpg,7955.jpg
Mother Earth Women Blue Kurta,Kurtas - Blue - Fall,,100,3,images/giyim/27279.jpg,27279.jpg
Forever New Women Indigo Wash Blue Jacket,Jackets - Blue - Summer,,100,3,images/giyim/6887.jpg,6887.jpg
Scullers For Her Women Printed Navy Blue Shirt,Shirts - Navy Blue - Summer,,100,3,images/giyim/27877.jpg,27877.jpg
Classic Polo Classic Polo Swiss Brown Tee T-Shirt,Tshirts - Brown - Summer,,100,3,images/giyim/6289.jpg,6289.jpg
Jockey ZONE Men Zone White Brief US18,Briefs - White - Summer,,100,3,images/giyim/28003.jpg,28003.jpg
ADIDAS Originals Men Solid Green Jacket,Jackets - Green - Fall,,100,3,images/giyim/19744.jpg,19744.jpg
Hanes Men Black Ultimate Duo Dry Cotton Stretch Bikini Briefs,Briefs - Black - Summer,,100,3,images/giyim/18696.jpg,18696.jpg
United Colors Of Benetton Men Heavy Winter Grey Sweaters,Sweaters - Grey - Fall,,100,3,images/giyim/11529.jpg,11529.jpg
FIFA Mens Essentials Red T-shirt,Tshirts - Red - Winter,,100,3,images/giyim/1890.jpg,1890.jpg
Arrow Sport Men Solid Green Polo Tshirts,Tshirts - Green - Fall,,100,3,images/giyim/15189.jpg,15189.jpg
Aneri Women Khaki Kurta,Kurtas - Khaki - Summer,,100,3,images/giyim/39185.jpg,39185.jpg
Red Rose Red Camisole,Camisoles - Red - Winter,,100,3,images/giyim/52488.jpg,52488.jpg
Global Desi Women Multi Coloured Kurta,Kurtas - Red - Summer,,100,3,images/giyim/59060.jpg,59060.jpg
Disney Kids Girl's Summer Fun Fair Yellow Teen Kidswear,Tshirts - Yellow - Summer,,100,3,images/giyim/4718.jpg,4718.jpg
Aneri Women Multi Coloured Kurti,Kurtis - Multi - Summer,,100,3,images/giyim/56814.jpg,56814.jpg
Scullers Men Check Black Shirts,Shirts - Black - Fall,,100,3,images/giyim/13884.jpg,13884.jpg
United Colors of Benetton Men Printed Grey TShirt,Tshirts - Grey - Summer,,100,3,images/giyim/19582.jpg,19582.jpg
Forever New Women's Top Black Dress,Dresses - Black - Summer,,100,3,images/giyim/6873.jpg,6873.jpg
Jealous 21 Women Printed Teal T-shirt,Tshirts - Teal - Summer,,100,3,images/giyim/26951.jpg,26951.jpg
Scullers For Her Women Pink Shirt,Tshirts - Pink - Summer,,100,3,images/giyim/27883.jpg,27883.jpg
Fabindia Women Blue Kurta,Kurtas - Blue - Summer,,100,3,images/giyim/30834.jpg,30834.jpg
Aurelia Women Brown & Orange Kurta,Kurtas - Brown - Summer,,100,3,images/giyim/42428.jpg,42428.jpg
Reid & Taylor Men Solid Cream Shirts,Shirts - Cream - Fall,,100,3,images/giyim/12358.jpg,12358.jpg
Mark Taylor Men Plain Blue Shirts,Shirts - Blue - Fall,,100,3,images/giyim/9235.jpg,9235.jpg
Puma Men Blue T-shirt,Tshirts - Blue - Summer,,100,3,images/giyim/53768.jpg,53768.jpg
Do u speak Cream Men T-shirt,Tshirts - Cream - Summer,,100,3,images/giyim/54915.jpg,54915.jpg
Chromozome Men Navy Blue Briefs,Briefs - Navy Blue - Summer,,100,3,images/giyim/50589.jpg,50589.jpg
Indigo Nation Men Checks Green Shirts,Shirts - Green - Fall,,100,3,images/giyim/9651.jpg,9651.jpg
Indigo Nation Men Bling PC Red Shirt,Shirts - Red - Fall,,100,3,images/giyim/8783.jpg,8783.jpg
Gini and Jony Boy's Kangaroo Green White Kidswear,Shirts - Green - Summer,,100,3,images/giyim/4972.jpg,4972.jpg
Nike Men Printed Red T-shirt,Tshirts - Red - Summer,,100,3,images/giyim/38601.jpg,38601.jpg
FNF Sea Green Collection For Wedding Sari,Sarees - Sea Green - Fall,,100,3,images/giyim/59636.jpg,59636.jpg
Wrangler Men Rider Striper Polo White T-Shirts,Tshirts - White - Fall,,100,3,images/giyim/10857.jpg,10857.jpg
John Miller Men Reglur Black Trousers,Trousers - Black - Fall,,100,3,images/giyim/10259.jpg,10259.jpg
Tokyo Talkies Women Blue Top,Tops - Blue - Fall,,100,3,images/giyim/59404.jpg,59404.jpg
Jealous 21 Women White Sleeveless Top,Tops - White - Summer,,100,3,images/giyim/3965.jpg,3965.jpg
Wrangler Men Green Striped Shirt,Shirts - Green - Summer,,100,3,images/giyim/29773.jpg,29773.jpg
John Miller Men White Shirt,Shirts - White - Fall,,100,3,images/giyim/9463.jpg,9463.jpg
Wrangler Men Heavy Grey Tshirt,Tshirts - Grey - Fall,,100,3,images/giyim/20251.jpg,20251.jpg
Flying Machine Men Pack of 2 Stripes Red Blue Tshirts,Tshirts - Red - Fall,,100,3,images/giyim/14064.jpg,14064.jpg
Nike Men's Speed Fury Red T-shirt,Tshirts - Red - Summer,,100,3,images/giyim/5433.jpg,5433.jpg
U.S. Polo Assn. Men Striped Blue Shirt,Shirts - Blue - Fall,,100,3,images/giyim/59299.jpg,59299.jpg
Scullers For Her Navy Blue T-shirt,Tshirts - Navy Blue - Summer,,100,3,images/giyim/27848.jpg,27848.jpg
Gini and Jony Boys Solid Black Jeans,Jeans - Black - Summer,,100,3,images/giyim/31111.jpg,31111.jpg
Palm Tree Kids Boys Solid White Jackets,Jackets - White - Fall,,100,3,images/giyim/13241.jpg,13241.jpg
Sushilas Women Printed Green Kurta,Kurtas - Green - Summer,,100,3,images/giyim/54586.jpg,54586.jpg
French Connection Women Off White Top,Tops - Off White - Summer,,100,3,images/giyim/43531.jpg,43531.jpg
109F Blue A-Line Dress,Dresses - Blue - Summer,,100,3,images/giyim/46271.jpg,46271.jpg
Scullers Men Black Check Shirt,Shirts - Black - Fall,,100,3,images/giyim/7156.jpg,7156.jpg
Locomotive Men Printed Brown TShirt,Tshirts - Brown - Fall,,100,3,images/giyim/16501.jpg,16501.jpg
UCB Men's Johny Collar With Two Tone White T-shirt,Tshirts - White - Summer,,100,3,images/giyim/6084.jpg,6084.jpg
United Colors of Benetton Men Solid Grey Sweatshirt,Sweatshirts - Grey - Fall,,100,3,images/giyim/19549.jpg,19549.jpg
Aurelia Women Printed Red Kurta,Kurtas - White - Summer,,100,3,images/giyim/31323.jpg,31323.jpg
Elle Women Teal Top,Tops - Teal - Summer,,100,3,images/giyim/57131.jpg,57131.jpg
Mumbai Slang Women Pink & Black Kurti,Kurtis - Black - Summer,,100,3,images/giyim/40186.jpg,40186.jpg
Femella Women Yellow Dress,Dresses - Yellow - Fall,,100,3,images/giyim/59897.jpg,59897.jpg
Lee Women Check Red Shirts,Shirts - Red - Fall,,100,3,images/giyim/11724.jpg,11724.jpg
Red Rose White & Green Nightdress,Nightdress - Green - Winter,,100,3,images/giyim/52443.jpg,52443.jpg
Proline Men Cream-Coloured Polo T-Shirt,Tshirts - Cream - Summer,,100,3,images/giyim/34235.jpg,34235.jpg
Nike Men's Encourage Blue T-shirt,Tshirts - Blue - Summer,,100,3,images/giyim/7532.jpg,7532.jpg
John Players Men Check Blue Shirt,Shirts - Blue - Fall,,100,3,images/giyim/22350.jpg,22350.jpg
ADIDAS Mens Fire White Polo T-shirt,Tshirts - White - Fall,,100,3,images/giyim/2040.jpg,2040.jpg
United Colors of Benetton Men Solid Blue Shirts,Shirts - Blue - Summer,,100,3,images/giyim/13417.jpg,13417.jpg
Scullers Men Grey Trousers,Trousers - Grey - Summer,,100,3,images/giyim/27622.jpg,27622.jpg
Tantra Men's Prism Black T-shirt,Tshirts - Black - Summer,,100,3,images/giyim/3192.jpg,3192.jpg
Lee Men Blue Chicago Fit Jeans,Jeans - Blue - Summer,,100,3,images/giyim/11340.jpg,11340.jpg
Just Natural Unisex Navy Blue Rain Jacket,Rain Jacket - Navy Blue - Summer,,100,3,images/giyim/52027.jpg,52027.jpg
Jack & Jones Men Dino White T-shirt,Tshirts - White - Summer,,100,3,images/giyim/36562.jpg,36562.jpg
Scullers Men Stripes Red Sweaters,Sweaters - Red - Fall,,100,3,images/giyim/11172.jpg,11172.jpg
Levi's Men White Brief,Briefs - White - Summer,,100,3,images/giyim/25347.jpg,25347.jpg
Arrow Woman Beige Top,Tops - Beige - Summer,,100,3,images/giyim/39718.jpg,39718.jpg
Basics Men Navy Shirt,Shirts - Navy Blue - Summer,,100,3,images/giyim/41602.jpg,41602.jpg
Sepia Women Brown Tunic,Tunics - Brown - Summer,,100,3,images/giyim/33222.jpg,33222.jpg
Little Miss Girls Chatterbox Navy Blue Dress,Dresses - Navy Blue - Summer,,100,3,images/giyim/36750.jpg,36750.jpg
Gini and Jony Girls Pink Top,Tops - Pink - Summer,,100,3,images/giyim/34007.jpg,34007.jpg
Chromozome Men Red Briefs,Briefs - Red - Summer,,100,3,images/giyim/50542.jpg,50542.jpg
U.S. Polo Assn. Men Solid Black  polo Tshirt,Tshirts - Black - Fall,,100,3,images/giyim/17285.jpg,17285.jpg
Urban Yoga Women Blue Capris,Capris - Blue - Summer,,100,3,images/giyim/28458.jpg,28458.jpg
Peter England Men Stripes Blue Shirt,Shirts - Blue - Fall,,100,3,images/giyim/16357.jpg,16357.jpg
Jealous 21 Women's All Girls Dying Jealousy Pink Top,Tops - Pink - Fall,,100,3,images/giyim/7700.jpg,7700.jpg
Jockey Women Assorted Lounge Pants,Lounge Pants - Multi - Summer,,100,3,images/giyim/27410.jpg,27410.jpg
Nike Mens Blue Polo T-shirt,Tshirts - Blue - Fall,,100,3,images/giyim/2272.jpg,2272.jpg
Indigo Nation Men Plain Orange Shirts,Shirts - Orange - Fall,,100,3,images/giyim/8748.jpg,8748.jpg
Puma Men Graphic White TShirt,Tshirts - White - Fall,,100,3,images/giyim/16191.jpg,16191.jpg
Puma Women Solid Pink Sweatshirts,Sweatshirts - Pink - Fall,,100,3,images/giyim/12531.jpg,12531.jpg
Sepia Women Purple Top,Tops - Purple - Summer,,100,3,images/giyim/42241.jpg,42241.jpg
Locomotive Men Printed Charcoal T-shirt,Tshirts - Charcoal - Fall,,100,3,images/giyim/24053.jpg,24053.jpg
Reebok Kids Kkr Boy's Premium Blue Jerseys,Tshirts - Blue - Summer,,100,3,images/giyim/10054.jpg,10054.jpg
FNF Khaki Collection for Wedding Sari,Sarees - Khaki - Fall,,100,3,images/giyim/59609.jpg,59609.jpg
U.S. Polo Assn. Men Stripes DK.Grey Polo Tshirt,Tshirts - Grey - Fall,,100,3,images/giyim/17271.jpg,17271.jpg
Arrow Woman Brown Jeggings,Leggings - Brown - Fall,,100,3,images/giyim/23044.jpg,23044.jpg
Tonga Women Olive Top,Tops - Olive - Summer,,100,3,images/giyim/51464.jpg,51464.jpg
Deni Yo Men White Jeans,Jeans - White - Summer,,100,3,images/giyim/30453.jpg,30453.jpg
Nike Men Black Sweatshirt,Sweatshirts - Black - Fall,,100,3,images/giyim/2286.jpg,2286.jpg
Mark Taylor Men Printed Blue T-shirt,Tshirts - Blue - Summer,,100,3,images/giyim/31581.jpg,31581.jpg
Myntra Men's I Give 100 Percent Work White T-shirt,Tshirts - White - Summer,,100,3,images/giyim/3354.jpg,3354.jpg
Vishudh Women Pink Churidar Kurta with Dupatta,Kurta Sets - Pink - Fall,,100,3,images/giyim/24605.jpg,24605.jpg
Flying Machine Men Ydc Blue Shirts,Shirts - Blue - Fall,,100,3,images/giyim/10430.jpg,10430.jpg
SDL by Sweet Dreams Men Black & Grey Pyjama Set,Night suits - Black - Summer,,100,3,images/giyim/56225.jpg,56225.jpg
Peter England Men Black Jeans,Jeans - Black - Summer,,100,3,images/giyim/39388.jpg,39388.jpg
Flying Machine Men Stripes Blue Polo Tshirts,Tshirts - Blue - Fall,,100,3,images/giyim/14090.jpg,14090.jpg
United Colors of Benetton Men Pink Shirt,Shirts - Pink - Summer,,100,3,images/giyim/37212.jpg,37212.jpg
Park Avenue Men Grey Melange Briefs,Briefs - Grey Melange - Summer,,100,3,images/giyim/45632.jpg,45632.jpg
Enamor Maroon Bra FB06,Bra - Maroon - Summer,,100,3,images/giyim/51000.jpg,51000.jpg
Lee Women's Rihana Purple T-shirt,Tshirts - Purple - Summer,,100,3,images/giyim/6242.jpg,6242.jpg
Doodle Boys living Upto White Tshirt,Tshirts - White - Fall,,100,3,images/giyim/17615.jpg,17615.jpg
CSK Mens Fangear Yellow Jersey,Tshirts - Yellow - Summer,,100,3,images/giyim/3730.jpg,3730.jpg
John Miller Men Striped Grey Trousers,Trousers - Grey - Summer,,100,3,images/giyim/26152.jpg,26152.jpg
Reid & Taylor Men White Shirt,Shirts - White - Fall,,100,3,images/giyim/12367.jpg,12367.jpg
Sushilas Women Multi Coloured Kurta,Kurtas - Pink - Summer,,100,3,images/giyim/54572.jpg,54572.jpg
109F Women Multi Coloured Dress,Dresses - Multi - Summer,,100,3,images/giyim/46285.jpg,46285.jpg
Satya Paul Women Green Printed Kaftan,Kurtas - Green - Fall,,100,3,images/giyim/51232.jpg,51232.jpg
John Miller Men Black Checks Shirts,Shirts - Black - Fall,,100,3,images/giyim/9804.jpg,9804.jpg
UCB Women's Young Pigment Blue T-shirt,Tshirts - Blue - Summer,,100,3,images/giyim/6070.jpg,6070.jpg
Arrow Woman Grey T-shirt,Tshirts - Grey - Summer,,100,3,images/giyim/26360.jpg,26360.jpg
Aurelia Women Solid Beige Leggings,Leggings - Beige - Fall,,100,3,images/giyim/12155.jpg,12155.jpg
ADIDAS Women's Black T-shirt,Tshirts - Black - Fall,,100,3,images/giyim/3502.jpg,3502.jpg
Nike Men Football Soccer Red Jerseys,Tshirts - Red - Fall,,100,3,images/giyim/10602.jpg,10602.jpg
Diva Women Printed White Kurta,Kurtas - White - Fall,,100,3,images/giyim/20097.jpg,20097.jpg
Urban Yoga Women Solid Pink Sweatshirts,Sweatshirts - Pink - Fall,,100,3,images/giyim/15370.jpg,15370.jpg
s.Oliver Women Printed Black Shirt,Shirts - Black - Fall,,100,3,images/giyim/21145.jpg,21145.jpg
Disney Kids Boy's Regatta Annual Blue Teen Kidswear,Tshirts - Blue - Summer,,100,3,images/giyim/4727.jpg,4727.jpg
Reebok Women Boat-Neck Wildberry Sweatshirt,Sweatshirts - Pink - Fall,,100,3,images/giyim/1609.jpg,1609.jpg
Tokyo Talkies Women White T-shirt,Tshirts - White - Fall,,100,3,images/giyim/59403.jpg,59403.jpg
Wrangler Men Purple Striped Shirt,Shirts - Purple - Summer,,100,3,images/giyim/29774.jpg,29774.jpg
Jealous 21 Women Black Shimmery Falling Neck Top,Tops - Black - Summer,,100,3,images/giyim/3962.jpg,3962.jpg
John Miller Men  White Shirt,Shirts - White - Fall,,100,3,images/giyim/9464.jpg,9464.jpg
U.S. Polo Assn. Men Printed Limoges Blue Tshirt,Tshirts - Blue - Fall,,100,3,images/giyim/17249.jpg,17249.jpg
Classic Polo Men Black T-shirt,Tshirts - Black - Summer,,100,3,images/giyim/29546.jpg,29546.jpg
Indigo Nation Men Bling Technification Red Black Shirts,Shirts - Maroon - Fall,,100,3,images/giyim/9656.jpg,9656.jpg
Nike Men Casual Olive Jacket,Jackets - Olive - Fall,,100,3,images/giyim/18201.jpg,18201.jpg
Gini and Jony Boy's Kent Pack of 3 Tee Kidswear,Tshirts - Red - Summer,,100,3,images/giyim/4975.jpg,4975.jpg
Nike Men Printed Boxed White T-shirt,Tshirts - White - Summer,,100,3,images/giyim/38606.jpg,38606.jpg
FNF Red & Gold Collection for Wedding Sari,Sarees - Red - Fall,,100,3,images/giyim/59631.jpg,59631.jpg
Wrangler Men Famous Filafil Blue T-Shirts,Tshirts - Blue - Fall,,100,3,images/giyim/10850.jpg,10850.jpg
Jealous 21 Women Black Top,Tops - Black - Summer,,100,3,images/giyim/26956.jpg,26956.jpg
Enamor Women Lupine Coloured Briefs,Briefs - Lavender - Summer,,100,3,images/giyim/51038.jpg,51038.jpg
Fabindia Women Beige Kurta,Kurtas - Beige - Summer,,100,3,images/giyim/30833.jpg,30833.jpg
Scullers For Her Blue Shirt,Shirts - Blue - Summer,,100,3,images/giyim/27884.jpg,27884.jpg
Classic Polo Men's Navy Grey Stripe T-shirt,Tshirts - Navy Blue - Summer,,100,3,images/giyim/3708.jpg,3708.jpg
United Colors of Benetton Women Solid Black Tops,Tops - Black - Fall,,100,3,images/giyim/10408.jpg,10408.jpg
Inkfruit Men Night Wolf T-shirt,Tshirts - Black - Summer,,100,3,images/giyim/1863.jpg,1863.jpg
Aneri Women Magenta & Black Kurta,Kurtas - Magenta - Summer,,100,3,images/giyim/39182.jpg,39182.jpg
Allen Solly Woman Cream Top,Tops - Cream - Summer,,100,3,images/giyim/41098.jpg,41098.jpg
Aneri Women Multi Coloured Kurti,Kurtis - Multi - Summer,,100,3,images/giyim/56813.jpg,56813.jpg
Peri Peri Women Black Bra,Bra - Black - Summer,,100,3,images/giyim/59067.jpg,59067.jpg
Nike Men Special Edition 3 Star Polo Black Tshirts,Tshirts - Black - Fall,,100,3,images/giyim/15348.jpg,15348.jpg
Basics Men Blue Slim Fit Checked Shirt,Shirts - Blue - Fall,,100,3,images/giyim/12951.jpg,12951.jpg
UCB Men Ben Logo Black Shirt,Shirts - Black - Summer,,100,3,images/giyim/6048.jpg,6048.jpg
Scullers Men Check Purple Shirts,Shirts - Purple - Fall,,100,3,images/giyim/13883.jpg,13883.jpg
United Colors of Benetton Women Solid Blue Top,Tops - Blue - Summer,,100,3,images/giyim/19585.jpg,19585.jpg
Forever New Women Pink Sleeveless Dress,Dresses - Pink - Summer,,100,3,images/giyim/6874.jpg,6874.jpg
Jockey ZONE Men Black Modern Trunks US19,Trunk - Black - Summer,,100,3,images/giyim/28004.jpg,28004.jpg
Scullers For Her Women White Striped Shirt,Shirts - White - Fall,,100,3,images/giyim/27870.jpg,27870.jpg
Locomotive Men Check Lafayette Blue Shirts,Shirts - Blue - Summer,,100,3,images/giyim/8314.jpg,8314.jpg
Giny and Jony Girls Printed White & Pink Dress,Dresses - Magenta - Summer,,100,3,images/giyim/31129.jpg,31129.jpg
French Connection Women Grey Melange Dress,Dresses - Grey Melange - Summer,,100,3,images/giyim/43509.jpg,43509.jpg
Hanes Men Black Modern Duo Dry Cotton Stretch Trunks,Trunk - Black - Summer,,100,3,images/giyim/18691.jpg,18691.jpg
Mr. Men Green T-shirt,Tshirts - Green - Fall,,100,3,images/giyim/39344.jpg,39344.jpg
FIFA Men Germany Blue Jersey,Tshirts - Blue - Winter,,100,3,images/giyim/1897.jpg,1897.jpg
Elle Women Blue Tunic,Tunics - Blue - Summer,,100,3,images/giyim/57109.jpg,57109.jpg
Wrangler Men Griffith White Shirt,Shirts - White - Summer,,100,3,images/giyim/25529.jpg,25529.jpg
Aneri Women Purple Kurta,Kurtas - Purple - Summer,,100,3,images/giyim/39176.jpg,39176.jpg
Gini and Jony Boys Core White T-shirt,Tshirts - White - Summer,,100,3,images/giyim/40982.jpg,40982.jpg
Peri Peri Women White Bra,Bra - White - Summer,,100,3,images/giyim/59093.jpg,59093.jpg
Basics Men White Slim Fit Striped Shirt,Shirts - White - Fall,,100,3,images/giyim/16539.jpg,16539.jpg
Fusion Beats Women Dark Pink Tunic,Tunics - Pink - Summer,,100,3,images/giyim/46249.jpg,46249.jpg
Scullers Men Solid Maroon Shirts,Shirts - Maroon - Fall,,100,3,images/giyim/13877.jpg,13877.jpg
United Colors of Benetton Men Printed Black TShirt,Tshirts - Black - Summer,,100,3,images/giyim/19571.jpg,19571.jpg
Basics Men Blue Polo T-shirt,Tshirts - Blue - Summer,,100,3,images/giyim/12199.jpg,12199.jpg
Puma Men's Knit Polo Black  Polo T-shirt,Tshirts - Black - Fall,,100,3,images/giyim/7952.jpg,7952.jpg
Forever New Women Long Black Jacket,Jackets - Black - Summer,,100,3,images/giyim/6880.jpg,6880.jpg
United Colors of Benetton Men Summer White Shirts,Shirts - White - Fall,,100,3,images/giyim/11378.jpg,11378.jpg
Wrangler Women Red Stay Gold Tee Top,Tops - Red - Summer,,100,3,images/giyim/41408.jpg,41408.jpg
Mother Earth Women Printed Blue Kurta,Kurtas - Blue - Summer,,100,3,images/giyim/33028.jpg,33028.jpg
Femella Women Black Dress,Dresses - Black - Summer,,100,3,images/giyim/25971.jpg,25971.jpg
Mr.Men Men's Mr.Busy Navy T-shirt,Tshirts - Navy Blue - Summer,,100,3,images/giyim/2844.jpg,2844.jpg
Basics Men Black Trousers,Trousers - Black - Summer,,100,3,images/giyim/29780.jpg,29780.jpg
Ed Hardy Men Diving Dragon Peach T-Shirt,Tshirts - Peach - Fall,,100,3,images/giyim/22368.jpg,22368.jpg
ADIDAS Women Fitted Black T-shirt,Tshirts - Black - Fall,,100,3,images/giyim/2078.jpg,2078.jpg
Campbell Men Pack of 3 Solid Tshirts,Tshirts - White - Summer,,100,3,images/giyim/19115.jpg,19115.jpg
Urban Yoga Women Pink Shorts,Shorts - Pink - Summer,,100,3,images/giyim/28460.jpg,28460.jpg
Arrow Sport Men Dk.Grey Brown Trousers,Trousers - Grey - Fall,,100,3,images/giyim/23088.jpg,23088.jpg
Jockey Women Black V-neck T-Shirt,Tshirts - Black - Fall,,100,3,images/giyim/27428.jpg,27428.jpg
Myntra Men Solid Blue Sweatshirt,Sweatshirts - Navy Blue - Fall,,100,3,images/giyim/19327.jpg,19327.jpg
Arrow Woman Olive Jumpsuit,Jumpsuit - Olive - Summer,,100,3,images/giyim/39720.jpg,39720.jpg
Indian Terrain Men Brown Check Shirt,Shirts - Brown - Summer,,100,3,images/giyim/44348.jpg,44348.jpg
109F Women Yellow Tunic,Tunics - Yellow - Summer,,100,3,images/giyim/46282.jpg,46282.jpg
Scullers For Her Women Scullers Top Navy Blue Tops,Tunics - Navy Blue - Fall,,100,3,images/giyim/9803.jpg,9803.jpg
Aurelia Women Printed Purple Kurti,Kurtis - Purple - Fall,,100,3,images/giyim/12152.jpg,12152.jpg
Arrow Woman Lavender Shirt,Shirts - Lavender - Summer,,100,3,images/giyim/26367.jpg,26367.jpg
Doodle Kids Boy Check Red Shirt,Shirts - Red - Summer,,100,3,images/giyim/33487.jpg,33487.jpg
Gini and Jony Boys Around the World White T-shirt,Tshirts - White - Summer,,100,3,images/giyim/40949.jpg,40949.jpg
Disney Kids Girl's Fun In The Fair Yellow Teen Kidswear,Tshirts - Yellow - Summer,,100,3,images/giyim/4720.jpg,4720.jpg
s.Oliver Women Grey Top,Tops - Grey - Fall,,100,3,images/giyim/21142.jpg,21142.jpg
Global Desi Women Black Kurti,Kurtis - Black - Summer,,100,3,images/giyim/59058.jpg,59058.jpg
Flying Machine Men HS Green Shirts,Shirts - Green - Fall,,100,3,images/giyim/10437.jpg,10437.jpg
BIba Women Blue Printed Kurta,Kurtas - Blue - Fall,,100,3,images/giyim/24602.jpg,24602.jpg
John Miller Men Striped White Shirt,Shirts - White - Summer,,100,3,images/giyim/32767.jpg,32767.jpg
SDL by Sweet Dreams Men Blue & Grey Pyjama Set,Night suits - Blue - Summer,,100,3,images/giyim/56222.jpg,56222.jpg
United Colors of Benetton Men Grey Shirt,Shirts - Grey - Summer,,100,3,images/giyim/37215.jpg,37215.jpg
Flying Machine Men Blue Polo Tshirts,Tshirts - Blue - Fall,,100,3,images/giyim/14097.jpg,14097.jpg
ADIDAS Women Dark Grey Track Pant,Track Pants - Grey - Summer,,100,3,images/giyim/53750.jpg,53750.jpg
Arrow Sport Men Printed Navy Blue Shirts,Shirts - Navy Blue - Fall,,100,3,images/giyim/15145.jpg,15145.jpg
Park Avenue Men White Briefs FB003,Briefs - White - Summer,,100,3,images/giyim/45635.jpg,45635.jpg
Jealous 21 Women Printed White & Blue Top,Tops - White - Summer,,100,3,images/giyim/26969.jpg,26969.jpg
Enamor Black Full Figure Bra,Bra - Black - Summer,,100,3,images/giyim/51007.jpg,51007.jpg
Doodle Cute Girls  Grey Tshirt,Tshirts - Grey - Fall,,100,3,images/giyim/17612.jpg,17612.jpg
UCB Men's Contrast Logo Grey T-shirt,Tshirts - Grey - Summer,,100,3,images/giyim/6245.jpg,6245.jpg
U.S. Polo Assn. Men Solid Green Tshirt,Tshirts - Green - Winter,,100,3,images/giyim/19788.jpg,19788.jpg
Reid & Taylor Men Solid Black Shirts,Shirts - Black - Fall,,100,3,images/giyim/12360.jpg,12360.jpg
John Miller Men Striped Grey Trousers,Trousers - Grey - Summer,,100,3,images/giyim/26155.jpg,26155.jpg
Basics Men White Hip Brief,Briefs - White - Summer,,100,3,images/giyim/42410.jpg,42410.jpg
Aneri Women Egyptian Black Kurta,Kurtas - Black - Summer,,100,3,images/giyim/27087.jpg,27087.jpg
Sushilas Women Printed Maroon Kurta,Kurtas - Maroon - Summer,,100,3,images/giyim/54575.jpg,54575.jpg
Mumbai Slang Women White Kurti,Kurtis - White - Fall,,100,3,images/giyim/56646.jpg,56646.jpg
Gini And Jony Vini Romper Pink T-Shirts,Tshirts - Pink - Summer,,100,3,images/giyim/10053.jpg,10053.jpg
Quiksilver Men Red T-shirt,Tshirts - Red - Summer,,100,3,images/giyim/24266.jpg,24266.jpg
Nike Men Blue Cricket Blue Polo Tshirt,Tshirts - Blue - Summer,,100,3,images/giyim/38639.jpg,38639.jpg
Arrow Woman Blue Jeggings,Leggings - Blue - Fall,,100,3,images/giyim/23043.jpg,23043.jpg
U.S. Polo Assn. Men Printed Mustard Tshirt,Tshirts - Mustard - Fall,,100,3,images/giyim/17276.jpg,17276.jpg
Facit Men Blue Innerwear Vest,Innerwear Vests - Blue - Summer,,100,3,images/giyim/47506.jpg,47506.jpg
Tonga Women Black Top,Tops - Black - Summer,,100,3,images/giyim/51463.jpg,51463.jpg
Indigo Nation Men Checks Blue Shirts,Shirts - Blue - Fall,,100,3,images/giyim/9669.jpg,9669.jpg
Mark Taylor Men Printed Yellow T-shirt,Tshirts - Yellow - Summer,,100,3,images/giyim/31586.jpg,31586.jpg
Myntra Men's I am a nice guy Navy Blue T-shirt,Tshirts - Blue - Summer,,100,3,images/giyim/3353.jpg,3353.jpg
W Women Printed  Light Pink Kurta,Kurtas - Pink - Summer,,100,3,images/giyim/28699.jpg,28699.jpg
Puma Men Heroes Red Jackets,Jackets - Red - Fall,,100,3,images/giyim/16196.jpg,16196.jpg
Levis Men Comfort Style Maroon Innerwear Vest,Innerwear Vests - Maroon - Summer,,100,3,images/giyim/17878.jpg,17878.jpg
Scullers Men Scul Blue Shirts,Shirts - Blue - Fall,,100,3,images/giyim/8589.jpg,8589.jpg
Puma Women Solid Black Sweatshirts,Sweatshirts - Black - Fall,,100,3,images/giyim/12536.jpg,12536.jpg
John Miller Men Slim Brown Trousers,Trousers - Brown - Fall,,100,3,images/giyim/10261.jpg,10261.jpg
Locomotive Men Printed Blue T-shirt,Tshirts - Blue - Fall,,100,3,images/giyim/24054.jpg,24054.jpg
Basics Men Grey Shirt,Shirts - Grey - Fall,,100,3,images/giyim/41605.jpg,41605.jpg
Levis Men Beige Boxer Trunks,Trunk - Beige - Summer,,100,3,images/giyim/25340.jpg,25340.jpg
Scullers Men Stripes White Sweaters,Sweaters - White - Fall,,100,3,images/giyim/11175.jpg,11175.jpg
Sepia Women Pink Dress,Dresses - Pink - Summer,,100,3,images/giyim/33225.jpg,33225.jpg
Puma Women Pink T-shirt,Tshirts - Pink - Summer,,100,3,images/giyim/58728.jpg,58728.jpg
Chromozome Men Pack of Two Briefs,Briefs - Black - Summer,,100,3,images/giyim/50545.jpg,50545.jpg
U.S. Polo Assn. Men Printed Black Tshirt,Tshirts - Black - Fall,,100,3,images/giyim/17282.jpg,17282.jpg
Femella Women Black Top,Tops - Black - Summer,,100,3,images/giyim/34000.jpg,34000.jpg
Jealous 21 Women's Abbie Black Jegging,Jeans - Black - Fall,,100,3,images/giyim/7707.jpg,7707.jpg
Peter England Men Stripes Cream Shirt,Shirts - Cream - Fall,,100,3,images/giyim/16350.jpg,16350.jpg
Denizen Women Navy Blue Jeans,Jeans - Navy Blue - Summer,,100,3,images/giyim/51497.jpg,51497.jpg
Nike Mens Challenger Graphic White T-shirt,Tshirts - White - Fall,,100,3,images/giyim/2275.jpg,2275.jpg
Jockey Women Blue Relaxed Capris,Capris - Blue - Winter,,100,3,images/giyim/27417.jpg,27417.jpg
Proline Men Grey T-shirt,Tshirts - Grey - Summer,,100,3,images/giyim/34232.jpg,34232.jpg
John Players Men Solid Black Shirt,Shirts - Black - Fall,,100,3,images/giyim/22357.jpg,22357.jpg
Nike Men's Blue Polo T-shirt,Tshirts - Blue - Summer,,100,3,images/giyim/7535.jpg,7535.jpg
Scullers Men Grey Shorts,Shorts - Grey - Summer,,100,3,images/giyim/27625.jpg,27625.jpg
United Colors of Benetton Men Solid Blue Shirts,Shirts - Blue - Summer,,100,3,images/giyim/13410.jpg,13410.jpg
ADIDAS Men's Navy Blue T-shirt,Tshirts - Navy Blue - Fall,,100,3,images/giyim/2047.jpg,2047.jpg
Lee Men Elvira Rinse Blue Chicago Fit Jeans,Jeans - Blue - Summer,,100,3,images/giyim/11347.jpg,11347.jpg
Mother Earth Women Striped Green Kurta,Kurtas - Green - Summer,,100,3,images/giyim/33017.jpg,33017.jpg
Bwitch Pink Ruby Bra,Bra - Pink - Winter,,100,3,images/giyim/45097.jpg,45097.jpg
Locomotive Men Washed Blue Jeans,Jeans - Blue - Fall,,100,3,images/giyim/16506.jpg,16506.jpg
Scullers For Her Women Rivited Check Black Shirts,Shirts - Black - Fall,,100,3,images/giyim/7151.jpg,7151.jpg
109F Women Cream Printed Top,Tops - Cream - Summer,,100,3,images/giyim/46276.jpg,46276.jpg
United Colors of Benetton Men Solid Blue Polo Tshirts,Tshirts - Blue - Fall,,100,3,images/giyim/13848.jpg,13848.jpg
UCB Women's Halftone Print Pink T-shirt,Tshirts - Pink - Summer,,100,3,images/giyim/6083.jpg,6083.jpg
Aurelia Women Printed Blue Kurta,Kurtas - Blue - Summer,,100,3,images/giyim/31324.jpg,31324.jpg
Elle Women Black Trousers,Trousers - Black - Summer,,100,3,images/giyim/57136.jpg,57136.jpg
Doodle Kids Boys Airfeild Red T-Shirt,Tshirts - Red - Fall,,100,3,images/giyim/25516.jpg,25516.jpg
Aneri Women Red Kurtas,Kurtas - Red - Summer,,100,3,images/giyim/39149.jpg,39149.jpg
Femella Women Multi Coloured Tunic,Tunics - Multi - Fall,,100,3,images/giyim/59890.jpg,59890.jpg
Red Rose White & Purple Nightdress,Nightdress - Purple - Winter,,100,3,images/giyim/52444.jpg,52444.jpg
Nike Men's Kill Man Red T-shirt,Tshirts - Red - Summer,,100,3,images/giyim/5434.jpg,5434.jpg
Flying Machine Men Solid Blue Polo Tshirts,Tshirts - Blue - Fall,,100,3,images/giyim/14063.jpg,14063.jpg
Wrangler Men Wing Green T-shirt,Tshirts - Green - Fall,,100,3,images/giyim/20256.jpg,20256.jpg
Gini and Jony Boys Grey Shorts,Shorts - Grey - Summer,,100,3,images/giyim/31116.jpg,31116.jpg
French Connection Women Peach Top,Tops - Peach - Summer,,100,3,images/giyim/43536.jpg,43536.jpg
Denizen Men Check Brown Shirt,Shirts - Brown - Summer,,100,3,images/giyim/28807.jpg,28807.jpg
Palm Tree Kids Boy Washed Blue Jeans,Jeans - Blue - Fall,,100,3,images/giyim/13246.jpg,13246.jpg
Sushilas Women Printed Green Kurta,Kurtas - Green - Summer,,100,3,images/giyim/54581.jpg,54581.jpg
Status Quo Men's London Icon Grey T-shirt,Tshirts - Grey - Summer,,100,3,images/giyim/3763.jpg,3763.jpg
John Miller Men Striped White Shirt,Shirts - White - Summer,,100,3,images/giyim/26101.jpg,26101.jpg
Mark Taylor Men Blue Striped Shirt,Shirts - Blue - Fall,,100,3,images/giyim/9259.jpg,9259.jpg
Highlander Men Stripes Navy Blue Shirt,Shirts - Navy Blue - Fall,,100,3,images/giyim/16794.jpg,16794.jpg
Enamor Women Green Bikini Brief,Briefs - Green - Summer,,100,3,images/giyim/51053.jpg,51053.jpg
UCB Women's Print Boat Blue Top,Tshirts - Blue - Summer,,100,3,images/giyim/6211.jpg,6211.jpg
Fabindia Women Striped Black Kurta,Kurtas - Black - Summer,,100,3,images/giyim/30858.jpg,30858.jpg
Mr.Men Men's Charcoal Polo T-shirt,Tshirts - Grey - Summer,,100,3,images/giyim/5494.jpg,5494.jpg
Park Avenue Men Grey Melange Square Neck Vest,Innerwear Vests - Grey Melange - Summer,,100,3,images/giyim/45661.jpg,45661.jpg
Arrow Men Stripes Coffee Brown Trousers,Trousers - Coffee Brown - Fall,,100,3,images/giyim/15111.jpg,15111.jpg
Flying Machine Men Grey Polo Tshirts,Tshirts - Grey - Fall,,100,3,images/giyim/10463.jpg,10463.jpg
Arrow Men Light Brown Suspenders,Suspenders - Brown - Summer,,100,3,images/giyim/25784.jpg,25784.jpg
Biara Women Skin Bra,Bra - Skin - Summer,,100,3,images/giyim/56276.jpg,56276.jpg
Lee Rinse Navy Blue Slim Fit Jeans,Jeans - Navy Blue - Summer,,100,3,images/giyim/44581.jpg,44581.jpg
Amante Women Pack of 3 Assorted Briefs PFCP11,Briefs - Multi - Winter,,100,3,images/giyim/53536.jpg,53536.jpg
s.Oliver Women Faded Lilac Top,Tops - Lavender - Fall,,100,3,images/giyim/21116.jpg,21116.jpg
Nike Men Solid Grey Jacket,Jackets - Grey - Fall,,100,3,images/giyim/15323.jpg,15323.jpg
ADIDAS Women 3S Pink Track Pants,Track Pants - Pink - Summer,,100,3,images/giyim/4774.jpg,4774.jpg
Elle Women Red Tunic,Tunics - Red - Summer,,100,3,images/giyim/57196.jpg,57196.jpg
Scullers Men Black Shirt,Shirts - Black - Summer,,100,3,images/giyim/32501.jpg,32501.jpg
Lee Men Printed Grey Tshirts,Tshirts - Grey - Summer,,100,3,images/giyim/11783.jpg,11783.jpg
W Women Printed White Kurtis,Kurtis - White - Fall,,100,3,images/giyim/12106.jpg,12106.jpg
Alma Women Black Kurta,Kurtas - Black - Summer,,100,3,images/giyim/42676.jpg,42676.jpg
Puma Women Spagetti Dahlia Purple Top,Tops - Purple - Fall,,100,3,images/giyim/2483.jpg,2483.jpg
Shree Women Cream-Coloured & Pink Printed Salwar Suit with Dupatta,Kurta Sets - Cream - Fall,,100,3,images/giyim/54713.jpg,54713.jpg
Status Quo Men Green Polo Tshirts,Tshirts - Green - Fall,,100,3,images/giyim/9857.jpg,9857.jpg
UCB Men's Johny Collar With Two Tone Green T-shirt,Tshirts - Green - Summer,,100,3,images/giyim/6023.jpg,6023.jpg
Angry Birds Men Purple T-shirt,Tshirts - Purple - Summer,,100,3,images/giyim/32959.jpg,32959.jpg
Myntra Men Navy Blue T-shirt,Tshirts - Navy Blue - Summer,,100,3,images/giyim/52080.jpg,52080.jpg
Tantra Kid's Unisex Papa's Joy Green Kidswear,Tshirts - Green - Summer,,100,3,images/giyim/4310.jpg,4310.jpg
Mark Taylor Men Brown Shirt,Shirts - Brown - Summer,,100,3,images/giyim/53152.jpg,53152.jpg
Basics Men Black Trousers,Trousers - Black - Fall,,100,3,images/giyim/14695.jpg,14695.jpg
Biara Women White Bra,Bra - White - Winter,,100,3,images/giyim/56420.jpg,56420.jpg
Nike Men Blue Windrunner Jacket,Jackets - Navy Blue - Fall,,100,3,images/giyim/1662.jpg,1662.jpg
Nike Men Challenger Spiked Yellowish Green T-shirt,Tshirts - Yellow - Summer,,100,3,images/giyim/30632.jpg,30632.jpg
Sepia Women Pink Tunic,Tunics - Pink - Summer,,100,3,images/giyim/42212.jpg,42212.jpg
Aneri Women Tibett Pink Kurta,Kurtas - Pink - Fall,,100,3,images/giyim/23225.jpg,23225.jpg
Puma Men Sports Division Black Sweatshirt,Sweatshirts - Black - Fall,,100,3,images/giyim/18864.jpg,18864.jpg
Fabindia Women Multi Coloured Chanderi Dupatta,Dupatta - Multi - Summer,,100,3,images/giyim/34292.jpg,34292.jpg
Urban Yoga Women Yoga Red Capri,Capris - Red - Summer,,100,3,images/giyim/3909.jpg,3909.jpg
Kraus Jeans Women Black Trousers,Trousers - Black - Fall,,100,3,images/giyim/51605.jpg,51605.jpg
Femella Women White Printed Shirt,Shirts - White - Summer,,100,3,images/giyim/54979.jpg,54979.jpg
Myntra Women Multi Coloured Printed Top,Tops - Peach - Summer,,100,3,images/giyim/51437.jpg,51437.jpg
Chhota Bheem Kids Boys Best Friends Group TShirt,Tshirts - Yellow - Fall,,100,3,images/giyim/15575.jpg,15575.jpg
Madagascar3 Boys White Printed T-Shirt,Tshirts - White - Summer,,100,3,images/giyim/37625.jpg,37625.jpg
Arrow Sport Men Striped Blue Polo T-shirt,Tshirts - Blue - Summer,,100,3,images/giyim/33285.jpg,33285.jpg
Nike Women As Trophy Swo White T-Shirts,Tshirts - White - Fall,,100,3,images/giyim/10007.jpg,10007.jpg
Locomotive Men Washed Grey Jeans,Jeans - Grey - Summer,,100,3,images/giyim/21586.jpg,21586.jpg
Myntra Men Yellow & Blue T-shirt,Tshirts - Yellow - Summer,,100,3,images/giyim/52074.jpg,52074.jpg
Basics Men Navy Slim Fit Checked Shirt,Shirts - Navy Blue - Fall,,100,3,images/giyim/14661.jpg,14661.jpg
Mother Earth Women Printed Blue Kurta,Kurtas - Blue - Summer,,100,3,images/giyim/33043.jpg,33043.jpg
United Colors of Benetton Women Printed Yellow Tops,Tops - Yellow - Summer,,100,3,images/giyim/13444.jpg,13444.jpg
Nike Men White T-shirt,Tshirts - White - Summer,,100,3,images/giyim/28639.jpg,28639.jpg
Doodle Girls Blue Printed Dress,Dresses - Blue - Summer,,100,3,images/giyim/50723.jpg,50723.jpg
Fabindia Women Brown Silk Dupatta,Dupatta - Brown - Summer,,100,3,images/giyim/34266.jpg,34266.jpg
Arrow Woman Tyra Purple Shirt,Shirts - Purple - Fall,,100,3,images/giyim/18890.jpg,18890.jpg
Nike Men's As Spher White T-shirt,Tshirts - White - Summer,,100,3,images/giyim/7561.jpg,7561.jpg
Tokyo Talkies Women Printed Blue Top,Tops - Blue - Fall,,100,3,images/giyim/16136.jpg,16136.jpg
Jockey Women Pink T-Shirt,Tshirts - Pink - Winter,,100,3,images/giyim/27443.jpg,27443.jpg
Palm Tree Boys Washed Blue 3/4 Length Pants,Capris - Blue - Summer,,100,3,images/giyim/34054.jpg,34054.jpg
Proline Men Purple Polo T-shirt,Tshirts - Purple - Fall,,100,3,images/giyim/15581.jpg,15581.jpg
Alma Women Blue and Sea Green Printed Kurta,Kurtas - Blue - Fall,,100,3,images/giyim/53394.jpg,53394.jpg
Classic Polo Men Striped Grey Tshirt,Tshirts - Grey - Fall,,100,3,images/giyim/20666.jpg,20666.jpg
Gini and Jony Girl's Delma Blue Kidswear,Skirts - Blue - Summer,,100,3,images/giyim/5004.jpg,5004.jpg
Gini and Jony Girls Red Skirt,Skirts - Red - Summer,,100,3,images/giyim/33271.jpg,33271.jpg
ADIDAS Men's Graphic White T-shirt,Tshirts - White - Summer,,100,3,images/giyim/5838.jpg,5838.jpg
John Miller Men Check Orange Shirt,Shirts - Orange - Summer,,100,3,images/giyim/31142.jpg,31142.jpg
United Colors of Benetton Women Solid Purple Shirt,Shirts - Purple - Summer,,100,3,images/giyim/19728.jpg,19728.jpg
Jealous 21 Women Blue Shorts,Shorts - Blue - Summer,,100,3,images/giyim/27027.jpg,27027.jpg
Proline Men Purple T-shirt,Tshirts - Purple - Summer,,100,3,images/giyim/28853.jpg,28853.jpg
Lee Women Navy Blue Roxy Fit Jeans,Jeans - Navy Blue - Summer,,100,3,images/giyim/50949.jpg,50949.jpg
Fabindia Maroon Printed Saree,Sarees - Maroon - Summer,,100,3,images/giyim/46010.jpg,46010.jpg
Myntra Women Face Blue T-shirt,Tshirts - Blue - Summer,,100,3,images/giyim/34430.jpg,34430.jpg
Flying Machine Men Check Blue Shirts,Shirts - Blue - Winter,,100,3,images/giyim/14037.jpg,14037.jpg
Wrangler Men Glow Grey Sweatshirt,Sweatshirts - Grey - Fall,,100,3,images/giyim/20202.jpg,20202.jpg
Amante Black T-Shirt Bra BGSB01,Bra - Black - Winter,,100,3,images/giyim/57350.jpg,57350.jpg
Flying Machine Women RN HS White Tshirts,Tshirts - White - Fall,,100,3,images/giyim/10497.jpg,10497.jpg
Lino Perros Men Black Suspenders,Suspenders - Black - Summer,,100,3,images/giyim/25770.jpg,25770.jpg
W Women Printed Green Kurtas,Kurtas - Green - Summer,,100,3,images/giyim/11545.jpg,11545.jpg
Biara Black Everyday Support Bra,Bra - Black - Summer,,100,3,images/giyim/56282.jpg,56282.jpg
Titan Women Silver Watch,Watches - Silver - Winter,,100,1,images/elektronik/59263.jpg,59263.jpg
Skagen Men Black Watch,Watches - Black - Winter,,100,1,images/elektronik/30039.jpg,30039.jpg
Police Men Black Dial Watch PL12889JVSB,Watches - Black - Winter,,100,1,images/elektronik/29928.jpg,29928.jpg
CASIO G-Shock Men Black Digital Watch G-7710-1DR G223,Watches - Black - Winter,,100,1,images/elektronik/17429.jpg,17429.jpg
Fossil Women Copper Chronograph Watch CH2589,Watches - Copper - Winter,,100,1,images/elektronik/51658.jpg,51658.jpg
Maxima Ssteele Men Off White Watch,Watches - Off White - Winter,,100,1,images/elektronik/23278.jpg,23278.jpg
Maxima Women White Dial Watch,Watches - White - Winter,,100,1,images/elektronik/44984.jpg,44984.jpg
Carrera Men Dial steel finish strap Silver Watches,Watches - Silver - Winter,,100,1,images/elektronik/11188.jpg,11188.jpg
CASIO EDIFICE Men Black Dial Chronograph Watch ED60,Watches - Black - Winter,,100,1,images/elektronik/45258.jpg,45258.jpg
Maxima Men White Dial Analog Chronograph Watch,Watches - White - Winter,,100,1,images/elektronik/44970.jpg,44970.jpg
Fastrack Unisex Black Dial Watch 9915PP13,Watches - Black - Winter,,100,1,images/elektronik/22950.jpg,22950.jpg
ADIDAS Unisex Three Small Dials White Watches,Watches - White - Winter,,100,1,images/elektronik/13841.jpg,13841.jpg
Fastrack Men Economy 2 Analg Black Watch,Watches - Black - Winter,,100,1,images/elektronik/8110.jpg,8110.jpg
Fastrack Women White Dial Watch,Watches - White - Winter,,100,1,images/elektronik/43190.jpg,43190.jpg
Q&Q Men Silver-Toned Dial Analogue Watch Q252J404Y,Watches - Silver - Winter,,100,1,images/elektronik/32335.jpg,32335.jpg
Maxima Men Black Dial Watch,Watches - Black - Winter,,100,1,images/elektronik/56670.jpg,56670.jpg
Maxima Men Ssteele Silver Dial Watch,Watches - Silver - Winter,,100,1,images/elektronik/36795.jpg,36795.jpg
Titan Men Gold Dial Watch,Watches - Gold - Winter,,100,1,images/elektronik/40527.jpg,40527.jpg
Maxima Men Brown Dial Watch,Watches - Brown - Winter,,100,1,images/elektronik/45869.jpg,45869.jpg
ADIDAS Unisex Response ST Analogue Black Watch,Watches - Black - Winter,,100,1,images/elektronik/4716.jpg,4716.jpg
DKNY Women White Dial Watch NY8472,Watches - White - Winter,,100,1,images/elektronik/26351.jpg,26351.jpg
Police Men White Dial Watch PL12698JS,Watches - White - Winter,,100,1,images/elektronik/29917.jpg,29917.jpg
Fastrack Men Black Watch,Watches - Black - Winter,,100,1,images/elektronik/43164.jpg,43164.jpg
CASIO SHEEN Women Red Dial Watch SX017,Watches - Red - Winter,,100,1,images/elektronik/45293.jpg,45293.jpg
Maxima Men Black Watch,Watches - Black - Winter,,100,1,images/elektronik/36761.jpg,36761.jpg
Esprit Women White Dial Watch,Watches - White - Winter,,100,1,images/elektronik/37481.jpg,37481.jpg
Fastrack Men New Analog Black Navy Watch,Watches - Black - Winter,,100,1,images/elektronik/8117.jpg,8117.jpg
Helix Women Silver Dial Watch,Watches - Silver - Winter,,100,1,images/elektronik/39375.jpg,39375.jpg
Titan Men Black Dial Watch,Watches - Black - Winter,,100,1,images/elektronik/59290.jpg,59290.jpg
Morellato Men Black Watch,Watches - Black - Winter,,100,1,images/elektronik/52678.jpg,52678.jpg
ADIDAS Original Men Black Dial Chronograph Watch ADH2641,Watches - Black - Winter,,100,1,images/elektronik/39711.jpg,39711.jpg
Maxima Men White Dial Watch,Watches - White - Winter,,100,1,images/elektronik/36759.jpg,36759.jpg
Maxima Men Silver Dial Attivo Watch,Watches - Silver - Winter,,100,1,images/elektronik/44977.jpg,44977.jpg
Fossil Men Quartz Black Dial Chronograph Watch JR1303,Watches - Black - Winter,,100,1,images/elektronik/29745.jpg,29745.jpg
Maxima Women Silver Dial Watch,Watches - Silver - Winter,,100,1,images/elektronik/44983.jpg,44983.jpg
Titan Women White Watch,Watches - White - Winter,,100,1,images/elektronik/59264.jpg,59264.jpg
Fastrack Men White Dial Watch,Watches - White - Winter,,100,1,images/elektronik/43163.jpg,43163.jpg
Maxima Men Black Watch,Watches - Black - Winter,,100,1,images/elektronik/36766.jpg,36766.jpg
CASIO SHEEN Women Black Dial Watch SX041,Watches - Black - Winter,,100,1,images/elektronik/45294.jpg,45294.jpg
Aspen Women White Dial Watch,Watches - White - Winter,,100,1,images/elektronik/30001.jpg,30001.jpg
Police Men Black Dial Watch PL12170JSB,Watches - Black - Winter,,100,1,images/elektronik/29910.jpg,29910.jpg
ADIDAS Unisex Toronto Hand Black Watch,Watches - Black - Winter,,100,1,images/elektronik/4711.jpg,4711.jpg
Titan Men Cream Dial Watch,Watches - Cream - Winter,,100,1,images/elektronik/40520.jpg,40520.jpg
Esprit Men Grey Dial Watch,Watches - Grey - Winter,,100,1,images/elektronik/37472.jpg,37472.jpg
Fossil Men Black Dial Watch AM4384,Watches - Black - Winter,,100,1,images/elektronik/51660.jpg,51660.jpg
Fastrack Women Grey Dial Watch,Watches - Grey - Winter,,100,1,images/elektronik/43197.jpg,43197.jpg
Maxima Men White Dial Watch,Watches - White - Winter,,100,1,images/elektronik/56677.jpg,56677.jpg
Q&Q Men Steel Digital Watch,Watches - Steel - Winter,,100,1,images/elektronik/32332.jpg,32332.jpg
Maxima Men Black Dial Attivo Watch,Watches - Black - Winter,,100,1,images/elektronik/36792.jpg,36792.jpg
CASIO G-Shock Men Black Digital Watch DW-5600E-1VDF G001,Watches - Black - Winter,,100,1,images/elektronik/45260.jpg,45260.jpg
Timex Men Olive Green Dial Watch DV10,Watches - Olive - Winter,,100,1,images/elektronik/46418.jpg,46418.jpg
Being Human Men Grey Dial Blue Strap Watch,Watches - Blue - Winter,,100,1,images/elektronik/5068.jpg,5068.jpg
Maxima Ssteele Men Black Dial Watch,Watches - Black - Winter,,100,1,images/elektronik/45893.jpg,45893.jpg
Fossil Men Black Dial Watch ME1113,Watches - Black - Winter,,100,1,images/elektronik/36905.jpg,36905.jpg
Helix Women Black Watch,Watches - Black - Winter,,100,1,images/elektronik/47992.jpg,47992.jpg
CASIO ENTICER Men Black Analogue Watch BS112 ,Watches - Black - Winter,,100,1,images/elektronik/17418.jpg,17418.jpg
Police Men Black Dial Chronograph Watch PL12699JS-02,Watches - Black - Winter,,100,1,images/elektronik/29919.jpg,29919.jpg
Titan Men White Dial Automatic Watch NB9365SL01,Watches - White - Winter,,100,1,images/elektronik/59252.jpg,59252.jpg
CASIO Youth Series Digital Men Black Small Dial Digital Watch W-210-1CVDF I065,Watches - Black - Summer,,100,1,images/elektronik/45269.jpg,45269.jpg
Titan Women White Dial Watch,Watches - White - Winter,,100,1,images/elektronik/40529.jpg,40529.jpg
Morellato Men Navy Blue Watch,Watches - Navy Blue - Winter,,100,1,images/elektronik/52671.jpg,52671.jpg
Maxima Men Off White Dial Watch,Watches - Off White - Winter,,100,1,images/elektronik/23282.jpg,23282.jpg
Timex Men Black Dial Watch,Watches - Black - Winter,,100,1,images/elektronik/46427.jpg,46427.jpg
Fastrack Women Black Dial Watch,Watches - Black - Winter,,100,1,images/elektronik/43155.jpg,43155.jpg
Maxima Ssteele Men Black Watch,Watches - Black - Winter,,100,1,images/elektronik/23276.jpg,23276.jpg
Fossil Men Black Dial Chronograph Watch CH2737,Watches - Black - Winter,,100,1,images/elektronik/51656.jpg,51656.jpg
Titan Men White Dial Watch,Watches - White - Winter,,100,1,images/elektronik/40516.jpg,40516.jpg
Q&Q Women White Dial Watch,Watches - White - Winter,,100,1,images/elektronik/32304.jpg,32304.jpg
Casio Edifice Men Analog Watch EF-130D-1A5VDF(ED419),Watches - Black - Winter,,100,1,images/elektronik/45256.jpg,45256.jpg
Fossil Men Blue Dial Chronograph Watch CH2752,Watches - Blue - Winter,,100,1,images/elektronik/21713.jpg,21713.jpg
Police Men Black Dial Watch PL12778MSU-61,Watches - Black - Winter,,100,1,images/elektronik/29926.jpg,29926.jpg
SKAGEN DENMARK Men Silver-Toned Dial Watch 233LSS,Watches - Silver - Winter,,100,1,images/elektronik/30037.jpg,30037.jpg
CASIO G-Shock Men White Analogue & Digital Watch G274,Watches - White - Winter,,100,1,images/elektronik/17427.jpg,17427.jpg
Q&Q Men Black Dial Watch,Watches - Black - Winter,,100,1,images/elektronik/53565.jpg,53565.jpg
Fastrack Men Gunmetal-Toned Dial Watch NA3015AL01,Watches - Metallic - Winter,,100,1,images/elektronik/43199.jpg,43199.jpg
Titan Men Black Watch,Watches - Black - Winter,,100,1,images/elektronik/59255.jpg,59255.jpg
Q&Q Men Black Digital Watch M119J003Y,Watches - Black - Winter,,100,1,images/elektronik/38050.jpg,38050.jpg
Helix Men Black Watch,Watches - Black - Winter,,100,1,images/elektronik/47995.jpg,47995.jpg
Fossil Men Silver-Toned Dial Chronograph Watch FS4643,Watches - Silver - Winter,,100,1,images/elektronik/36902.jpg,36902.jpg
Esprit Women Silver Dial Watch,Watches - Silver - Winter,,100,1,images/elektronik/37488.jpg,37488.jpg
Fastrack Men Analogue Plastic White Watch,Watches - White - Winter,,100,1,images/elektronik/10098.jpg,10098.jpg
Maxima Men Gold Dial Watch,Watches - Gold - Winter,,100,1,images/elektronik/36768.jpg,36768.jpg
Casio Enticer Men Black Dial Analogue Watch A479,Watches - Black - Winter,,100,1,images/elektronik/17420.jpg,17420.jpg
Esprit Women Houston Funny Pink Watches,Watches - Pink - Winter,,100,1,images/elektronik/10605.jpg,10605.jpg
Q&Q Unisex Blue Dial Watch,Watches - Blue - Winter,,100,1,images/elektronik/53562.jpg,53562.jpg
Morellato Men Silver Dial Watch,Watches - Silver - Winter,,100,1,images/elektronik/52682.jpg,52682.jpg
Police Men Black Dial Chronograph Watch PL12777JS-02M,Watches - Black - Winter,,100,1,images/elektronik/29921.jpg,29921.jpg
Q&Q Men Black Dial Watch,Watches - Black - Winter,,100,1,images/elektronik/32303.jpg,32303.jpg
Casio Youth Series Men Digital Watch W-734-1AVDF(D090),Watches - Black - Winter,,100,1,images/elektronik/45251.jpg,45251.jpg
Maxima Ssteele Men White Watch,Watches - White - Winter,,100,1,images/elektronik/23271.jpg,23271.jpg
Fossil Men Grey Dial Chronograph Watch FS4584,Watches - Grey - Winter,,100,1,images/elektronik/51651.jpg,51651.jpg
Titan Men White Dial Watch,Watches - White - Winter,,100,1,images/elektronik/40511.jpg,40511.jpg
Maxima Women Black Watch,Watches - Black - Winter,,100,1,images/elektronik/36757.jpg,36757.jpg
Timex Men Cream Dial Chronograph Watch,Watches - Cream - Winter,,100,1,images/elektronik/46420.jpg,46420.jpg
Fastrack Men Black Watch,Watches - Black - Winter,,100,1,images/elektronik/43152.jpg,43152.jpg
Maxima Men White Watch,Watches - White - Winter,,100,1,images/elektronik/23285.jpg,23285.jpg
Maxima Attivo Men Steel-Toned Dial Watch 15933LMGB,Watches - Silver - Winter,,100,1,images/elektronik/44979.jpg,44979.jpg
Tommy Hilfiger Women Silver-Toned Dial  Watch TH1780453-D,Watches - Silver - Winter,,100,1,images/elektronik/58942.jpg,58942.jpg
Ed Hardy Men Grey Dial Watch,Watches - Black - Winter,,100,1,images/elektronik/30064.jpg,30064.jpg
Q&Q Kids Girls Blue Analog Watch,Watches - Blue - Winter,,100,1,images/elektronik/49890.jpg,49890.jpg
DKNY Women White Dial Watch NY4934,Watches - White - Winter,,100,1,images/elektronik/26333.jpg,26333.jpg
Maxima Attivo Men White Dial Watch,Watches - White - Winter,,100,1,images/elektronik/45037.jpg,45037.jpg
Carrera Men Hexagaon Dial Black Watches,Watches - Black - Winter,,100,1,images/elektronik/10235.jpg,10235.jpg
Titan Raga Women Gold Watch,Watches - Gold - Winter,,100,1,images/elektronik/40545.jpg,40545.jpg
Timex Women Steel Watch,Watches - Steel - Winter,,100,1,images/elektronik/46480.jpg,46480.jpg
CASIO ENTICER Women Black Dial Analogue Watch A660,Watches - Black - Winter,,100,1,images/elektronik/45205.jpg,45205.jpg
Q&Q Men Black Dial Watch,Watches - Black - Winter,,100,1,images/elektronik/32357.jpg,32357.jpg
Timex Men Black Dial Watch L506,Watches - Black - Winter,,100,1,images/elektronik/46474.jpg,46474.jpg
Casio Youth Series Men Digital Watch AE-1100W-1BVDF(D086),Watches - Black - Winter,,100,1,images/elektronik/25314.jpg,25314.jpg
Ed Hardy Men Silver Dial Watch,Watches - Steel - Winter,,100,1,images/elektronik/30090.jpg,30090.jpg
Q&Q Kids Unisex Purple Digital Watch,Watches - Purple - Winter,,100,1,images/elektronik/49864.jpg,49864.jpg
Q&Q Men Black Dial Watch,Watches - Black - Winter,,100,1,images/elektronik/32368.jpg,32368.jpg
Maxima Men Digital Multifunction Watch,Watches - Steel - Winter,,100,1,images/elektronik/45008.jpg,45008.jpg
Q&Q Women Blue Watch,Watches - Blue - Winter,,100,1,images/elektronik/38004.jpg,38004.jpg
Nautica Men Brown Dial Watch,Watches - Brown - Winter,,100,1,images/elektronik/41038.jpg,41038.jpg
Fastrack Unisex Black Dial Watch 9912PP13,Watches - Black - Winter,,100,1,images/elektronik/22932.jpg,22932.jpg
DKNY Women White Dial Watch NY8299,Watches - White - Winter,,100,1,images/elektronik/28434.jpg,28434.jpg
Ed Hardy Men Black Dial Watch,Watches - Black - Winter,,100,1,images/elektronik/30097.jpg,30097.jpg
Q&Q Kids Girls Pink Digital Watch,Watches - Pink - Winter,,100,1,images/elektronik/49863.jpg,49863.jpg
Timex Men Sliver Dial Watch,Watches - Silver - Winter,,100,1,images/elektronik/46473.jpg,46473.jpg
Casio Youth Series Men Digital Watch AE-1100W-1AVDF(D085),Watches - Black - Winter,,100,1,images/elektronik/25313.jpg,25313.jpg
Citizen Men Silver Dial Watch,Watches - Silver - Winter,,100,1,images/elektronik/33878.jpg,33878.jpg
Timex Men Sliver Dial Chronograph Watch,Watches - Silver - Winter,,100,1,images/elektronik/46487.jpg,46487.jpg
Casio Enticer Men Black Marine Sports Watch MTD-1069D-1AVDF(A657),Watches - Black - Winter,,100,1,images/elektronik/45202.jpg,45202.jpg
Q&Q Men Black Dial Watch,Watches - Black - Winter,,100,1,images/elektronik/32350.jpg,32350.jpg
Maxima Men Black Watch,Watches - Black - Winter,,100,1,images/elektronik/45030.jpg,45030.jpg
Titan Women Gold Watch,Watches - Gold - Winter,,100,1,images/elektronik/40542.jpg,40542.jpg
DKNY Women Black Dial Watch NY4951,Watches - Black - Winter,,100,1,images/elektronik/26334.jpg,26334.jpg
Ed Hardy Men Grey Watch,Watches - Grey - Winter,,100,1,images/elektronik/30063.jpg,30063.jpg
Q&Q Kids Girls White Dial Watch,Watches - White - Winter,,100,1,images/elektronik/49897.jpg,49897.jpg
Titan Men White Watch,Watches - White - Winter,,100,1,images/elektronik/59239.jpg,59239.jpg
Fastrack Women Red Casual Watch,Watches - Red - Winter,,100,1,images/elektronik/22935.jpg,22935.jpg
DKNY Women Beige Dial Watch NY8308,Watches - Beige - Winter,,100,1,images/elektronik/28433.jpg,28433.jpg
Q&Q Men Black Watch,Watches - Black - Winter,,100,1,images/elektronik/38003.jpg,38003.jpg
Casio Edifice Men Multi-Dial Watch EF-334D-1AVDF(ED420),Watches - Black - Summer,,100,1,images/elektronik/25325.jpg,25325.jpg
Nautica Men Black Dial Chronograph Watch,Watches - Black - Winter,,100,1,images/elektronik/41036.jpg,41036.jpg
Q&Q Kids Unisex Black Digital Watch,Watches - Black - Winter,,100,1,images/elektronik/49855.jpg,49855.jpg
Casio Enticer Men Black Analogue Watches (BS063) BEM-501L-1AVDF,Watches - Black - Winter,,100,1,images/elektronik/17445.jpg,17445.jpg
Skagen Men Black Dial Watch,Watches - Black - Winter,,100,1,images/elektronik/30055.jpg,30055.jpg
Police Men Black Dial Watch PL13088JS-02,Watches - Black - Winter,,100,1,images/elektronik/29944.jpg,29944.jpg
Casio Youth Series Men Analog-Digital Watch AW-80-1AVDFAD84,Watches - Black - Winter,,100,1,images/elektronik/45234.jpg,45234.jpg
Q&Q Men Black Watch,Watches - Black - Winter,,100,1,images/elektronik/32366.jpg,32366.jpg
Fossil Women White Dial Chronograph Watch ES2783,Watches - White - Winter,,100,1,images/elektronik/51634.jpg,51634.jpg
Maxima Men Attivo Digital Watch,Watches - Grey - Winter,,100,1,images/elektronik/45006.jpg,45006.jpg
Fastrack Women Bikers Analog Steel Black Watch,Watches - Black - Winter,,100,1,images/elektronik/8143.jpg,8143.jpg
Citizen Men Black Dial Chronograph Watch,Watches - Black - Winter,,100,1,images/elektronik/33871.jpg,33871.jpg
Citizen Men Steel Eco-Drive Watch,Watches - Steel - Winter,,100,1,images/elektronik/33885.jpg,33885.jpg
Maxima Men White Dial Attivo Watch,Watches - White - Winter,,100,1,images/elektronik/45039.jpg,45039.jpg
Playboy Women White Dial Watch,Watches - White - Winter,,100,1,images/elektronik/29523.jpg,29523.jpg
Q&Q Men Black Dial Watch,Watches - Black - Winter,,100,1,images/elektronik/32359.jpg,32359.jpg
Titan Men Black Watch,Watches - Black - Winter,,100,1,images/elektronik/59230.jpg,59230.jpg
Q&Q Men White Watch,Watches - White - Winter,,100,1,images/elektronik/38035.jpg,38035.jpg
Fossil Women White Dial Chronograph Watch ES2790,Watches - White - Winter,,100,1,images/elektronik/51633.jpg,51633.jpg
Maxima Men Black Digital Watch,Watches - Grey - Winter,,100,1,images/elektronik/45001.jpg,45001.jpg
Casio Youth Series Men Analog-Digital Watch AW-80D-1AVDFAD60,Watches - Black - Winter,,100,1,images/elektronik/45233.jpg,45233.jpg
Q&Q Men Black Dial Watch Q672J405Y,Watches - Black - Winter,,100,1,images/elektronik/32361.jpg,32361.jpg
SKAGEN DENMARK Men Grey Dial Watch 668XLSLZM,Watches - Grey - Winter,,100,1,images/elektronik/30052.jpg,30052.jpg
Police Men Black Dual Dial Watch PL13076JPCL-04,Watches - Black - Winter,,100,1,images/elektronik/29943.jpg,29943.jpg
CASIO Unisex Black Small Dial Analogue and Digital Watch,Watches - Black - Summer,,100,1,images/elektronik/17442.jpg,17442.jpg
Nautica Men Black Dial Watch,Watches - Black - Winter,,100,1,images/elektronik/41031.jpg,41031.jpg
Casio Edifice Men Chronograph Watch EF-550D-7AVDF(ED391),Watches - Grey - Winter,,100,1,images/elektronik/25322.jpg,25322.jpg
Timex Men Silver Dial Watch,Watches - Silver - Winter,,100,1,images/elektronik/46442.jpg,46442.jpg
Q&Q Women Black Watch,Watches - Black - Winter,,100,1,images/elektronik/38032.jpg,38032.jpg
Q&Q Kids Girls White Dial Analog Watch,Watches - White - Winter,,100,1,images/elektronik/49899.jpg,49899.jpg
Titan Men Black Dial Watch,Watches - Black - Winter,,100,1,images/elektronik/59237.jpg,59237.jpg
Playboy Women White Dial Watch,Watches - White - Winter,,100,1,images/elektronik/29524.jpg,29524.jpg
Timex Men Blue Dial Watch,Watches - Blue - Winter,,100,1,images/elektronik/46489.jpg,46489.jpg
Citizen Men Black Dial Eco-Drive Watch,Watches - Black - Winter,,100,1,images/elektronik/33882.jpg,33882.jpg
Citizen Men Black Dial Chronograph Watch,Watches - Black - Winter,,100,1,images/elektronik/33876.jpg,33876.jpg
Fastrack Women Economy Analog Red Black Watch,Watches - Red - Winter,,100,1,images/elektronik/8144.jpg,8144.jpg
Aspen Women Mother Of Pearl Dial Watch AP1193,Watches - White - Summer,,100,1,images/elektronik/29988.jpg,29988.jpg
Fossil Men Brown Dial Chronograph Watch FS4673,Watches - Brown - Winter,,100,1,images/elektronik/36903.jpg,36903.jpg
Helix Men Black Watch,Watches - Black - Winter,,100,1,images/elektronik/47994.jpg,47994.jpg
Maxima Men White Dial Watch,Watches - White - Winter,,100,1,images/elektronik/36769.jpg,36769.jpg
Fastrack Men Analogue Grey Watches,Watches - Grey - Winter,,100,1,images/elektronik/10099.jpg,10099.jpg
Esprit Women Black Watch,Watches - Black - Winter,,100,1,images/elektronik/37489.jpg,37489.jpg
Maxima Ssteele Men Blue Dial Watch,Watches - Blue - Winter,,100,1,images/elektronik/45895.jpg,45895.jpg
Fastrack Women Black Dial Watch,Watches - Black - Winter,,100,1,images/elektronik/43198.jpg,43198.jpg
Maxima Men Black Dial Watch,Watches - Black - Winter,,100,1,images/elektronik/56678.jpg,56678.jpg
Q&Q Men Black Digital Watch M124J001Y,Watches - Black - Winter,,100,1,images/elektronik/38051.jpg,38051.jpg
Titan Men White Dial Watch,Watches - White - Winter,,100,1,images/elektronik/59254.jpg,59254.jpg
Maxima Ssteele Men Black Watch,Watches - Black - Winter,,100,1,images/elektronik/23284.jpg,23284.jpg
Maxima Women Black Dial Watch,Watches - Black - Winter,,100,1,images/elektronik/44978.jpg,44978.jpg
Maxima Women White Dial Watch,Watches - White - Winter,,100,1,images/elektronik/36756.jpg,36756.jpg
Fastrack Men Brown Dial Watch NE1478SM02,Watches - Brown - Summer,,100,1,images/elektronik/43153.jpg,43153.jpg
Morellato Men Silver Dial Watch,Watches - Silver - Winter,,100,1,images/elektronik/52677.jpg,52677.jpg
Q&Q Men Black Digital Watch M086J001Y,Watches - Black - Winter,,100,1,images/elektronik/53597.jpg,53597.jpg
Morellato Men Silver Dial Watch,Watches - Silver - Winter,,100,1,images/elektronik/52683.jpg,52683.jpg
Police Men Black Dial Chronograph Watch PL12699JSB,Watches - Black - Winter,,100,1,images/elektronik/29920.jpg,29920.jpg
CASIO ENTICER Men White Dial Analogue Watch A417,Watches - Steel - Winter,,100,1,images/elektronik/17421.jpg,17421.jpg
Q&Q Unisex White Analog Dial Watches,Watches - White - Winter,,100,1,images/elektronik/53563.jpg,53563.jpg
Maxima Ssteele Men Blue Watch,Watches - Blue - Winter,,100,1,images/elektronik/23270.jpg,23270.jpg
Fossil Men Brown Dial Chronograph Watch FS4608,Watches - Brown - Winter,,100,1,images/elektronik/51650.jpg,51650.jpg
Titan Men Cream Dial Watch,Watches - Cream - Winter,,100,1,images/elektronik/40510.jpg,40510.jpg
Casio Youth Series Men Digital Watch AE-2000W-1AVDF(D083),Watches - Black - Winter,,100,1,images/elektronik/45250.jpg,45250.jpg
Carrera Men White Dial Watch,Watches - Brown - Winter,,100,1,images/elektronik/11180.jpg,11180.jpg
Police Men Grey Dial Watch PL12698JSU,Watches - Grey - Winter,,100,1,images/elektronik/29918.jpg,29918.jpg
Titan Men Bronze Chronograph Dial Watch,Watches - Bronze - Winter,,100,1,images/elektronik/59253.jpg,59253.jpg
Casio Enticer Women Silver Analogue Watches (A378) LTP-2069D-1AVDF,Watches - Black - Winter,,100,1,images/elektronik/17419.jpg,17419.jpg
Titan Men White Dial Watch NB1956YL02,Watches - White - Summer,,100,1,images/elektronik/40528.jpg,40528.jpg
CASIO G-Shock Men Black Digital Watch G335,Watches - Orange - Winter,,100,1,images/elektronik/45268.jpg,45268.jpg
Maxima Men Silver Dial Watch,Watches - Silver - Winter,,100,1,images/elektronik/45892.jpg,45892.jpg
Timex Men Brown Dial Empera Watch,Watches - Brown - Winter,,100,1,images/elektronik/46419.jpg,46419.jpg
Being Human Women Dial Strap Purple Watch,Watches - Purple - Winter,,100,1,images/elektronik/5069.jpg,5069.jpg
Helix Women White Watch,Watches - White - Winter,,100,1,images/elektronik/47993.jpg,47993.jpg
Fossil Men Black Dial Chronograph Watch JR1353,Watches - Black - Winter,,100,1,images/elektronik/36904.jpg,36904.jpg
Fossil Men Black Dial Watch ME1099,Watches - Black - Winter,,100,1,images/elektronik/21712.jpg,21712.jpg
Casio Edifice Men Silver Analogue Watches (ED446) EF-131D-7AVDF,Watches - White - Winter,,100,1,images/elektronik/45257.jpg,45257.jpg
Q&Q Women Red Dial Watch,Watches - Red - Winter,,100,1,images/elektronik/32305.jpg,32305.jpg
Maxima Ssteele Men Blue Watch,Watches - Blue - Winter,,100,1,images/elektronik/23277.jpg,23277.jpg
Fossil Men Blue Chronograph Watch CH2694,Watches - Blue - Winter,,100,1,images/elektronik/51657.jpg,51657.jpg
Titan Men Cream Dial Watch,Watches - Cream - Winter,,100,1,images/elektronik/40517.jpg,40517.jpg
CASIO Edifice Men White Dial Watch ED309,Watches - White - Winter,,100,1,images/elektronik/17426.jpg,17426.jpg
Q&Q Men White Dial Watch,Watches - White - Winter,,100,1,images/elektronik/53564.jpg,53564.jpg
Morellato Men Silver Dial Watch,Watches - Silver - Winter,,100,1,images/elektronik/52684.jpg,52684.jpg
Police Men Grey Dial Chronograph Watch PL12880JS-02M,Watches - Grey - Winter,,100,1,images/elektronik/29927.jpg,29927.jpg
SKAGEN DENMARK Women White Mother of Pearl Dial Watch 107SSCS,Watches - White - Winter,,100,1,images/elektronik/30036.jpg,30036.jpg
Q&Q Women White Dial Watch,Watches - White - Winter,,100,1,images/elektronik/53590.jpg,53590.jpg
Morellato Men Silver Dial Watch,Watches - Silver - Winter,,100,1,images/elektronik/52670.jpg,52670.jpg
Fastrack Women Purple Dial Watch,Watches - Purple - Winter,,100,1,images/elektronik/43154.jpg,43154.jpg
Timex Men White Dial Watch,Watches - White - Winter,,100,1,images/elektronik/46426.jpg,46426.jpg
Maxima Ssteele Men White Watch,Watches - White - Winter,,100,1,images/elektronik/23283.jpg,23283.jpg
Fossil Men Black Dial Chronograph Watch CH2783,Watches - Black - Winter,,100,1,images/elektronik/29744.jpg,29744.jpg
Maxima Women White Dial Watch,Watches - White - Winter,,100,1,images/elektronik/44982.jpg,44982.jpg
Titan Women Mother Of Pearl Watch,Watches - White - Winter,,100,1,images/elektronik/59265.jpg,59265.jpg
Morellato Women Silver Dial Watch,Watches - Bronze - Winter,,100,1,images/elektronik/52679.jpg,52679.jpg
Titan Edge Men Grey Dial Watch,Watches - Grey - Winter,,100,1,images/elektronik/59291.jpg,59291.jpg
Helix Women Green Dial Watch,Watches - Green - Winter,,100,1,images/elektronik/39374.jpg,39374.jpg
Fastrack Men Analog Steel Navy Blue Watch,Watches - Navy Blue - Winter,,100,1,images/elektronik/8116.jpg,8116.jpg
Maxima Attivo Men Black Dial Watch,Watches - Black - Winter,,100,1,images/elektronik/44976.jpg,44976.jpg
Maxima Women Grey Dial Watch,Watches - Grey - Winter,,100,1,images/elektronik/36758.jpg,36758.jpg
ADIDAS Original Unisex Blue Dial Chronograph Watch ADH2639,Watches - Blue - Winter,,100,1,images/elektronik/39710.jpg,39710.jpg
ADIDAS Unisex New York Chronographic Digital Black Red Watch,Watches - Black - Winter,,100,1,images/elektronik/4710.jpg,4710.jpg
Aspen Women Silver Dial Watch,Watches - Silver - Winter,,100,1,images/elektronik/30000.jpg,30000.jpg
Police Men Black Dial Watch PL12176JS02A,Watches - Black - Winter,,100,1,images/elektronik/29911.jpg,29911.jpg
Fastrack Women White Dial Watch,Watches - White - Winter,,100,1,images/elektronik/43196.jpg,43196.jpg
Maxima Attivo Men Off-White Dial Watch 24130LMGT,Watches - Off White - Winter,,100,1,images/elektronik/36793.jpg,36793.jpg
Casio G-SHOCK Men Black Dial Analogue & Digital Watch G220,Watches - Red - Winter,,100,1,images/elektronik/45261.jpg,45261.jpg
Q&Q Men Black Dial Watch,Watches - Black - Winter,,100,1,images/elektronik/32333.jpg,32333.jpg
Maxima Men White Chronograph Watch,Watches - White - Winter,,100,1,images/elektronik/56676.jpg,56676.jpg
Esprit Men Black Watch,Watches - Black - Winter,,100,1,images/elektronik/37473.jpg,37473.jpg
Titan Men Cream Dial Watch,Watches - Cream - Winter,,100,1,images/elektronik/40521.jpg,40521.jpg
Fossil Men Black Dial Watch AM4368,Watches - Black - Winter,,100,1,images/elektronik/51661.jpg,51661.jpg
Fastrack Women Silver Dial Watch,Watches - Silver - Winter,,100,1,images/elektronik/43162.jpg,43162.jpg
Maxima Men Green Dial Watch,Watches - Green - Winter,,100,1,images/elektronik/36767.jpg,36767.jpg
CASIO SHEEN Women Silver-Toned Dial Watch SX042,Watches - Silver - Winter,,100,1,images/elektronik/45295.jpg,45295.jpg
Maxima Men White Chronograph Watch,Watches - White - Winter,,100,1,images/elektronik/56682.jpg,56682.jpg
Timex Men Black Dial Watch,Watches - Black - Winter,,100,1,images/elektronik/46428.jpg,46428.jpg
Maxima Men Black Analog Chronograph Watch,Watches - Black - Winter,,100,1,images/elektronik/44971.jpg,44971.jpg
ADIDAS Unisex Three Small Dials Black Watches,Watches - Black - Winter,,100,1,images/elektronik/13840.jpg,13840.jpg
CASIO G-Shock Men Black Analogue-Digital Watch GA-100-1A2DR G271,Watches - Black - Summer,,100,1,images/elektronik/17428.jpg,17428.jpg
Titan Women Silver Watch,Watches - Silver - Winter,,100,1,images/elektronik/59262.jpg,59262.jpg
SKAGEN DENMARK Men White Dial Watch 233XLSS,Watches - White - Winter,,100,1,images/elektronik/30038.jpg,30038.jpg
Police Men Copper-Toned Dial Watch PL12895JS,Watches - Copper - Winter,,100,1,images/elektronik/29929.jpg,29929.jpg
Casio EDIFICE Men Chronograph Watch ED61 EF-305D-1AVDF,Watches - Black - Winter,,100,1,images/elektronik/45259.jpg,45259.jpg
Fossil Men Black Dial Watch AM4385,Watches - Black - Winter,,100,1,images/elektronik/51659.jpg,51659.jpg
Maxima Ssteele Men Blue Watch,Watches - Blue - Winter,,100,1,images/elektronik/23279.jpg,23279.jpg
Maxima Women Black Dial Watch,Watches - Black - Winter,,100,1,images/elektronik/44985.jpg,44985.jpg
Titan Men Grey Dial Watch,Watches - Grey - Winter,,100,1,images/elektronik/40519.jpg,40519.jpg
Esprit Women White Watch,Watches - White - Winter,,100,1,images/elektronik/37480.jpg,37480.jpg
Fastrack Men Navy Blue Dial Watch,Watches - Navy Blue - Winter,,100,1,images/elektronik/43165.jpg,43165.jpg
Timex Men Black Dial Watch,Watches - Black - Winter,,100,1,images/elektronik/46417.jpg,46417.jpg
Being Human Men Black Dial Orange Strap Watch,Watches - Orange - Winter,,100,1,images/elektronik/5067.jpg,5067.jpg
CASIO Enticer Women Silver Analogue Watch LTP-1233D-7ADF SH49,Watches - Silver - Winter,,100,1,images/elektronik/45292.jpg,45292.jpg
Maxima Men White Dial Watch,Watches - White - Winter,,100,1,images/elektronik/36760.jpg,36760.jpg
Esprit Men White Dial Watch,Watches - White - Winter,,100,1,images/elektronik/37474.jpg,37474.jpg
Titan Men White Dial Watch NB1927BM01,Watches - White - Winter,,100,1,images/elektronik/40526.jpg,40526.jpg
Fastrack Women White Dial Watch,Watches - White - Winter,,100,1,images/elektronik/43191.jpg,43191.jpg
CASIO G-Shock Men Black Digital Watch GD-100-1BDR G310,Watches - Black - Winter,,100,1,images/elektronik/45266.jpg,45266.jpg
Maxima Men White Dial Attivo Watch,Watches - White - Winter,,100,1,images/elektronik/36794.jpg,36794.jpg
Maxima Men White Dial Watch,Watches - White - Winter,,100,1,images/elektronik/56671.jpg,56671.jpg
Q&Q Men White Dial Analogue Watch Q252J204Y,Watches - White - Winter,,100,1,images/elektronik/32334.jpg,32334.jpg
Police Men Black Dial Chronograph Watch PL12676JSU-02,Watches - Black - Winter,,100,1,images/elektronik/29916.jpg,29916.jpg
Puma Women Flux Shadow  266 Black Watches,Watches - Black - Winter,,100,1,images/elektronik/10400.jpg,10400.jpg
DKNY Women White Dial Watch NY8471,Watches - White - Winter,,100,1,images/elektronik/26350.jpg,26350.jpg
CASIO ENTICER Men Black Dial Analogue Watch A416,Watches - Black - Winter,,100,1,images/elektronik/17417.jpg,17417.jpg
Nautica Men Silver Dial Watch,Watches - Silver - Winter,,100,1,images/elektronik/41030.jpg,41030.jpg
Casio Edifice Men Analog Watch EF-130D-1A2VDF(ED417),Watches - Black - Summer,,100,1,images/elektronik/25323.jpg,25323.jpg
Timex Men Blue Dial Watch,Watches - Blue - Winter,,100,1,images/elektronik/46443.jpg,46443.jpg
Q&Q Men Black Dial Watch,Watches - Black - Winter,,100,1,images/elektronik/32360.jpg,32360.jpg
CASIO YOUTH Men Navy Dial Analogue & Digital Time Watch AD182,Watches - Navy Blue - Winter,,100,1,images/elektronik/45232.jpg,45232.jpg
Fossil Women Gold-Toned Dial Chronograph Watch ES2859,Watches - Gold - Winter,,100,1,images/elektronik/51632.jpg,51632.jpg
Maxima Men Black Digital Watch,Watches - Grey - Winter,,100,1,images/elektronik/45000.jpg,45000.jpg
CASIO ENTICER Unisex Black Dial Watch BS113 ,Watches - Black - Winter,,100,1,images/elektronik/17443.jpg,17443.jpg
Skagen Women Blue Dial Watch,Watches - Black - Winter,,100,1,images/elektronik/30053.jpg,30053.jpg
Police Men Black Dual Dial Watch PL13076JPB-02A,Watches - Black - Winter,,100,1,images/elektronik/29942.jpg,29942.jpg
Citizen Men Black Chronograph Dial Watch,Watches - Black - Winter,,100,1,images/elektronik/33877.jpg,33877.jpg
Fastrack Women Analog Pink Blue Watch,Watches - Pink - Winter,,100,1,images/elektronik/8145.jpg,8145.jpg
Q&Q Kids Unisex White Dial Analog Watch,Watches - White - Winter,,100,1,images/elektronik/49898.jpg,49898.jpg
Titan Men Silver Watch,Watches - Silver - Winter,,100,1,images/elektronik/59236.jpg,59236.jpg
Q&Q Men Black Watch,Watches - Black - Winter,,100,1,images/elektronik/38033.jpg,38033.jpg
Hop Scotch Girls Pink Digital Watch,Watches - Pink - Winter,,100,1,images/elektronik/51269.jpg,51269.jpg
Citizen Men Black Dial Eco-Drive Watch,Watches - Black - Winter,,100,1,images/elektronik/33883.jpg,33883.jpg
Timex Men Black Dial Chronograph Watch,Watches - Black - Winter,,100,1,images/elektronik/46488.jpg,46488.jpg
Playboy Women Black Dial Watch,Watches - Black - Winter,,100,1,images/elektronik/29525.jpg,29525.jpg
Skagen Men White Dial Watch,Watches - White - Winter,,100,1,images/elektronik/30054.jpg,30054.jpg
Police Men Black Dial Watch PL13088JSB-02,Watches - Black - Winter,,100,1,images/elektronik/29945.jpg,29945.jpg
Casio Enticer Men Silver-Toned Dial Chronograph Watch BS062,Watches - Silver - Winter,,100,1,images/elektronik/17444.jpg,17444.jpg
Fossil Women White Dial Chronograph Watch CH2824,Watches - White - Winter,,100,1,images/elektronik/51635.jpg,51635.jpg
Maxima Men Scuba Digital Watch,Watches - Black - Winter,,100,1,images/elektronik/45007.jpg,45007.jpg
Q&Q Men Black Dial Watch,Watches - Black - Winter,,100,1,images/elektronik/32367.jpg,32367.jpg
CASIO YOUTH Men Black Dial Analgue & Digital Watch AD92,Watches - Black - Winter,,100,1,images/elektronik/45235.jpg,45235.jpg
Casio Edifice Men Silver Analogue Watches (ED418) EF-130D-1A4VDF,Watches - Black - Winter,,100,1,images/elektronik/25324.jpg,25324.jpg
Timex Men Black Dial Watch,Watches - Black - Winter,,100,1,images/elektronik/46444.jpg,46444.jpg
Playboy Women Silver Dial Watch,Watches - Silver - Winter,,100,1,images/elektronik/29522.jpg,29522.jpg
Q&Q Men White Dial Watch,Watches - White - Winter,,100,1,images/elektronik/32358.jpg,32358.jpg
Citizen Men Black Dial Eco-Drive Watch,Watches - Black - Winter,,100,1,images/elektronik/33884.jpg,33884.jpg
Maxima Men Black Attivo Watch,Watches - Black - Winter,,100,1,images/elektronik/45038.jpg,45038.jpg
Q&Q Men Black Watch,Watches - Black - Winter,,100,1,images/elektronik/38034.jpg,38034.jpg
Titan Men White Dial Watch,Watches - White - Winter,,100,1,images/elektronik/59231.jpg,59231.jpg
Fastrack Women Navy Dial Watch,Watches - Black - Winter,,100,1,images/elektronik/8142.jpg,8142.jpg
Citizen Men Black Dial Chronograph Watch AN3420-51L,Watches - Black - Winter,,100,1,images/elektronik/33870.jpg,33870.jpg
Titan Women Silver Dial Watch,Watches - Silver - Winter,,100,1,images/elektronik/40543.jpg,40543.jpg
Maxima Men White Watch,Watches - White - Winter,,100,1,images/elektronik/45031.jpg,45031.jpg
Timex Men Black Dial Chronograph Watch,Watches - Black - Winter,,100,1,images/elektronik/46486.jpg,46486.jpg
Q&Q Women Steel Dial Watch,Watches - Steel - Winter,,100,1,images/elektronik/32351.jpg,32351.jpg
CASIO ENTICER Men Black Dial Anaglogue Watch A658,Watches - Black - Winter,,100,1,images/elektronik/45203.jpg,45203.jpg
Q&Q Kids Girls White Dial Analog Watch,Watches - White - Winter,,100,1,images/elektronik/49896.jpg,49896.jpg
Titan Men Black Watch,Watches - Black - Winter,,100,1,images/elektronik/59238.jpg,59238.jpg
DKNY Women White Dial Watch NY8011,Watches - White - Winter,,100,1,images/elektronik/26335.jpg,26335.jpg
Q&Q Kids Unisex Red Digital Watch,Watches - Red - Winter,,100,1,images/elektronik/49862.jpg,49862.jpg
Ed Hardy Men Black Dial Watch,Watches - Black - Winter,,100,1,images/elektronik/30096.jpg,30096.jpg
Citizen Men Black Dial Watch,Watches - Black - Winter,,100,1,images/elektronik/33879.jpg,33879.jpg
Timex Men Brown Watch,Watches - Brown - Winter,,100,1,images/elektronik/46472.jpg,46472.jpg
Casio Outdoor Men Black Analogue-Digital Watches (AD164) SGW-400H-1BVDR,Watches - Black - Summer,,100,1,images/elektronik/25312.jpg,25312.jpg
Playboy Women White Dial Watch,Watches - White - Winter,,100,1,images/elektronik/29514.jpg,29514.jpg
DKNY Women White Dial Chronograph Watch NY8315,Watches - White - Winter,,100,1,images/elektronik/28432.jpg,28432.jpg
Fastrack Women Black Casual Watch,Watches - Black - Winter,,100,1,images/elektronik/22934.jpg,22934.jpg
Timex Men Blue Dial Watch,Watches - Blue - Winter,,100,1,images/elektronik/46475.jpg,46475.jpg
Casio Youth Series Men Digital Watch W-734D-1AVDF(D091),Watches - Silver - Winter,,100,1,images/elektronik/25315.jpg,25315.jpg
Q&Q Kids Unisex Black Digital Watch,Watches - Black - Winter,,100,1,images/elektronik/49865.jpg,49865.jpg
Ed Hardy Women Black Watch,Watches - Black - Winter,,100,1,images/elektronik/30091.jpg,30091.jpg
DKNY Women White Dial Watch NY4716,Watches - White - Winter,,100,1,images/elektronik/26332.jpg,26332.jpg
Q&Q Kids Unisex Blue Analog Watch,Watches - Blue - Winter,,100,1,images/elektronik/49891.jpg,49891.jpg
Ed Hardy Men Grey Dial Watch,Watches - Charcoal - Winter,,100,1,images/elektronik/30065.jpg,30065.jpg
Timex Women Lavender Dial Watch,Watches - Lavender - Winter,,100,1,images/elektronik/46481.jpg,46481.jpg
Q&Q Men Beige Dial Watch,Watches - Beige - Winter,,100,1,images/elektronik/32356.jpg,32356.jpg
CASIO ENTICER Women Purple Dial Watch A659 LTP-1294D-6ADF,Watches - Purple - Winter,,100,1,images/elektronik/45204.jpg,45204.jpg
Titan Raga Women Black Dial Watch,Watches - Black - Winter,,100,1,images/elektronik/40544.jpg,40544.jpg
Maxima Attivo Men Black Dial Watch,Watches - Black - Winter,,100,1,images/elektronik/45036.jpg,45036.jpg
DKNY Women White Dial Chronograph Watch NY8102,Watches - White - Winter,,100,1,images/elektronik/28435.jpg,28435.jpg
Fastrack Women White Casual Watch,Watches - White - Winter,,100,1,images/elektronik/22933.jpg,22933.jpg
Maxima Men Steel Dial Digital Multifunction Watch,Watches - Steel - Winter,,100,1,images/elektronik/45009.jpg,45009.jpg
Q&Q Men Black Dial Watch,Watches - Black - Winter,,100,1,images/elektronik/32369.jpg,32369.jpg
Playboy Women White Dial Watch,Watches - White - Winter,,100,1,images/elektronik/29513.jpg,29513.jpg
Q&Q Men Pink Dial Watch,Watches - Pink - Winter,,100,1,images/elektronik/38005.jpg,38005.jpg
Nautica Men Black Dial Chronograph Watch,Watches - Black - Winter,,100,1,images/elektronik/48032.jpg,48032.jpg
Citizen Women Black Dial Watch,Watches - Black - Winter,,100,1,images/elektronik/33933.jpg,33933.jpg
Giordano Women Chronograph Blue Dial Watch,Watches - Blue - Winter,,100,1,images/elektronik/29495.jpg,29495.jpg
Timex Women Pearly White Dial Watch,Watches - White - Summer,,100,1,images/elektronik/46538.jpg,46538.jpg
Titan Men Chronograph White Dial Watch,Watches - White - Winter,,100,1,images/elektronik/31832.jpg,31832.jpg
DKNY Women Black Dial Watch NY4620,Watches - Black - Winter,,100,1,images/elektronik/49326.jpg,49326.jpg
Fastrack Women Brown Watch,Watches - Brown - Winter,,100,1,images/elektronik/51544.jpg,51544.jpg
CASIO ENTICER Women Black Dial Analogue Watch A443,Watches - Black - Winter,,100,1,images/elektronik/45144.jpg,45144.jpg
Fastrack Women White Dial  Watch,Watches - Black - Winter,,100,1,images/elektronik/54660.jpg,54660.jpg
DKNY Women White Dial Watch NY8482,Watches - White - Winter,,100,1,images/elektronik/37332.jpg,37332.jpg
Fastrack Men Black Casual Watch,Watches - Black - Winter,,100,1,images/elektronik/25603.jpg,25603.jpg
ADIDAS Originals Men Black Dial Chronograph Watch ADH2637,Watches - Black - Winter,,100,1,images/elektronik/28578.jpg,28578.jpg
Timex Empera Men Black Dial Watch NL13,Watches - Black - Winter,,100,1,images/elektronik/46507.jpg,46507.jpg
Timex Men Black Dial Watch,Watches - Black - Winter,,100,1,images/elektronik/46735.jpg,46735.jpg
ADIDAS Originals Men Black Dial Watch ADH2643,Watches - Black - Winter,,100,1,images/elektronik/49321.jpg,49321.jpg
Titan Men White Dial Watch,Watches - Silver - Winter,,100,1,images/elektronik/31835.jpg,31835.jpg
Giordano Women Chronograph White Dial Watch,Watches - White - Winter,,100,1,images/elektronik/29492.jpg,29492.jpg
CASIO ENTICER Women White Dial Analogue Watch A637,Watches - White - Winter,,100,1,images/elektronik/45188.jpg,45188.jpg
Giordano Men Silver Dial Watch,Watches - Silver - Winter,,100,1,images/elektronik/29466.jpg,29466.jpg
Maxima Men Black Dial Watch,Watches - Black - Winter,,100,1,images/elektronik/45940.jpg,45940.jpg
Fastrack Women White Dial Watch,Watches - Black - Winter,,100,1,images/elektronik/54658.jpg,54658.jpg
Nautica Men Black Dial Chronograph Watch,Watches - Black - Winter,,100,1,images/elektronik/48035.jpg,48035.jpg
Timex Men Silver Dial Watch,Watches - Steel - Winter,,100,1,images/elektronik/46500.jpg,46500.jpg
Fastrack Men Black Casual Watch,Watches - Black - Winter,,100,1,images/elektronik/25604.jpg,25604.jpg
DKNY Women White Dial Watch NY8510,Watches - White - Winter,,100,1,images/elektronik/37335.jpg,37335.jpg
Fastrack Men White Dial Watch NB3039SM01,Watches - White - Winter,,100,1,images/elektronik/54667.jpg,54667.jpg
CASIO Enticer Men Silver-Toned Chronograph Watch A440,Watches - Silver - Winter,,100,1,images/elektronik/45143.jpg,45143.jpg
Fastrack Women Black Dial Watch,Watches - Black - Winter,,100,1,images/elektronik/51543.jpg,51543.jpg
Timex Men Black Dial Chronograph Watch,Watches - Black - Winter,,100,1,images/elektronik/46509.jpg,46509.jpg
ADIDAS Originals Men Green Dial Chronograph Watch ADH2619,Watches - Green - Winter,,100,1,images/elektronik/28576.jpg,28576.jpg
Citizen Men Black Dial Watch BH1370-51E,Watches - Black - Summer,,100,1,images/elektronik/33902.jpg,33902.jpg
Giordano Men White Dial Watch,Watches - White - Winter,,100,1,images/elektronik/29450.jpg,29450.jpg
ADIDAS Originals Men Blue Dial Watch ADH2656,Watches - Blue - Winter,,100,1,images/elektronik/28582.jpg,28582.jpg
Fastrack Women Pink Dial Watch,Watches - Pink - Winter,,100,1,images/elektronik/25632.jpg,25632.jpg
DKNY Women White Dial Watch NY8283,Watches - White - Winter,,100,1,images/elektronik/49328.jpg,49328.jpg
Puma Men Ocean Race White Watches,Watches - White - Winter,,100,1,images/elektronik/11635.jpg,11635.jpg
Puma Men Star Dust 145 White Watches,Watches - White - Winter,,100,1,images/elektronik/10383.jpg,10383.jpg
Timex Men Black Dial Watch,Watches - Black - Winter,,100,1,images/elektronik/46536.jpg,46536.jpg
Fastrack Men Grey Watch,Watches - Grey - Winter,,100,1,images/elektronik/51581.jpg,51581.jpg
CASIO ENTICER Men White Dial Analogue Watch A583,Watches - White - Winter,,100,1,images/elektronik/45175.jpg,45175.jpg
Casio Enticer Women Silver Analogue Watches (A535) LTP-2069D-6AVDF,Watches - Purple - Winter,,100,1,images/elektronik/37303.jpg,37303.jpg
Fastrack Women Silver Dial Watch,Watches - Red - Winter,,100,1,images/elektronik/54651.jpg,54651.jpg
Giordano Men Black Dial Watch,Watches - Black - Winter,,100,1,images/elektronik/29457.jpg,29457.jpg
ADIDAS Men Black Dial Watch,Watches - Black - Winter,,100,1,images/elektronik/28585.jpg,28585.jpg
Helix Women Purple Dial Watch,Watches - Purple - Winter,,100,1,images/elektronik/48004.jpg,48004.jpg
Fastrack Women Silver-Toned Dial Watch NE6027SL01,Watches - Silver - Winter,,100,1,images/elektronik/54669.jpg,54669.jpg
Citizen Men White Dial Watch,Watches - White - Winter,,100,1,images/elektronik/33905.jpg,33905.jpg
Fastrack Women White Dial Watch,Watches - Black - Winter,,100,1,images/elektronik/54656.jpg,54656.jpg
Casio Youth Series Men Analog-Digital Watch AW-80V-5BVDFAD125,Watches - Brown - Summer,,100,1,images/elektronik/37304.jpg,37304.jpg
Fastrack Women Black Dial Watch,Watches - Black - Winter,,100,1,images/elektronik/56333.jpg,56333.jpg
Giordano Men Black Dial Watch,Watches - Black - Winter,,100,1,images/elektronik/29468.jpg,29468.jpg
CASIO Enticer Men Black Dial Watch A574 MTD-1071D-1A2VDF,Watches - Black - Winter,,100,1,images/elektronik/45172.jpg,45172.jpg
Timen Women Silver Toned Dial Watch T2N150,Watches - Silver - Winter,,100,1,images/elektronik/46531.jpg,46531.jpg
CASIO ENTICER Women White Dial Analogue Watch A634,Watches - White - Winter,,100,1,images/elektronik/45186.jpg,45186.jpg
Puma Women Fluctuation Stones 159 Blue Watch,Watches - Purple - Winter,,100,1,images/elektronik/10384.jpg,10384.jpg
Fastrack Women White Casual Watch,Watches - White - Winter,,100,1,images/elektronik/25635.jpg,25635.jpg
Q&Q Men Black Digital Watch M010-002,Watches - Black - Winter,,100,1,images/elektronik/53615.jpg,53615.jpg
ADIDAS Unisex Peachtree Digital Black Watch,Watches - Black - Winter,,100,1,images/elektronik/4665.jpg,4665.jpg
Esprit Women White Watch,Watches - White - Winter,,100,1,images/elektronik/37506.jpg,37506.jpg
Casio Enticer Women White Dial Watch LTP-1165A-7C2DF(A265),Watches - White - Winter,,100,1,images/elektronik/45126.jpg,45126.jpg
Fastrack Men Black Watch NB9332pp02,Watches - Black - Winter,,100,1,images/elektronik/51526.jpg,51526.jpg
Carrera Men Black Watch,Watches - Black - Winter,,100,1,images/elektronik/11202.jpg,11202.jpg
Timex Expedition Men White Dial Watch T49824,Watches - White - Winter,,100,1,images/elektronik/46565.jpg,46565.jpg
Miss Sixty Silver Dial Watch,Watches - Steel - Winter,,100,1,images/elektronik/50400.jpg,50400.jpg
Fastrack Women Black Dial Watch NA2394SL02,Watches - Black - Winter,,100,1,images/elektronik/25661.jpg,25661.jpg
ADIDAS Unisex New York Original Digital Red Watch,Watches - Red - Winter,,100,1,images/elektronik/4691.jpg,4691.jpg
Fastrack Men Black Watch,Watches - Black - Winter,,100,1,images/elektronik/51519.jpg,51519.jpg
Guess Women White Dial Watch W80056L1,Watches - White - Summer,,100,1,images/elektronik/19296.jpg,19296.jpg
Maxima Men White Dial Watch,Watches - White - Winter,,100,1,images/elektronik/45925.jpg,45925.jpg
Casio Enticer Men Silver Analogue Watch MTP-1243D-2AVDF(A217),Watches - Purple - Winter,,100,1,images/elektronik/45119.jpg,45119.jpg
Titan Edge Men Black Dial Watch,Watches - Black - Winter,,100,1,images/elektronik/31850.jpg,31850.jpg
Guess Women Mini Rock Candy Gold Watch,Watches - Gold - Winter,,100,1,images/elektronik/19262.jpg,19262.jpg
ADIDAS Unisex Duramo Digital Black Watch,Watches - Black - Winter,,100,1,images/elektronik/4696.jpg,4696.jpg
Titan Women Raga Mother Of Pearl Dial Watch,Watches - Gold - Winter,,100,1,images/elektronik/31868.jpg,31868.jpg
Fastrack Men Blue Dial Watch NA3001SM02,Watches - Blue - Summer,,100,1,images/elektronik/25666.jpg,25666.jpg
Esprit Men Athletic Black Steel Watches,Watches - Steel - Winter,,100,1,images/elektronik/10581.jpg,10581.jpg
Timex Men Charcoal Grey Dial Watch T49796,Watches - Charcoal - Winter,,100,1,images/elektronik/46562.jpg,46562.jpg
Carrera Men Black Watch,Watches - Black - Winter,,100,1,images/elektronik/11205.jpg,11205.jpg
Fastrack Men Silver-Toned Dial Watch N1229SM04,Watches - Silver - Summer,,100,1,images/elektronik/51521.jpg,51521.jpg
Casio Enticer Men Silver Analogue Multi-Dial Watch MTP-1246D-1AVDF(A220),Watches - Black - Winter,,100,1,images/elektronik/45121.jpg,45121.jpg
Esprit Men  Black Dial Chronograph Watch,Watches - Black - Winter,,100,1,images/elektronik/30172.jpg,30172.jpg
Q&Q Men Black Digital Watch M051-001,Watches - Black - Winter,,100,1,images/elektronik/53612.jpg,53612.jpg
Police Men Black Dial Watch PL12897JS-02M,Watches - Black - Winter,,100,1,images/elektronik/49515.jpg,49515.jpg
Guess Women Chronograph Silver-Toned Dial Watch W11610L1,Watches - Silver - Winter,,100,1,images/elektronik/19265.jpg,19265.jpg
Fastrack Women Silver Dial Watch,Watches - Silver - Winter,,100,1,images/elektronik/25659.jpg,25659.jpg
Titan Women Mother Of Pearl Dial Watch,Watches - Gold - Winter,,100,1,images/elektronik/31857.jpg,31857.jpg
Maxima Women White Dial Watch,Watches - White - Winter,,100,1,images/elektronik/45922.jpg,45922.jpg
Fossil Men Brown Dial Chronograph Watch CH2599,Watches - Brown - Winter,,100,1,images/elektronik/21669.jpg,21669.jpg
Guess Women Quilty Black Watch,Watches - Black - Winter,,100,1,images/elektronik/19291.jpg,19291.jpg
Puma Men Top Fluctuation Red Black Watches,Watches - Black - Winter,,100,1,images/elektronik/11001.jpg,11001.jpg
Q&Q Men White Dial Watch A150J204Y,Watches - White - Winter,,100,1,images/elektronik/32283.jpg,32283.jpg
Fossil Women Brown Dial Watch ES2949,Watches - Brown - Winter,,100,1,images/elektronik/21694.jpg,21694.jpg
Timex Men Black Dial Watch T49618,Watches - Black - Winter,,100,1,images/elektronik/46554.jpg,46554.jpg
Fastrack Women Black Dial Watch,Watches - Black - Winter,,100,1,images/elektronik/43214.jpg,43214.jpg
Fastrack Men White Dial Watch N9336SL01,Watches - White - Summer,,100,1,images/elektronik/25650.jpg,25650.jpg
Fastrack Women Black Dial Watch NES014SL01,Watches - Black - Winter,,100,1,images/elektronik/8099.jpg,8099.jpg
Fastrack Men White Dial Watch,Watches - Olive - Winter,,100,1,images/elektronik/54633.jpg,54633.jpg
Puma Men Top Indication Silver Black Watch,Watches - Black - Winter,,100,1,images/elektronik/11491.jpg,11491.jpg
Q&Q Men White Watch,Watches - White - Winter,,100,1,images/elektronik/53624.jpg,53624.jpg
Fastrack Women Black Dial Watch N2298sm03,Watches - Black - Winter,,100,1,images/elektronik/51517.jpg,51517.jpg
Guess Women Puffy G Black Watch,Watches - Black - Spring,,100,1,images/elektronik/19298.jpg,19298.jpg
Esprit Women Rough Chic Gold Watch,Watches - Gold - Winter,,100,1,images/elektronik/10315.jpg,10315.jpg
Casio Youth Series Men White Analogue Watch MQ-27-7BDF(A210),Watches - White - Winter,,100,1,images/elektronik/45117.jpg,45117.jpg
Titan Men Chronograph Black Dial Watch,Watches - Black - Winter,,100,1,images/elektronik/31861.jpg,31861.jpg
Carrera Men Round Dial PU Strap Black Watches,Watches - Black - Winter,,100,1,images/elektronik/10588.jpg,10588.jpg
Fossil Men Black Dial Watch FS4628,Watches - Black - Winter,,100,1,images/elektronik/58451.jpg,58451.jpg
Guess Women Sparkle Box Set Watch With Interchangeable Straps,Watches - Steel - Winter,,100,1,images/elektronik/19253.jpg,19253.jpg
Maxima Men Black Dial Watch,Watches - Black - Winter,,100,1,images/elektronik/45914.jpg,45914.jpg
Q&Q Men White Digital Watch,Watches - White - Winter,,100,1,images/elektronik/53871.jpg,53871.jpg
Casio Enticer Men Steel-Toned Analogue Watch MTP-1214A-7AVDF(A344),Watches - Silver - Winter,,100,1,images/elektronik/45128.jpg,45128.jpg
Fastrack Men Grey Dial Watch NB3001SL02,Watches - Grey - Winter,,100,1,images/elektronik/51528.jpg,51528.jpg
Giordano Men Black Dial Watch,Watches - Black - Winter,,100,1,images/elektronik/29432.jpg,29432.jpg
Esprit Women Spark Black White Silver Watches,Watches - Silver - Winter,,100,1,images/elektronik/10312.jpg,10312.jpg
Casio Enticer Men Silver Analogue Watch MTP-1165A-7CDF(A134),Watches - White - Winter,,100,1,images/elektronik/45110.jpg,45110.jpg
Fossil Men Black Dial Chronograph Watch CH2586,Watches - Brown - Winter,,100,1,images/elektronik/21667.jpg,21667.jpg
Fastrack Men White Dial Watch,Watches - White - Winter,,100,1,images/elektronik/51510.jpg,51510.jpg
Fastrack Men Grey Dial Watch,Watches - Black - Winter,,100,1,images/elektronik/54634.jpg,54634.jpg
Fastrack Women Purple Watch,Watches - Purple - Winter,,100,1,images/elektronik/25657.jpg,25657.jpg
Titan Edge Men Black Dial Watch,Watches - Black - Winter,,100,1,images/elektronik/31859.jpg,31859.jpg
FCUK Women White Dial Watch FC1012WWN,Watches - White - Winter,,100,1,images/elektronik/58831.jpg,58831.jpg
Puma Men Star Dust Black Dial Watch,Watches - Black - Winter,,100,1,images/elektronik/11650.jpg,11650.jpg
Fastrack Women Steel Dial Watch,Watches - Steel - Winter,,100,1,images/elektronik/43213.jpg,43213.jpg
Puma Men Race Luminous Black Chronograph Watch,Watches - Black - Winter,,100,1,images/elektronik/11006.jpg,11006.jpg
Fossil Women Pink Dial Watch ES2946,Watches - Pink - Winter,,100,1,images/elektronik/21693.jpg,21693.jpg
Timex Men Orange Dial Watch,Watches - Orange - Winter,,100,1,images/elektronik/46553.jpg,46553.jpg
Maxima Men White Dial Watch,Watches - White - Winter,,100,1,images/elektronik/45913.jpg,45913.jpg
Guess Women Mini Rock Candy Silver Watch,Watches - Silver - Winter,,100,1,images/elektronik/19254.jpg,19254.jpg
Fossil Men Black Dial Analogue Watch AM4381,Watches - Black - Winter,,100,1,images/elektronik/58456.jpg,58456.jpg
ADIDAS Unisex Duramo Black Watch,Watches - Black - Winter,,100,1,images/elektronik/4698.jpg,4698.jpg
Titan Women Raga Silver Dial Watch,Watches - Silver - Winter,,100,1,images/elektronik/31866.jpg,31866.jpg
Fastrack Men Silver Casual Watch,Watches - Silver - Winter,,100,1,images/elektronik/25668.jpg,25668.jpg
Citizen Men White Dial Watch,Watches - White - Winter,,100,1,images/elektronik/33904.jpg,33904.jpg
Giordano Men White Dial Watch,Watches - White - Winter,,100,1,images/elektronik/29456.jpg,29456.jpg
ADIDAS Originals Men White Dial Watch ADH2660,Watches - White - Winter,,100,1,images/elektronik/28584.jpg,28584.jpg
Fastrack Men Black Dial Watch,Watches - Black - Winter,,100,1,images/elektronik/54668.jpg,54668.jpg
ADIDAS Unisex Black Dial Watch,Watches - Black - Winter,,100,1,images/elektronik/23508.jpg,23508.jpg
Helix Men Black Dial Watch,Watches - Black - Winter,,100,1,images/elektronik/48005.jpg,48005.jpg
Puma Women Vitality Stones 168 White Watches,Watches - White - Winter,,100,1,images/elektronik/10385.jpg,10385.jpg
CASIO ENTICER Women Black Dial Analogue Watch A635,Watches - Black - Winter,,100,1,images/elektronik/45187.jpg,45187.jpg
Timex Women Silver-Toned Dial Watch T2N148,Watches - White - Winter,,100,1,images/elektronik/46530.jpg,46530.jpg
Fastrack Women Black Dial Watch N6035SL02,Watches - Black - Summer,,100,1,images/elektronik/25634.jpg,25634.jpg
Fastrack Women Silver Dial Watch,Watches - Silver - Winter,,100,1,images/elektronik/56332.jpg,56332.jpg
Casio Youth Series Men Analog-Digital Watch AQ-S800W-1BVDFAD168,Watches - Black - Summer,,100,1,images/elektronik/37305.jpg,37305.jpg
Fastrack Women Black Dial Watch,Watches - Black - Winter,,100,1,images/elektronik/54657.jpg,54657.jpg
CASIO ENTICER Men Black Dial Analogue Watch A576,Watches - Black - Winter,,100,1,images/elektronik/45173.jpg,45173.jpg
Fastrack Women Sliver Dial Watch,Watches - Silver - Winter,,100,1,images/elektronik/51573.jpg,51573.jpg
Giordano Men White Dial Watch,Watches - White - Winter,,100,1,images/elektronik/29451.jpg,29451.jpg
ADIDAS Originals Men Black Watch ADH2659,Watches - Black - Winter,,100,1,images/elektronik/28583.jpg,28583.jpg
Citizen Men White Dial Watch,Watches - White - Summer,,100,1,images/elektronik/33903.jpg,33903.jpg
Timex Men White Dial Chronograph Watch,Watches - Gold - Winter,,100,1,images/elektronik/46508.jpg,46508.jpg
ADIDAS Originals Men White Dial Chronograph Watch ADH2624,Watches - White - Winter,,100,1,images/elektronik/28577.jpg,28577.jpg
Fastrack Men Black Watch,Watches - Black - Winter,,100,1,images/elektronik/51574.jpg,51574.jpg
CASIO ENTICER Men Black Dial Analogue Watch A582,Watches - Black - Winter,,100,1,images/elektronik/45174.jpg,45174.jpg
Fastrack Women White Dial Watch,Watches - Red - Winter,,100,1,images/elektronik/54650.jpg,54650.jpg
Fastrack Men Black Watch,Watches - Black - Winter,,100,1,images/elektronik/56335.jpg,56335.jpg
Casio Enticer Women Off-White Multi-Dial Watch LTP-2083L-4AVDF(A532),Watches - Off White - Winter,,100,1,images/elektronik/37302.jpg,37302.jpg
DKNY Women White Dial Watch NY8284,Watches - White - Winter,,100,1,images/elektronik/49329.jpg,49329.jpg
Puma Men Rod Silver Black Watches,Watches - Black - Winter,,100,1,images/elektronik/11634.jpg,11634.jpg
Fastrack Women Silver Dial Watch,Watches - Blue - Winter,,100,1,images/elektronik/25633.jpg,25633.jpg
Timex Women White Dial Watch,Watches - White - Winter,,100,1,images/elektronik/46537.jpg,46537.jpg
Giordano Men Silver Dial Watch,Watches - Silver - Winter,,100,1,images/elektronik/29467.jpg,29467.jpg
Fastrack Women Red Dial Watch,Watches - Black - Winter,,100,1,images/elektronik/54659.jpg,54659.jpg
Titan Men White Dial Watch,Watches - Silver - Winter,,100,1,images/elektronik/31834.jpg,31834.jpg
CASIO ENTICER Women Black Dial Analogue Watch A638,Watches - Black - Winter,,100,1,images/elektronik/45189.jpg,45189.jpg
Giordano Women Chronograph White Dial Watch,Watches - White - Winter,,100,1,images/elektronik/29493.jpg,29493.jpg
Fastrack Men Blue Dial  Watch,Watches - Steel - Winter,,100,1,images/elektronik/54666.jpg,54666.jpg
DKNY Women White Dial Watch NY8500,Watches - White - Winter,,100,1,images/elektronik/37334.jpg,37334.jpg
Fastrack Men White Dial Watch,Watches - White - Winter,,100,1,images/elektronik/51542.jpg,51542.jpg
Casio Enticer Men Black Dial Analogue Watch MTP-1291D-1A3VDF(A415),Watches - Black - Winter,,100,1,images/elektronik/45142.jpg,45142.jpg
Timex Men Black Dial Watch,Watches - Black - Winter,,100,1,images/elektronik/46501.jpg,46501.jpg
Q&Q Kids Girls White Dial Analog Watch,Watches - Yellow - Winter,,100,1,images/elektronik/49911.jpg,49911.jpg
Fastrack Men Black Dial Watch N1161SM02,Watches - Black - Winter,,100,1,images/elektronik/25605.jpg,25605.jpg
Timex Men Black Dial Watch,Watches - Black - Winter,,100,1,images/elektronik/46539.jpg,46539.jpg
Giordano Women Chronograph Black Dial Watch,Watches - Black - Winter,,100,1,images/elektronik/29494.jpg,29494.jpg
Citizen Women White Dial Watch,Watches - Steel - Winter,,100,1,images/elektronik/33932.jpg,33932.jpg
DKNY Women White Dial Watch NY4634,Watches - White - Winter,,100,1,images/elektronik/49327.jpg,49327.jpg
Titan Men Chronograph White Dial Watch,Watches - White - Winter,,100,1,images/elektronik/31833.jpg,31833.jpg
Nautica Men Black Dial Chronograph Watch,Watches - Black - Winter,,100,1,images/elektronik/48033.jpg,48033.jpg
Timex Men Cream Dial Watch,Watches - Cream - Summer,,100,1,images/elektronik/46734.jpg,46734.jpg
ADIDAS Originals Men Black Dial Watch ADH2644,Watches - Black - Winter,,100,1,images/elektronik/28579.jpg,28579.jpg
Puma Women Pliancy Black Watches,Watches - Black - Winter,,100,1,images/elektronik/10181.jpg,10181.jpg
Casio ENTICER Men Dial Watch A450 MTP-1296D-7AVDF,Watches - White - Winter,,100,1,images/elektronik/45145.jpg,45145.jpg
Fastrack Women Sliver Dial Watch,Watches - Silver - Winter,,100,1,images/elektronik/51545.jpg,51545.jpg
DKNY Women White Dial Watch NY8484,Watches - White - Winter,,100,1,images/elektronik/37333.jpg,37333.jpg
Fastrack Women White Dial Watch,Watches - Red - Winter,,100,1,images/elektronik/54661.jpg,54661.jpg
FCUK Women Blue Dial Watch FC1019BWN,Watches - Blue - Winter,,100,1,images/elektronik/58830.jpg,58830.jpg
Puma Men Race Luminous Chrono Black Dial Watch,Watches - Black - Winter,,100,1,images/elektronik/11651.jpg,11651.jpg
Fastrack Men Black Dial Watch NA1474SM02,Watches - Black - Winter,,100,1,images/elektronik/25656.jpg,25656.jpg
Titan Edge Men Black Dial Watch NH679SL02A,Watches - Black - Summer,,100,1,images/elektronik/31858.jpg,31858.jpg
Fossil Women Silver-Toned Dial Watch ES2421,Watches - Silver - Winter,,100,1,images/elektronik/21692.jpg,21692.jpg
Puma Men Turbo Black Chronograph Watch,Watches - Black - Winter,,100,1,images/elektronik/11007.jpg,11007.jpg
Timex Men Off White Dial Watch,Watches - Cream - Winter,,100,1,images/elektronik/46552.jpg,46552.jpg
Fastrack Women White Dial Watch,Watches - White - Winter,,100,1,images/elektronik/43212.jpg,43212.jpg
Fossil Men Black Dial Chronograph Watch CH2573,Watches - Black - Winter,,100,1,images/elektronik/21666.jpg,21666.jpg
Fastrack Men Brown Dial Watch NA3039sp02,Watches - Brown - Winter,,100,1,images/elektronik/51511.jpg,51511.jpg
Casio Enticer Men Silver Analogue Watches (A165) MTP-1191A-7ADF,Watches - Blue - Winter,,100,1,images/elektronik/45111.jpg,45111.jpg
Esprit Women Cool Chic White Steel Watches,Watches - Steel - Winter,,100,1,images/elektronik/10313.jpg,10313.jpg
Fastrack Men Grey Dial Watch,Watches - Grey - Winter,,100,1,images/elektronik/54635.jpg,54635.jpg
Q&Q Men Black Watch,Watches - Black - Winter,,100,1,images/elektronik/53622.jpg,53622.jpg
Guess Women Glow Gold Watch,Watches - Gold - Winter,,100,1,images/elektronik/19255.jpg,19255.jpg
Titan Women Raga Mother Of Pearl Dial Watch,Watches - Gold - Winter,,100,1,images/elektronik/31867.jpg,31867.jpg
Fastrack Men Black Dial Watch NA3039SL02,Watches - Black - Winter,,100,1,images/elektronik/25669.jpg,25669.jpg
ADIDAS Unisex Duramo Sleek Black Watch,Watches - Black - Winter,,100,1,images/elektronik/4699.jpg,4699.jpg
Chhota Bheem Digital Pop kids-Boys Blue Watch,Watches - Blue - Winter,,100,1,images/elektronik/18525.jpg,18525.jpg
Maxima Women Silver Dial Watch,Watches - Silver - Winter,,100,1,images/elektronik/45912.jpg,45912.jpg
Giordano Men White Dial Watch,Watches - White - Winter,,100,1,images/elektronik/29434.jpg,29434.jpg
Q&Q Men Black Watch,Watches - Black - Winter,,100,1,images/elektronik/53625.jpg,53625.jpg
Puma Women Flux-M Black Watch,Watches - Black - Winter,,100,1,images/elektronik/11490.jpg,11490.jpg
Fastrack Men Hip Hop Analog Black Watch,Watches - Black - Winter,,100,1,images/elektronik/8098.jpg,8098.jpg
Fastrack Men Black Dial Watch,Watches - Steel - Winter,,100,1,images/elektronik/54632.jpg,54632.jpg
Casio Enticer Men Silver Analogue Watch MTP-1240D-1ADF(A206),Watches - Black - Winter,,100,1,images/elektronik/45116.jpg,45116.jpg
Esprit Women E-Ffect Black With White Dial Steel Watch,Watches - Steel - Winter,,100,1,images/elektronik/10314.jpg,10314.jpg
Guess Women Trapeze Steel Watch,Watches - Steel - Winter,,100,1,images/elektronik/19299.jpg,19299.jpg
Fastrack Women White Dial Watch N6015sm01,Watches - White - Winter,,100,1,images/elektronik/51516.jpg,51516.jpg
Fastrack Women White Dial Watch,Watches - White - Winter,,100,1,images/elektronik/43215.jpg,43215.jpg
Fossil Women Maroon Dial Watch ES2950,Watches - Maroon - Winter,,100,1,images/elektronik/21695.jpg,21695.jpg
Q&Q Men Black Watch A148J305Y,Watches - Black - Winter,,100,1,images/elektronik/32282.jpg,32282.jpg
Puma Men Slick 3HD Yellow Black Watches,Watches - Black - Winter,,100,1,images/elektronik/11000.jpg,11000.jpg
Fastrack Men Black Dial Watch N9336SL03,Watches - Black - Summer,,100,1,images/elektronik/25651.jpg,25651.jpg
Fastrack Women Blue Dial Watch,Watches - Blue - Winter,,100,1,images/elektronik/51529.jpg,51529.jpg
Giordano Men White Dial Watch,Watches - White - Winter,,100,1,images/elektronik/29433.jpg,29433.jpg
Casio Enticerr Men Black Dial Analogue Watch MTP-1214A-8AVDF(A345),Watches - Black - Winter,,100,1,images/elektronik/45129.jpg,45129.jpg
Esprit Men Black Dial Watch,Watches - Black - Winter,,100,1,images/elektronik/37509.jpg,37509.jpg
Maxima Women Steel Watch,Watches - Steel - Winter,,100,1,images/elektronik/45915.jpg,45915.jpg
Titan Men Chronograph Silver-Toned Dial Watch NA9322SL02,Watches - Silver - Winter,,100,1,images/elektronik/31860.jpg,31860.jpg
Guess Men Rush Steel Watch,Watches - Steel - Winter,,100,1,images/elektronik/19252.jpg,19252.jpg
Fossil Men Black Dial Chronograph Watch FS4646,Watches - Black - Winter,,100,1,images/elektronik/58450.jpg,58450.jpg
Casio Enticer Men Silver Analogue Watch MTP-1243D-7AVDF(A218),Watches - Silver - Winter,,100,1,images/elektronik/45120.jpg,45120.jpg
Fastrack Women White Dial Watch NB2394sm01,Watches - White - Winter,,100,1,images/elektronik/51520.jpg,51520.jpg
Q&Q Men Black Digital Watch M040-002,Watches - Black - Winter,,100,1,images/elektronik/53613.jpg,53613.jpg
Fastrack Men Silver Casual Watch,Watches - Silver - Winter,,100,1,images/elektronik/25667.jpg,25667.jpg
Esprit Men Athletic Rosegold Copper Watches,Watches - Copper - Winter,,100,1,images/elektronik/10580.jpg,10580.jpg
ADIDAS Unisex Digital Duramo Black Watch,Watches - Black - Winter,,100,1,images/elektronik/4697.jpg,4697.jpg
Carrera Men Black and Grey Dial Watch,Watches - Black - Winter,,100,1,images/elektronik/11204.jpg,11204.jpg
Timex Men Black Watch,Watches - Black - Winter,,100,1,images/elektronik/46563.jpg,46563.jpg
Miss Sixty Black Dial Watch,Watches - Black - Winter,,100,1,images/elektronik/50406.jpg,50406.jpg
Fossil Men Silver-Toned Dial Chronograph Watch CH2592,Watches - Silver - Winter,,100,1,images/elektronik/21668.jpg,21668.jpg
Guess Women Quilty White Watch,Watches - White - Winter,,100,1,images/elektronik/19290.jpg,19290.jpg
Maxima Women Black Dial Watch,Watches - Black - Winter,,100,1,images/elektronik/45923.jpg,45923.jpg
Guess Women Mini Prism Black Watch,Watches - Black - Fall,,100,1,images/elektronik/19264.jpg,19264.jpg
Police Men Black Dial Watch PL12895JS-02M,Watches - Black - Winter,,100,1,images/elektronik/49514.jpg,49514.jpg
Titan Men Gold Dial Watch,Watches - Gold - Winter,,100,1,images/elektronik/40499.jpg,40499.jpg
Fastrack Women Silver Dial Casual Watch,Watches - Silver - Winter,,100,1,images/elektronik/25658.jpg,25658.jpg
Titan Men Chronograph Black Dial Watch,Watches - Black - Winter,,100,1,images/elektronik/31856.jpg,31856.jpg
Timex Men Olive Watch,Watches - Olive - Winter,,100,1,images/elektronik/46564.jpg,46564.jpg
Miss Sixty Gold Dial Watch,Watches - Gold - Winter,,100,1,images/elektronik/50401.jpg,50401.jpg
Carrera Men Metal strap Sqaure dial Black Watches,Watches - Black - Winter,,100,1,images/elektronik/11203.jpg,11203.jpg
ADIDAS Unisex New York Plaid Digital Grey Watch,Watches - Grey - Winter,,100,1,images/elektronik/4690.jpg,4690.jpg
Fastrack Women Black Dial Watch NA2394SL01,Watches - Black - Winter,,100,1,images/elektronik/25660.jpg,25660.jpg
Carrera Men Careera dial steel strap patch White Watches,Watches - White - Winter,,100,1,images/elektronik/10587.jpg,10587.jpg
ADIDAS Unisex Originals White Watch,Watches - White - Winter,,100,1,images/elektronik/4664.jpg,4664.jpg
Q&Q Men Black Digital Watch M040-001,Watches - Black - Winter,,100,1,images/elektronik/53614.jpg,53614.jpg
Fastrack Men Black Dial Watch,Watches - Black - Winter,,100,1,images/elektronik/51527.jpg,51527.jpg
Casio Enticer Men Silver Analogue Watch MTP-1214A-2AVDF(A343),Watches - Blue - Winter,,100,1,images/elektronik/45127.jpg,45127.jpg
Puma Men Atlantis Black Watches,Watches - Black - Winter,,100,1,images/elektronik/10325.jpg,10325.jpg
Titan Edge Men Black Dial Watch,Watches - Black - Winter,,100,1,images/elektronik/31851.jpg,31851.jpg
Police Men Silver-Toned Dial Watch PL11916MRS-04A,Watches - Silver - Winter,,100,1,images/elektronik/49513.jpg,49513.jpg
Guess Women Mini Quiz White Dial Watch with Interchangeable Straps W11130L1,Watches - White - Winter,,100,1,images/elektronik/19263.jpg,19263.jpg
Casio Enticer Men Black Dial Analogue Watch MTP-1243D-1AVDF(A216),Watches - Black - Winter,,100,1,images/elektronik/45118.jpg,45118.jpg
Maxima Women Blue Dial Watch,Watches - Blue - Winter,,100,1,images/elektronik/45924.jpg,45924.jpg
Guess Women Puffy G White Dial Watch with Swarovski Elements W85098L1,Watches - White - Summer,,100,1,images/elektronik/19297.jpg,19297.jpg
Fastrack Men Black Dial Watch,Watches - Black - Winter,,100,1,images/elektronik/51518.jpg,51518.jpg
Fastrack Men Bikers Analog Steel Brown Watch,Watches - Brown - Winter,,100,1,images/elektronik/8096.jpg,8096.jpg
Timex Women Steel Watch,Watches - Steel - Winter,,100,1,images/elektronik/46579.jpg,46579.jpg
Chhota Bheem Analog Kids-Boys Orange Watch,Watches - Orange - Winter,,100,1,images/elektronik/18531.jpg,18531.jpg
Q&Q Men Black Digital Watch M051J007Y,Watches - Black - Winter,,100,1,images/elektronik/53609.jpg,53609.jpg
Esprit Men White Dial Watch,Watches - White - Winter,,100,1,images/elektronik/30169.jpg,30169.jpg
Giordano Men White Dial Watch,Watches - White - Winter,,100,1,images/elektronik/29420.jpg,29420.jpg
Maxima Men Black Dial Watch,Watches - Black - Winter,,100,1,images/elektronik/45906.jpg,45906.jpg
Fastrack Men Black Casual Watch,Watches - Black - Winter,,100,1,images/elektronik/25642.jpg,25642.jpg
Puma Men Flux-L Black Watch,Watches - Black - Winter,,100,1,images/elektronik/11645.jpg,11645.jpg
Fossil Men Quartz Black Dial Chronograph Watch CH2803,Watches - Black - Winter,,100,1,images/elektronik/46310.jpg,46310.jpg
Esprit Men Avalance Blue Steel Watches,Watches - Steel - Winter,,100,1,images/elektronik/11221.jpg,11221.jpg
Fastrack Men Black Dial Watch,Watches - Black - Winter,,100,1,images/elektronik/43206.jpg,43206.jpg
Timex Men Black Dial Watch T2N522,Watches - Black - Winter,,100,1,images/elektronik/46546.jpg,46546.jpg
Fossil Men Grey Dial Chronograph Watch CH2781,Watches - Grey - Winter,,100,1,images/elektronik/21686.jpg,21686.jpg
Q&Q Men Black Dial Watch,Watches - Black - Winter,,100,1,images/elektronik/32291.jpg,32291.jpg
Maxima Men White Dial Watch,Watches - White - Winter,,100,1,images/elektronik/45939.jpg,45939.jpg
Fossil Men Black Dial Chronograph Watch CH2619,Watches - Black - Winter,,100,1,images/elektronik/21672.jpg,21672.jpg
Esprit Women Lissomy Glam White Silver Watches,Watches - Silver - Winter,,100,1,images/elektronik/10135.jpg,10135.jpg
Fastrack Men Silver Dial Watch,Watches - Brown - Winter,,100,1,images/elektronik/56344.jpg,56344.jpg
Puma Men Puma Black mens watch Black Watches,Watches - Black - Winter,,100,1,images/elektronik/11483.jpg,11483.jpg
Fastrack Men Black Dial Watch,Watches - Black - Winter,,100,1,images/elektronik/54621.jpg,54621.jpg
Ice Women Classic Solid Silver Watch,Watches - Silver - Winter,,100,1,images/elektronik/21478.jpg,21478.jpg
Maxima Women Black Dial Watch,Watches - Black - Winter,,100,1,images/elektronik/45901.jpg,45901.jpg
Fastrack Men Black Dial Watch,Watches - Black - Winter,,100,1,images/elektronik/54619.jpg,54619.jpg
Fossil Men Silver Dial Chronograph Watch FS4543,Watches - Silver - Winter,,100,1,images/elektronik/36897.jpg,36897.jpg
CASIO ENTICER Women White Dial Analogue Watch A625 ,Watches - White - Winter,,100,1,images/elektronik/39017.jpg,39017.jpg
Fossil Women White Dial Chronograph Watch ES2967,Watches - White - Winter,,100,1,images/elektronik/58444.jpg,58444.jpg
Fastrack Men Black Dial Watch,Watches - Black - Winter,,100,1,images/elektronik/54626.jpg,54626.jpg
Fastrack Men Black Dial Watch,Watches - Black - Winter,,100,1,images/elektronik/56343.jpg,56343.jpg
Puma Men Ocean Black Watch,Watches - Black - Winter,,100,1,images/elektronik/11484.jpg,11484.jpg
Giordano Men Black Dial Watch,Watches - Black - Winter,,100,1,images/elektronik/29418.jpg,29418.jpg
Fossil Men Black Dial Chronograph Watch CH2652,Watches - Black - Winter,,100,1,images/elektronik/21675.jpg,21675.jpg
Guess Women Autograph Gold Watch,Watches - Gold - Winter,,100,1,images/elektronik/19279.jpg,19279.jpg
Timex Men Silver-Toned Dial Watch,Watches - Silver - Winter,,100,1,images/elektronik/46541.jpg,46541.jpg
Fossil Men Black Chronograph Watch CH2697,Watches - Black - Winter,,100,1,images/elektronik/21681.jpg,21681.jpg
Q&Q Men Blue Dial Watch,Watches - Blue - Winter,,100,1,images/elektronik/32296.jpg,32296.jpg
Esprit Men Velocity Chrono Silver Steel Watches,Watches - Steel - Winter,,100,1,images/elektronik/11226.jpg,11226.jpg
Fastrack Men Grey Dial Watch,Watches - Grey - Winter,,100,1,images/elektronik/43201.jpg,43201.jpg
FCUK Men Black Dial Watch FC1066BBGGN,Watches - Black - Winter,,100,1,images/elektronik/58823.jpg,58823.jpg
CASIO ENTICER Men Black Dial Watch A642,Watches - Black - Winter,,100,1,images/elektronik/39028.jpg,39028.jpg
Puma Women Vintage Black Watch,Watches - Black - Winter,,100,1,images/elektronik/11642.jpg,11642.jpg
Fossil Men Silver-Toned Dial Chronograph Watch FS4663,Watches - Silver - Winter,,100,1,images/elektronik/46317.jpg,46317.jpg
Fastrack Men Black Casual Watch,Watches - Black - Winter,,100,1,images/elektronik/25645.jpg,25645.jpg
Nautica Men Black Dial Chronograph Watch,Watches - Black - Winter,,100,1,images/elektronik/48042.jpg,48042.jpg
Maxima Men White Dial Watch,Watches - White - Winter,,100,1,images/elektronik/45937.jpg,45937.jpg
Guess Women Black Dial Watch W60005L2,Watches - Black - Winter,,100,1,images/elektronik/19284.jpg,19284.jpg
Giordano Men White Dial Watch,Watches - White - Winter,,100,1,images/elektronik/29411.jpg,29411.jpg
Fastrack Women Grey Dial Watch,Watches - Grey - Winter,,100,1,images/elektronik/43208.jpg,43208.jpg
Suunto Vector HR White Watch,Watches - Black - Winter,,100,1,images/elektronik/35288.jpg,35288.jpg
Guess Women Mini Prism Steel Watch,Watches - Steel - Winter,,100,1,images/elektronik/19270.jpg,19270.jpg
Fossil Women Silver-Toned Dial Watch ES1869,Watches - Silver - Summer,,100,1,images/elektronik/21688.jpg,21688.jpg
Titan Men Black Dial Watch,Watches - Black - Winter,,100,1,images/elektronik/31842.jpg,31842.jpg
CASIO ENTICER Men Navy Dial Analogue Watch A629,Watches - Navy Blue - Winter,,100,1,images/elektronik/39021.jpg,39021.jpg
Fastrack Men White Dial Watch,Watches - White - Winter,,100,1,images/elektronik/51534.jpg,51534.jpg
Casio Enticer Men Silver-Gold Analogue Watch MTP-1235SG-7ADF(A359),Watches - Silver - Winter,,100,1,images/elektronik/45134.jpg,45134.jpg
Maxima Ssteele Men White Dial Watch,Watches - White - Winter,,100,1,images/elektronik/45908.jpg,45908.jpg
Fastrack Women Silver-Toned Dial Watch NA6001SM01,Watches - Silver - Winter,,100,1,images/elektronik/25673.jpg,25673.jpg
Esprit Women Houston Funky Pink Pink Watches,Watches - Pink - Winter,,100,1,images/elektronik/10594.jpg,10594.jpg
Timex Women Blue Watch,Watches - Blue - Winter,,100,1,images/elektronik/46577.jpg,46577.jpg
Esprit Women Open Link Black Steel Watches,Watches - Steel - Winter,,100,1,images/elektronik/11210.jpg,11210.jpg
CASIO ENTICER Women Pink Dial Watch A639,Watches - Pink - Winter,,100,1,images/elektronik/39026.jpg,39026.jpg
Titan Obahu Men Black Dial Watch,Watches - Black - Winter,,100,1,images/elektronik/31845.jpg,31845.jpg
Guess Women Candy Pop Black Watch,Watches - Black - Winter,,100,1,images/elektronik/19277.jpg,19277.jpg
Q&Q Men Black Dial Watch,Watches - Black - Winter,,100,1,images/elektronik/32298.jpg,32298.jpg
Esprit Men Imapc Rosegold Copper Chronograph Watch,Watches - Copper - Winter,,100,1,images/elektronik/11228.jpg,11228.jpg
Guess Women Netted White Watch,Watches - White - Winter,,100,1,images/elektronik/19283.jpg,19283.jpg
Giordano Men Silver Dial Watch,Watches - Silver - Winter,,100,1,images/elektronik/29416.jpg,29416.jpg
Maxima Men Black Dial Watch,Watches - Black - Winter,,100,1,images/elektronik/45930.jpg,45930.jpg
Fastrack Men Silver Dial Watch,Watches - Black - Winter,,100,1,images/elektronik/54628.jpg,54628.jpg
Esprit Men Athletic Silver Black Steel Watches,Watches - Steel - Winter,,100,1,images/elektronik/11217.jpg,11217.jpg
Guess Women Mini Rock Candy Gold Watch,Watches - Gold - Winter,,100,1,images/elektronik/19248.jpg,19248.jpg
Timex Men Grey Ruthenium Intelligent Quartz Analogue Watch T49860,Watches - Grey - Summer,,100,1,images/elektronik/46570.jpg,46570.jpg
Fastrack Women Silver Dial Watch NA6004SL01,Watches - Silver - Winter,,100,1,images/elektronik/25674.jpg,25674.jpg
Esprit Women Houston Purple Ice Purple Watches,Watches - Purple - Winter,,100,1,images/elektronik/10593.jpg,10593.jpg
CASIO ENTICER Men Black Dial Analogue Watch A627 ,Watches - Black - Winter,,100,1,images/elektronik/39019.jpg,39019.jpg
Q&Q Men Black Digital Watch,Watches - Black - Winter,,100,1,images/elektronik/53600.jpg,53600.jpg
Fastrack Women Purple Casual Watch,Watches - Purple - Winter,,100,1,images/elektronik/25680.jpg,25680.jpg
Fossil Men Brown Dial Chronograph Watch FS4612,Watches - Brown - Winter,,100,1,images/elektronik/36899.jpg,36899.jpg
Casio Enticer Men Silver Analogue Watches (A358) MTP-1235D-7ADF,Watches - Silver - Winter,,100,1,images/elektronik/45133.jpg,45133.jpg
Fastrack Women Silver Dial Watch,Watches - Silver - Winter,,100,1,images/elektronik/51533.jpg,51533.jpg
Giordano Women Black Dial Watch,Watches - Black - Winter,,100,1,images/elektronik/29489.jpg,29489.jpg
Timex Men White Dial Watch,Watches - White - Winter,,100,1,images/elektronik/46524.jpg,46524.jpg
Puma Men Drift 244 Black Watches,Watches - Black - Winter,,100,1,images/elektronik/10391.jpg,10391.jpg
CASIO ENTICER Women Black Dial Analogue Watch A645,Watches - Black - Winter,,100,1,images/elektronik/45193.jpg,45193.jpg
Fastrack Men Black Dial Watch NE3022SL02,Watches - Black - Winter,,100,1,images/elektronik/25620.jpg,25620.jpg
Esprit Women Silver Houston Steel Watches,Watches - Steel - Winter,,100,1,images/elektronik/10701.jpg,10701.jpg
Fastrack Men Green Dial Watch,Watches - Green - Winter,,100,1,images/elektronik/54643.jpg,54643.jpg
Fastrack Women Steel Dial Watch,Watches - Steel - Winter,,100,1,images/elektronik/56326.jpg,56326.jpg
Casio Edifice Men Multi-Dial Watch EF-334D-5AVDF(ED421),Watches - Brown - Winter,,100,1,images/elektronik/37311.jpg,37311.jpg
CASIO ENTICER Women Black Dial Analogue Watch A537,Watches - Silver - Winter,,100,1,images/elektronik/45167.jpg,45167.jpg
Maxima Women Silver Dial Watch,Watches - Silver - Winter,,100,1,images/elektronik/36806.jpg,36806.jpg
Citizen Men White Dial Watch,Watches - Silver - Winter,,100,1,images/elektronik/33910.jpg,33910.jpg
Puma Men Future Cat Remix SF Black Casual Shoes,Casual Shoes - Black - Summer,,100,4,images/ayakkabı/9204.jpg,9204.jpg
Fila Men Cush Flex Black Slippers,Flip Flops - Black - Fall,,100,4,images/ayakkabı/18653.jpg,18653.jpg
Ben 10 Boys Navy Blue Slippers,Flip Flops - Navy Blue - Fall,,100,4,images/ayakkabı/46885.jpg,46885.jpg
ADIDAS Men Spry M Black Sandals,Sandals - Black - Fall,,100,4,images/ayakkabı/12967.jpg,12967.jpg
Buckaroo Men Flores Black Formal Shoes,Formal Shoes - Black - Winter,,100,4,images/ayakkabı/9036.jpg,9036.jpg
Gas Men Europa White Shoes,Casual Shoes - White - Winter,,100,4,images/ayakkabı/39988.jpg,39988.jpg
Carlton London Women Black & Gold Toned Flats,Flats - Black - Winter,,100,4,images/ayakkabı/59051.jpg,59051.jpg
Catwalk Women Leather Brown Flats,Flats - Brown - Winter,,100,4,images/ayakkabı/2886.jpg,2886.jpg
Nike Men's Incinerate MSL White Blue Shoe,Sports Shoes - White - Fall,,100,4,images/ayakkabı/3168.jpg,3168.jpg
Clarks Men Hang Work Leather Black Formal Shoes,Formal Shoes - Black - Fall,,100,4,images/ayakkabı/10268.jpg,10268.jpg
Arrow Men Black Formal Shoes,Formal Shoes - Black - Summer,,100,4,images/ayakkabı/59435.jpg,59435.jpg
Timberland Men Black Casual Shoes,Casual Shoes - Black - Fall,,100,4,images/ayakkabı/22198.jpg,22198.jpg
Vans Men Classic Slip-On Purple & Black Shoes,Casual Shoes - Purple - Summer,,100,4,images/ayakkabı/29570.jpg,29570.jpg
ADIDAS Men's Lowell White Silver Shoe,Sports Shoes - White - Summer,,100,4,images/ayakkabı/6628.jpg,6628.jpg
ID Men Red Shoes,Casual Shoes - Red - Fall,,100,4,images/ayakkabı/26538.jpg,26538.jpg
Vans Men Khaki Shoes,Casual Shoes - Khaki - Summer,,100,4,images/ayakkabı/49495.jpg,49495.jpg
Rocia Women Black Flats,Heels - Black - Winter,,100,4,images/ayakkabı/54118.jpg,54118.jpg
Catwalk Women Leather Flats,Heels - Brown - Winter,,100,4,images/ayakkabı/2872.jpg,2872.jpg
Crocs Dora Boots Pink Sandals,Sandals - Pink - Fall,,100,4,images/ayakkabı/8574.jpg,8574.jpg
Lotto Men XL Water Man Silver Slippers,Flip Flops - Silver - Fall,,100,4,images/ayakkabı/19123.jpg,19123.jpg
Reebok Men Black Possession Flip Flops,Flip Flops - Black - Summer,,100,4,images/ayakkabı/43369.jpg,43369.jpg
Puma Men Axis White & Grey Sports Shoes,Sports Shoes - White - Summer,,100,4,images/ayakkabı/33822.jpg,33822.jpg
Ganuchi Men Casual Black Sandals,Sandals - Black - Summer,,100,4,images/ayakkabı/11940.jpg,11940.jpg
Nike Men Air Rift MTR White Casual Shoe,Casual Shoes - White - Fall,,100,4,images/ayakkabı/19311.jpg,19311.jpg
ADIDAS Men White Corona Sports Shoes,Sports Shoes - White - Summer,,100,4,images/ayakkabı/42089.jpg,42089.jpg
Vans Men Blue Era Scilla Plaid Shoes,Casual Shoes - Blue - Summer,,100,4,images/ayakkabı/49461.jpg,49461.jpg
Crocs Kids Navy Blue Clogs,Flip Flops - Navy Blue - Summer,,100,4,images/ayakkabı/8746.jpg,8746.jpg
Fila Men Destiny Grey Sports Shoes,Sports Shoes - Grey - Fall,,100,4,images/ayakkabı/23882.jpg,23882.jpg
ADIDAS Men Blue Chill Sports Shoes,Sports Shoes - Blue - Summer,,100,4,images/ayakkabı/34835.jpg,34835.jpg
Catwalk Women Gun Metal Grey Heels,Heels - Grey - Winter,,100,4,images/ayakkabı/11518.jpg,11518.jpg
Lotto Men Ridge Brown Sandals,Sandals - Brown - Summer,,100,4,images/ayakkabı/33648.jpg,33648.jpg
iPanema Women Red Flip Flops,Flip Flops - Red - Winter,,100,4,images/ayakkabı/49839.jpg,49839.jpg
Carlton London Women Silver Wedge Sandal,Flats - Silver - Spring,,100,4,images/ayakkabı/2618.jpg,2618.jpg
ADIDAS Kids Adispeed Black Sports Shoes,Sports Shoes - Black - Fall,,100,4,images/ayakkabı/12993.jpg,12993.jpg
Puma Men Fashion Cat White Slipper,Sandals - White - Fall,,100,4,images/ayakkabı/18495.jpg,18495.jpg
Estd. 1977 Men Beige & Green Sandals,Sandals - Beige - Fall,,100,4,images/ayakkabı/41866.jpg,41866.jpg
Coolers Men Black Sandals,Sandals - Black - Summer,,100,4,images/ayakkabı/44528.jpg,44528.jpg
Portia Women Copper-Toned & Brown Sandals,Flats - Copper - Winter,,100,4,images/ayakkabı/47530.jpg,47530.jpg
Nike Men Air Relentless 2 MSL White Sports Shoes,Sports Shoes - White - Summer,,100,4,images/ayakkabı/42042.jpg,42042.jpg
ADIDAS Men Black Anzo Breeze Casual Shoes,Casual Shoes - Black - Fall,,100,4,images/ayakkabı/23849.jpg,23849.jpg
Rocia Women Black Heels,Heels - Black - Winter,,100,4,images/ayakkabı/54127.jpg,54127.jpg
Numero Uno Men White Casual Shoes,Casual Shoes - White - Fall,,100,4,images/ayakkabı/24250.jpg,24250.jpg
Rockport Men LLandro Red Casual Shoes,Casual Shoes - Red - Fall,,100,4,images/ayakkabı/15517.jpg,15517.jpg
Skechers Women Green Shoe,Casual Shoes - Green - Winter,,100,4,images/ayakkabı/4140.jpg,4140.jpg
Catwalk Women Brown Sandals,Flats - Brown - Winter,,100,4,images/ayakkabı/53130.jpg,53130.jpg
Lotto Unisex Canvas Black Check Shoe,Casual Shoes - Black - Summer,,100,4,images/ayakkabı/6425.jpg,6425.jpg
Arrow Men Formal Black Shoe,Formal Shoes - Black - Fall,,100,4,images/ayakkabı/23247.jpg,23247.jpg
Vans Unisex Black & Grey Classic Shoes,Casual Shoes - Black - Summer,,100,4,images/ayakkabı/42270.jpg,42270.jpg
Carlton London Men Formal Brown Formal Shoes,Formal Shoes - Brown - Fall,,100,4,images/ayakkabı/10633.jpg,10633.jpg
Lotto Men Atlantica Black Sports Shoe,Sports Shoes - Black - Fall,,100,4,images/ayakkabı/17416.jpg,17416.jpg
ADIDAS Men Sports Black Sports Shoes,Sports Shoes - Black - Fall,,100,4,images/ayakkabı/12958.jpg,12958.jpg
Numero Uno Men Black Flip Flops,Flip Flops - Black - Summer,,100,4,images/ayakkabı/30234.jpg,30234.jpg
Gliders Men Esquire Red Flip Flops,Flip Flops - Red - Summer,,100,4,images/ayakkabı/35574.jpg,35574.jpg
ADIDAS Women Lavender Hagkok Sports Shoes,Sports Shoes - Lavender - Summer,,100,4,images/ayakkabı/46086.jpg,46086.jpg
F Sports Men White Outlander Sports Shoes,Sports Shoes - White - Fall,,100,4,images/ayakkabı/54543.jpg,54543.jpg
FILA Men Liga II Black Shoes,Casual Shoes - Black - Summer,,100,4,images/ayakkabı/32751.jpg,32751.jpg
Arrow Men Black Formal Shoes,Formal Shoes - Black - Summer,,100,4,images/ayakkabı/45603.jpg,45603.jpg
Puma Men's YugoRun Black White Shoe,Sports Shoes - Black - Summer,,100,4,images/ayakkabı/4524.jpg,4524.jpg
Nike Women Free Run Pink Sports Shoes,Sports Shoes - Pink - Summer,,100,4,images/ayakkabı/36137.jpg,36137.jpg
Estd. 1977 Men Black Sandals,Sandals - Black - Summer,,100,4,images/ayakkabı/41859.jpg,41859.jpg
ADIDAS Men Adi Cells Black Flip Flops,Flip Flops - Black - Summer,,100,4,images/ayakkabı/21180.jpg,21180.jpg
GAS Men Brown Count Casual Shoes,Casual Shoes - Brown - Summer,,100,4,images/ayakkabı/39943.jpg,39943.jpg
ADIDAS Women's Adi Groove Blue Flip Flop,Flip Flops - Blue - Summer,,100,4,images/ayakkabı/5630.jpg,5630.jpg
Coolers Men Brown Pokar Flip Flops,Flip Flops - Brown - Summer,,100,4,images/ayakkabı/44517.jpg,44517.jpg
Puma Men Cabana Racer Sketch White Sports Shoes,Sports Shoes - White - Fall,,100,4,images/ayakkabı/8913.jpg,8913.jpg
Nike Men White Capri II Casual Shoe,Casual Shoes - White - Fall,,100,4,images/ayakkabı/22705.jpg,22705.jpg
Inc 5 Women Brown Heels,Flats - Brown - Winter,,100,4,images/ayakkabı/13042.jpg,13042.jpg
Catwalk Women Golden Wedges,Heels - Gold - Winter,,100,4,images/ayakkabı/55657.jpg,55657.jpg
Rocia Women Copper Sandals,Flats - Copper - Winter,,100,4,images/ayakkabı/34452.jpg,34452.jpg
Gas Men Eldorado Tan Casual  Sandals,Sandals - Tan - Summer,,100,4,images/ayakkabı/22537.jpg,22537.jpg
Carlton London Women Wedge Silver Sandal,Flats - Silver - Fall,,100,4,images/ayakkabı/2627.jpg,2627.jpg
Kalenji Ekiden 200 Wn Purple 2011,Sports Shoes - Purple - nan,,100,4,images/ayakkabı/5402.jpg,5402.jpg
Lotto Women Coral Elegant Flip Flops,Flip Flops - Orange - Summer,,100,4,images/ayakkabı/44725.jpg,44725.jpg
Puma Men's Winglet II Grey Yellow White Flip Flop,Flip Flops - Grey - Winter,,100,4,images/ayakkabı/7731.jpg,7731.jpg
Lee Cooper Men Brown Casual Sandals,Sandals - Brown - Summer,,100,4,images/ayakkabı/22153.jpg,22153.jpg
Puma Men Olive Techno Ind Sandal,Sandals - Olive - Fall,,100,4,images/ayakkabı/43958.jpg,43958.jpg
Enroute Women Casual Black Flats,Heels - Black - Summer,,100,4,images/ayakkabı/14431.jpg,14431.jpg
Enroute Men Leather Black Formal Shoes,Formal Shoes - Black - Fall,,100,4,images/ayakkabı/16154.jpg,16154.jpg
Reebok Men Navy Twist Sandals,Sports Sandals - Navy Blue - Summer,,100,4,images/ayakkabı/22361.jpg,22361.jpg
Red Chief Men Black Shoes,Casual Shoes - Black - Winter,,100,4,images/ayakkabı/50741.jpg,50741.jpg
Reebok Women Charcoal Grey Fuel Techno Sports Shoes,Sports Shoes - Charcoal - Summer,,100,4,images/ayakkabı/43356.jpg,43356.jpg
ADIDAS Kids Boys Duramo Synthetic Black Sports Shoes,Sports Shoes - Black - Fall,,100,4,images/ayakkabı/12994.jpg,12994.jpg
Puma Men Danny Blue Slipper,Flip Flops - Blue - Fall,,100,4,images/ayakkabı/18492.jpg,18492.jpg
United Colors of Benetton Men Casual Black Shoes,Casual Shoes - Black - Fall,,100,4,images/ayakkabı/20856.jpg,20856.jpg
Estd. 1977 Men Black Sandals,Sandals - Black - Summer,,100,4,images/ayakkabı/41861.jpg,41861.jpg
ADIDAS Men Kendall Black Navy Floater,Sandals - Black - Summer,,100,4,images/ayakkabı/5608.jpg,5608.jpg
Franco Leone Men Brown Sandals,Sandals - Brown - Summer,,100,4,images/ayakkabı/47198.jpg,47198.jpg
ADIDAS Men Vigor Blue Casual Shoes,Casual Shoes - Blue - Fall,,100,4,images/ayakkabı/19772.jpg,19772.jpg
Enroute Women Casual White Heels,Heels - White - Summer,,100,4,images/ayakkabı/14409.jpg,14409.jpg
Ganuchi Men Casual Olive Sandals,Sandals - Olive - Summer,,100,4,images/ayakkabı/11947.jpg,11947.jpg
Puma Women Grace Silver Sandals,Flats - Silver - Summer,,100,4,images/ayakkabı/29583.jpg,29583.jpg
ADIDAS Men Sukoi White Sports Shoes,Sports Shoes - White - Summer,,100,4,images/ayakkabı/34832.jpg,34832.jpg
Fila Men Grey Hex Sports Shoes,Sports Shoes - Grey - Winter,,100,4,images/ayakkabı/23885.jpg,23885.jpg
Lotto Women XL Kelly Pink Slippers,Flip Flops - Pink - Fall,,100,4,images/ayakkabı/19124.jpg,19124.jpg
Lee Cooper Men Black Sports Shoes,Sports Shoes - Black - Fall,,100,4,images/ayakkabı/41439.jpg,41439.jpg
Puma Women Kuris Silver & Grey Sports Shoes,Sports Shoes - Silver - Summer,,100,4,images/ayakkabı/33825.jpg,33825.jpg
Puma Men Cavallino Black Shoe,Casual Shoes - Black - Summer,,100,4,images/ayakkabı/5896.jpg,5896.jpg
Vans Men Maroon & Grey Era Shoes,Casual Shoes - Maroon - Summer,,100,4,images/ayakkabı/49492.jpg,49492.jpg
ADIDAS Men Sports White Sports Shoes,Sports Shoes - White - Fall,,100,4,images/ayakkabı/12960.jpg,12960.jpg
Buckaroo Men loma Tan Casual Shoes,Casual Shoes - Tan - Winter,,100,4,images/ayakkabı/9031.jpg,9031.jpg
Carlton London Women Blue & Cream Shoes,Casual Shoes - Blue - Winter,,100,4,images/ayakkabı/59056.jpg,59056.jpg
Fila Men Lobato Black Casual Shoes,Casual Shoes - Black - Summer,,100,4,images/ayakkabı/15379.jpg,15379.jpg
Rocia Women Black & Brown Sandals,Flats - Black - Winter,,100,4,images/ayakkabı/45409.jpg,45409.jpg
Red Tape Men's Black Formal Shoe,Formal Shoes - Black - Winter,,100,4,images/ayakkabı/7399.jpg,7399.jpg
Puma Men Axis XT Black Shoes,Sports Shoes - Black - Fall,,100,4,images/ayakkabı/9203.jpg,9203.jpg
Puma Men Black Aquil II Sports Shoes,Sports Shoes - Black - Summer,,100,4,images/ayakkabı/44948.jpg,44948.jpg
ADIDAS Men Receptor Grey Sandals,Sandals - Grey - Fall,,100,4,images/ayakkabı/19927.jpg,19927.jpg
Spalding Men's Black and White Graphic Flip Flop,Flip Flops - Black - Summer,,100,4,images/ayakkabı/3998.jpg,3998.jpg
Enroute Men Leather Black Formal Shoes,Formal Shoes - Black - Fall,,100,4,images/ayakkabı/16153.jpg,16153.jpg
Red Chief Men Black Formal Shoes,Formal Shoes - Black - Winter,,100,4,images/ayakkabı/50746.jpg,50746.jpg
Lee Cooper Men Black Formal Shoes,Formal Shoes - Black - Fall,,100,4,images/ayakkabı/22154.jpg,22154.jpg
Puma Men Standpunkt Brown Casual Shoes,Casual Shoes - Brown - Fall,,100,4,images/ayakkabı/19329.jpg,19329.jpg
Reebok Women Reeflex Run Blue Sports Shoes,Sports Shoes - Blue - Fall,,100,4,images/ayakkabı/10096.jpg,10096.jpg
FILA Men Aruba Navy Blue Sandal,Sandals - Navy Blue - Summer,,100,4,images/ayakkabı/11978.jpg,11978.jpg
Rocia Women Black Shoes,Heels - Black - Spring,,100,4,images/ayakkabı/34455.jpg,34455.jpg
Gliders Men Brown Leather Sandals,Sandals - Brown - Summer,,100,4,images/ayakkabı/35587.jpg,35587.jpg
Catwalk Women Casual Black Heels,Heels - Black - Winter,,100,4,images/ayakkabı/20267.jpg,20267.jpg
Lotto Women Red & Orange Disco Holic Flip Flops,Flip Flops - Orange - Summer,,100,4,images/ayakkabı/44722.jpg,44722.jpg
Kalenji Ekiden Comfort Prime 2011,Sports Shoes - White - Fall,,100,4,images/ayakkabı/5405.jpg,5405.jpg
Fila Men Camper Brown Sandals,Sandals - Brown - Fall,,100,4,images/ayakkabı/20869.jpg,20869.jpg
GAS Men Grey Namib Shoes,Casual Shoes - Grey - Summer,,100,4,images/ayakkabı/39944.jpg,39944.jpg
ADIDAS Men Plugged In Yellow Flip Flops,Flip Flops - Yellow - Summer,,100,4,images/ayakkabı/21187.jpg,21187.jpg
Nike Men Dunk High Grey Shoes,Casual Shoes - Grey - Summer,,100,4,images/ayakkabı/36130.jpg,36130.jpg
Converse Unisex Black Shoes,Casual Shoes - Black - Summer,,100,4,images/ayakkabı/44510.jpg,44510.jpg
Nike Women Beige Dunk High Casual Shoes,Casual Shoes - Beige - Fall,,100,4,images/ayakkabı/22702.jpg,22702.jpg
Puma Men Future Cat Remix SF White Sports Shoes,Sports Shoes - White - Fall,,100,4,images/ayakkabı/8914.jpg,8914.jpg
Inc 5 Women Casual Maroon Sandals,Flats - Maroon - Winter,,100,4,images/ayakkabı/13045.jpg,13045.jpg
Catwalk Women Multi-coloured Heels,Heels - Multi - Winter,,100,4,images/ayakkabı/55650.jpg,55650.jpg
ADIDAS Men Navy Blue Benton Sandals,Sandals - Navy Blue - Summer,,100,4,images/ayakkabı/46081.jpg,46081.jpg
Gliders Men Esquire Blue Flip Flops,Flip Flops - Blue - Summer,,100,4,images/ayakkabı/35573.jpg,35573.jpg
F Sports Men Black Pace Sports Shoes,Sports Shoes - Black - Fall,,100,4,images/ayakkabı/54544.jpg,54544.jpg
ADIDAS Women Polka Pink Flip Flops,Flip Flops - Pink - Fall,,100,4,images/ayakkabı/24633.jpg,24633.jpg
Puma Men's Faas Blue White Silver Red Shoe,Sports Shoes - Blue - Summer,,100,4,images/ayakkabı/4523.jpg,4523.jpg
Arrow Men Brown Formal Shoes,Formal Shoes - Brown - Summer,,100,4,images/ayakkabı/45604.jpg,45604.jpg
Carlton London Men Black Oxford Wingtip Brogues,Formal Shoes - Black - Winter,,100,4,images/ayakkabı/10634.jpg,10634.jpg
Lotto Men Basketball Mid White Sports Shoe,Sports Shoes - White - Fall,,100,4,images/ayakkabı/17411.jpg,17411.jpg
Numero Uno Men White Shoes,Casual Shoes - White - Summer,,100,4,images/ayakkabı/30233.jpg,30233.jpg
Catwalk Women Brown Sandals,Flats - Brown - Winter,,100,4,images/ayakkabı/53137.jpg,53137.jpg
Nike Men Lunarswift+ 3 Shield Grey Sports Shoes,Sports Shoes - Grey - Fall,,100,4,images/ayakkabı/15722.jpg,15722.jpg
Lotto Unisex Canvas Black Grey Shoe,Casual Shoes - Black - Summer,,100,4,images/ayakkabı/6422.jpg,6422.jpg
Red Tape Men Casual Black Casual Shoes,Casual Shoes - Black - Winter,,100,4,images/ayakkabı/12507.jpg,12507.jpg
Nike Men's Lunarswift Black Shoe,Sports Shoes - Black - Fall,,100,4,images/ayakkabı/3150.jpg,3150.jpg
Portia Women Brown Flats,Flats - Brown - Winter,,100,4,images/ayakkabı/47537.jpg,47537.jpg
Nike Men Wardour Chukka Yellow Casual Shoes,Casual Shoes - Yellow - Summer,,100,4,images/ayakkabı/42045.jpg,42045.jpg
Rocia Women Beige Flats,Flats - Beige - Winter,,100,4,images/ayakkabı/54120.jpg,54120.jpg
Numero Uno Men Navy Blue Casual Shoes,Casual Shoes - Navy Blue - Summer,,100,4,images/ayakkabı/24257.jpg,24257.jpg
Nike Women Glide White Grey Shoe,Sports Shoes - White - Summer,,100,4,images/ayakkabı/4147.jpg,4147.jpg
Rockport Men CV Toe HI Charcoal Casual Shoes,Casual Shoes - Charcoal - Fall,,100,4,images/ayakkabı/15510.jpg,15510.jpg
Puma Women Purple Techno Sandals,Sports Sandals - Purple - Summer,,100,4,images/ayakkabı/43956.jpg,43956.jpg
Fila Men Glow White Sports Shoes,Sports Shoes - White - Fall,,100,4,images/ayakkabı/11971.jpg,11971.jpg
Franco Leone Men Formal Shoes,Formal Shoes - Black - Summer,,100,4,images/ayakkabı/44941.jpg,44941.jpg
Red Tape Men Black Sandals,Sandals - Black - Summer,,100,4,images/ayakkabı/24098.jpg,24098.jpg
Nike Men Zoom Structure White Sports Shoes,Sports Shoes - White - Summer,,100,4,images/ayakkabı/28655.jpg,28655.jpg
Decathlon Men Arpenaz Black Sandals,Sandals - Black - Summer,,100,4,images/ayakkabı/9497.jpg,9497.jpg
Reebok Men Sprintfit Lite Black Sports Shoe,Sports Shoes - Black - Fall,,100,4,images/ayakkabı/16966.jpg,16966.jpg
Bata Men Hummer Grey Sandals,Sandals - Olive - Summer,,100,4,images/ayakkabı/41857.jpg,41857.jpg
Nike Men The Overplay VII Black Sports Shoes,Sports Shoes - Black - Summer,,100,4,images/ayakkabı/36139.jpg,36139.jpg
iPanema Women Blue Flip Flops,Flip Flops - Blue - Winter,,100,4,images/ayakkabı/49808.jpg,49808.jpg
Inc.5  Women Grey Flats,Heels - Brown - Winter,,100,4,images/ayakkabı/22539.jpg,22539.jpg
Carlton London Women Four Strapped Black Sandal,Flats - Black - Fall,,100,4,images/ayakkabı/2629.jpg,2629.jpg
ADIDAS Men Black Vanquish Sports Shoes,Sports Shoes - Black - Summer,,100,4,images/ayakkabı/24408.jpg,24408.jpg
Basics Men Red Casual Shoes,Casual Shoes - Red - Fall,,100,4,images/ayakkabı/20894.jpg,20894.jpg
Buckaroo Men Brown Casual Shoes,Casual Shoes - Brown - Winter,,100,4,images/ayakkabı/40971.jpg,40971.jpg
ADIDAS Men Sports Blue Sports Shoes,Sports Shoes - Blue - Fall,,100,4,images/ayakkabı/12956.jpg,12956.jpg
ADIDAS Men's Boris White Shoe,Sports Shoes - White - Summer,,100,4,images/ayakkabı/6619.jpg,6619.jpg
Rocia Women Beige Flats,Heels - Beige - Winter,,100,4,images/ayakkabı/54129.jpg,54129.jpg
ADIDAS Men White Duramo 3 Sports Shoes,Sports Shoes - White - Fall,,100,4,images/ayakkabı/23847.jpg,23847.jpg
Fila Men Glow Black Sports Shoes,Sports Shoes - Black - Fall,,100,4,images/ayakkabı/11985.jpg,11985.jpg
Rockport Men Jelba Brown Flip Flops,Flip Flops - Brown - Fall,,100,4,images/ayakkabı/15519.jpg,15519.jpg
iPanema Women Pink Flip Flops,Flip Flops - Pink - Winter,,100,4,images/ayakkabı/44189.jpg,44189.jpg
Arrow Men Formal Black Shoes,Formal Shoes - Black - Fall,,100,4,images/ayakkabı/23249.jpg,23249.jpg
Nike Men Air Quick Handle Red Sports Shoe,Sports Shoes - Red - Fall,,100,4,images/ayakkabı/17840.jpg,17840.jpg
Nike Men's Air Max Moto White Blue Shoe,Sports Shoes - White - Fall,,100,4,images/ayakkabı/3159.jpg,3159.jpg
Lotto Men Ridge Black Sandals,Sandals - Black - Summer,,100,4,images/ayakkabı/33646.jpg,33646.jpg
Rocia Women Brown Wedges,Heels - Brown - Winter,,100,4,images/ayakkabı/57303.jpg,57303.jpg
Catwalk Women Lifestyle Black Heels,Heels - Black - Winter,,100,4,images/ayakkabı/11516.jpg,11516.jpg
Lotto Men Maroon Juve Flip Flop,Flip Flops - Maroon - Summer,,100,4,images/ayakkabı/44714.jpg,44714.jpg
iPanema Women Blue Flip Flops,Flip Flops - Blue - Winter,,100,4,images/ayakkabı/49837.jpg,49837.jpg
Lotto Men Earth Black Slipper,Flip Flops - Black - Fall,,100,4,images/ayakkabı/16733.jpg,16733.jpg
Red Tape Men's Brown casual Shoe,Casual Shoes - Brown - Winter,,100,4,images/ayakkabı/7364.jpg,7364.jpg
Franco Leone Men Black Formal Shoes,Formal Shoes - Black - Summer,,100,4,images/ayakkabı/47191.jpg,47191.jpg
Catwalk Women Blue Casual Flats,Flats - Blue - Winter,,100,4,images/ayakkabı/27074.jpg,27074.jpg
Carlton London Women Gold Wedge Sandal,Flats - Gold - Fall,,100,4,images/ayakkabı/2616.jpg,2616.jpg
Enroute Women Turquoise Blue Flats,Heels - Turquoise Blue - Summer,,100,4,images/ayakkabı/35783.jpg,35783.jpg
Nike Women Grey Lunarglide +3 Sports Shoes,Sports Shoes - Grey - Fall,,100,4,images/ayakkabı/22734.jpg,22734.jpg
Fila Women Top Fuel Black Sports Shoes,Sports Shoes - Black - Fall,,100,4,images/ayakkabı/34651.jpg,34651.jpg
Numero Uno Men White Shoes,Casual Shoes - White - Fall,,100,4,images/ayakkabı/13073.jpg,13073.jpg
Nike Men's Splash Thong Yellow Black Flip Flop,Flip Flops - Brown - Summer,,100,4,images/ayakkabı/5601.jpg,5601.jpg
GAS Men Grey Campus Casual Shoes,Casual Shoes - Grey - Summer,,100,4,images/ayakkabı/39972.jpg,39972.jpg
Filac Men Hawai Black Slippers,Flip Flops - Black - Summer,,100,4,images/ayakkabı/15384.jpg,15384.jpg
Estd. 1977 Men Turquoise Blue Sandals,Sandals - Turquoise Blue - Summer,,100,4,images/ayakkabı/41868.jpg,41868.jpg
Catwalk Women Red Flats,Heels - Red - Winter,,100,4,images/ayakkabı/46615.jpg,46615.jpg
Enroute Men Leather Brown Casual Shoes,Casual Shoes - Tan - Fall,,100,4,images/ayakkabı/16165.jpg,16165.jpg
Catwalk Women Bronze toned Sandals,Flats - Bronze - Winter,,100,4,images/ayakkabı/30695.jpg,30695.jpg
Reebok Women Black Casual Shoes,Flats - Black - Summer,,100,4,images/ayakkabı/43367.jpg,43367.jpg
Clarks Women Brown Leather Heels,Heels - Brown - Summer,,100,4,images/ayakkabı/10292.jpg,10292.jpg
Timberland Men Black Casual Shoes,Casual Shoes - Black - Summer,,100,4,images/ayakkabı/22162.jpg,22162.jpg
ADIDAS Men White Aztek Shoes,Sports Shoes - White - Summer,,100,4,images/ayakkabı/42087.jpg,42087.jpg
Gas Men Skate 003 Casual Shoe,Casual Shoes - Black - Summer,,100,4,images/ayakkabı/17043.jpg,17043.jpg
Clarks Women Cream Coloured Onslow Beat Leather Wedges,Heels - Cream - Fall,,100,4,images/ayakkabı/50784.jpg,50784.jpg
Catwalk Women Wedding Heeled Bronze Heels,Heels - Brown - Winter,,100,4,images/ayakkabı/2888.jpg,2888.jpg
Lotto Men's Thong Blue White Flip Flop,Flip Flops - Grey - Summer,,100,4,images/ayakkabı/6414.jpg,6414.jpg
Nike Men White T-Lite 9 SL Shoes,Sports Shoes - White - Fall,,100,4,images/ayakkabı/26704.jpg,26704.jpg
Clarks Men Goto Hi Cola Suede Brown Shoes,Casual Shoes - Brown - Fall,,100,4,images/ayakkabı/10266.jpg,10266.jpg
Nike Men Free Run+ 2 Black Sports Shoes,Sports Shoes - Black - Fall,,100,4,images/ayakkabı/15714.jpg,15714.jpg
Fila Men Leonard Red Shoes,Casual Shoes - Red - Summer,,100,4,images/ayakkabı/4343.jpg,4343.jpg
Lee Cooper Men Black Semi Formal Shoe,Formal Shoes - Black - Summer,,100,4,images/ayakkabı/5291.jpg,5291.jpg
Reebok Men's Easytone Inspire White Shoe,Sports Shoes - White - Summer,,100,4,images/ayakkabı/4171.jpg,4171.jpg
Rockport Women Jeanie Oneband Brown Flats,Heels - Brown - Fall,,100,4,images/ayakkabı/15526.jpg,15526.jpg
ADIDAS Men's Canon Dialect Blue Yellow Shoe,Sports Shoes - Blue - Summer,,100,4,images/ayakkabı/6626.jpg,6626.jpg
Footfun Kids Unisex Red Shoes,Casual Shoes - Red - Fall,,100,4,images/ayakkabı/47501.jpg,47501.jpg
Timberland Men Black Casual Shoes,Casual Shoes - Black - Fall,,100,4,images/ayakkabı/22196.jpg,22196.jpg
Rocia Women Maroon Sandals,Heels - Maroon - Winter,,100,4,images/ayakkabı/54116.jpg,54116.jpg
Fila Women Sleeker Green Check Casual Shoes,Casual Shoes - Green - Summer,,100,4,images/ayakkabı/23878.jpg,23878.jpg
ID Men White Shoes,Casual Shoes - White - Summer,,100,4,images/ayakkabı/26536.jpg,26536.jpg
Nike Women Downshifter White Sports Shoes,Sports Shoes - White - Fall,,100,4,images/ayakkabı/12703.jpg,12703.jpg
Puma Women Speeder Wns Ind White Sports Shoes,Sports Shoes - White - Summer,,100,4,images/ayakkabı/53757.jpg,53757.jpg
Puma Men's Tarun White Silver Red Shoe,Sports Shoes - White - Summer,,100,4,images/ayakkabı/4515.jpg,4515.jpg
Red Tape Men Brown Shoes,Formal Shoes - Brown - Winter,,100,4,images/ayakkabı/7390.jpg,7390.jpg
Enroute Teens Brown Sandals,Sandals - Brown - Summer,,100,4,images/ayakkabı/35545.jpg,35545.jpg
Catwalk Women Silver Flats,Heels - Silver - Winter,,100,4,images/ayakkabı/27080.jpg,27080.jpg
ADIDAS Men Snova Glide Blue Sports Shoes,Sports Shoes - Blue - Fall,,100,4,images/ayakkabı/12969.jpg,12969.jpg
Force 10 Men Black & Green Sports Shoes,Sports Shoes - Black - Summer,,100,4,images/ayakkabı/35777.jpg,35777.jpg
Buckaroo Men Medina Brown Formal Shoes,Formal Shoes - Brown - Winter,,100,4,images/ayakkabı/9038.jpg,9038.jpg
Vans Men Black Era Shoes,Casual Shoes - Black - Spring,,100,4,images/ayakkabı/54740.jpg,54740.jpg
Timberland Unisex Casual Brown Casual Shoes,Casual Shoes - Brown - Fall,,100,4,images/ayakkabı/13087.jpg,13087.jpg
Playboy Men Black Shoes,Casual Shoes - Black - Summer,,100,4,images/ayakkabı/32552.jpg,32552.jpg
Gas Men Mila Navy Blue Shoes,Casual Shoes - Navy Blue - Summer,,100,4,images/ayakkabı/39986.jpg,39986.jpg
Rocia Women Maroon Sandals,Flats - Maroon - Winter,,100,4,images/ayakkabı/45400.jpg,45400.jpg
Catwalk Women Blue & White Sandals,Heels - Blue - Winter,,100,4,images/ayakkabı/53139.jpg,53139.jpg
Nike Men Air Impetus II White Sports Shoe,Sports Shoes - White - Summer,,100,4,images/ayakkabı/17847.jpg,17847.jpg
Rocia Women Casual Black Sandal,Sports Sandals - Black - Winter,,100,4,images/ayakkabı/16995.jpg,16995.jpg
Red Tape Men Casual Brown Casual Shoes,Casual Shoes - Brown - Winter,,100,4,images/ayakkabı/12509.jpg,12509.jpg
Portia Women White Flats,Flats - White - Winter,,100,4,images/ayakkabı/47539.jpg,47539.jpg
ADIDAS Men Brown Shoes,Casual Shoes - Brown - Fall,,100,4,images/ayakkabı/23840.jpg,23840.jpg
Portia Women Brown Sandals,Heels - Brown - Winter,,100,4,images/ayakkabı/56679.jpg,56679.jpg
Numero Uno Men Navy Blue Shoes,Casual Shoes - Navy Blue - Fall,,100,4,images/ayakkabı/24259.jpg,24259.jpg
Nike Women Free White Pink Shoe,Sports Shoes - White - Summer,,100,4,images/ayakkabı/4149.jpg,4149.jpg
Fila Men Syncro White Shoes,Casual Shoes - White - Summer,,100,4,images/ayakkabı/18665.jpg,18665.jpg
Basics Men Black Casual Shoes,Casual Shoes - Black - Fall,,100,4,images/ayakkabı/20893.jpg,20893.jpg
Puma Men Archive Boot WTR Brown Casual Shoes,Casual Shoes - Brown - Fall,,100,4,images/ayakkabı/9000.jpg,9000.jpg
Gliders Men Yellow Sandals,Sandals - Olive - Fall,,100,4,images/ayakkabı/35589.jpg,35589.jpg
Clarks Men Black Leather Closed Sandals,Sandals - Black - Spring,,100,4,images/ayakkabı/57935.jpg,57935.jpg
Red Chief Men Brown Shoes,Casual Shoes - Brown - Winter,,100,4,images/ayakkabı/50748.jpg,50748.jpg
Nike Men Tiempo Natural IV Black Sports Shoes,Sports Shoes - Black - Summer,,100,4,images/ayakkabı/28652.jpg,28652.jpg
Spalding Men Black Flip Flops,Flip Flops - Black - Summer,,100,4,images/ayakkabı/3996.jpg,3996.jpg
Crocs Women Abf Single Flip Slippers,Flip Flops - Black - Fall,,100,4,images/ayakkabı/8542.jpg,8542.jpg
Catwalk Women Bronze Heels,Heels - Bronze - Winter,,100,4,images/ayakkabı/43951.jpg,43951.jpg
Fila Men Paramount Plus Black Shoes,Casual Shoes - Black - Summer,,100,4,images/ayakkabı/11976.jpg,11976.jpg
Enroute Women Casual Yellow Heels,Heels - Yellow - Summer,,100,4,images/ayakkabı/14438.jpg,14438.jpg
ADIDAS Women Adi Light White Fresh Shoe,Casual Shoes - White - Fall,,100,4,images/ayakkabı/3505.jpg,3505.jpg
Numero Uno Men Black Casual Shoes,Casual Shoes - Black - Summer,,100,4,images/ayakkabı/13080.jpg,13080.jpg
Playboy Men White Shoes,Casual Shoes - White - Summer,,100,4,images/ayakkabı/32555.jpg,32555.jpg
Rocia Women Brown Sandals,Flats - Brown - Summer,,100,4,images/ayakkabı/45407.jpg,45407.jpg
Gas Men Jack Grey Shoes,Casual Shoes - Grey - Summer,,100,4,images/ayakkabı/39981.jpg,39981.jpg
Fila Men Lobato Navy Blue Casual Shoes,Casual Shoes - Navy Blue - Summer,,100,4,images/ayakkabı/15377.jpg,15377.jpg
Lotto Women Osaka Grey Violet Shoe,Sports Shoes - Grey - Summer,,100,4,images/ayakkabı/4512.jpg,4512.jpg
Red Tape Men's Black Formal Shoe,Formal Shoes - Black - Winter,,100,4,images/ayakkabı/7397.jpg,7397.jpg
Enroute Kids Girls Pink Sandals,Sandals - Pink - Summer,,100,4,images/ayakkabı/35542.jpg,35542.jpg
Puma Men Tekkies Jam Blue Shoe,Casual Shoes - Blue - Summer,,100,4,images/ayakkabı/5898.jpg,5898.jpg
Rockport Men Jelbalp Black Flip Flops,Flip Flops - Black - Fall,,100,4,images/ayakkabı/15521.jpg,15521.jpg
ADIDAS Men's Boris Black Shoe,Sports Shoes - Black - Summer,,100,4,images/ayakkabı/6621.jpg,6621.jpg
Timberland Men Light Brown Casual Shoes,Casual Shoes - Brown - Fall,,100,4,images/ayakkabı/22191.jpg,22191.jpg
Rocia Women Copper Flats,Heels - Copper - Winter,,100,4,images/ayakkabı/54111.jpg,54111.jpg
Nike Men Air Relentness Grey Sports Shoes,Sports Shoes - Grey - Fall,,100,4,images/ayakkabı/12704.jpg,12704.jpg
Gas Men Arunta Olive Casual Shoes,Casual Shoes - Olive - Summer,,100,4,images/ayakkabı/26531.jpg,26531.jpg
Lotto Unisex Canvas Pink Shoe,Casual Shoes - Pink - Summer,,100,4,images/ayakkabı/6413.jpg,6413.jpg
Gas Men Aventura Sandal,Sandals - Brown - Summer,,100,4,images/ayakkabı/17044.jpg,17044.jpg
Clarks Women Black Onslow Beat Leather Wedges,Heels - Black - Winter,,100,4,images/ayakkabı/50783.jpg,50783.jpg
Nike Men's Air Citius MSL White Grey Shoe,Sports Shoes - White - Summer,,100,4,images/ayakkabı/3161.jpg,3161.jpg
Nike Men White Court Shuttle Shoes,Sports Shoes - White - Fall,,100,4,images/ayakkabı/26703.jpg,26703.jpg
Nike Men Air Zoom Century Shoes,Sports Shoes - White - Fall,,100,4,images/ayakkabı/1636.jpg,1636.jpg
Fila Men's Abascuss White Blue Shoe,Sports Shoes - White - Summer,,100,4,images/ayakkabı/4344.jpg,4344.jpg
Nike Men Air Relentless Black Sports Shoes,Sports Shoes - Black - Fall,,100,4,images/ayakkabı/15713.jpg,15713.jpg
Puma Men Black Floater,Sandals - Black - Summer,,100,4,images/ayakkabı/5296.jpg,5296.jpg
Ganuchi Men Casual Brown Casual Shoes,Casual Shoes - Brown - Fall,,100,4,images/ayakkabı/11949.jpg,11949.jpg
Fila Men's Passion Black red Canvas Shoe,Casual Shoes - Black - Summer,,100,4,images/ayakkabı/5050.jpg,5050.jpg
Timberland Men Brown Casual Shoes,Casual Shoes - Brown - Fall,,100,4,images/ayakkabı/22165.jpg,22165.jpg
Vans Men Red Old Skool Shoes,Casual Shoes - Red - Summer,,100,4,images/ayakkabı/49468.jpg,49468.jpg
Reebok Men White Fusion Sports Shoes,Sports Shoes - White - Summer,,100,4,images/ayakkabı/22959.jpg,22959.jpg
Clarks Men Dino Limit Brown Formal Shoes,Formal Shoes - Brown - Summer,,100,4,images/ayakkabı/50777.jpg,50777.jpg
Enroute Men Leather Black Sandals,Sandals - Black - Fall,,100,4,images/ayakkabı/16162.jpg,16162.jpg
Catwalk Women Brown Wedges,Heels - Brown - Winter,,100,4,images/ayakkabı/46612.jpg,46612.jpg
Reebok Men White Ultimate Vibe Sports Shoes,Sports Shoes - White - Summer,,100,4,images/ayakkabı/43360.jpg,43360.jpg
Catwalk Women Brown Heels,Heels - Brown - Winter,,100,4,images/ayakkabı/30692.jpg,30692.jpg
Lee Cooper Men White Sports Shoes,Sports Shoes - White - Fall,,100,4,images/ayakkabı/41437.jpg,41437.jpg
Clarks Men Brown Leather Casual Shoes,Casual Shoes - Brown - Summer,,100,4,images/ayakkabı/10295.jpg,10295.jpg
Nike Men Dunk High Grey Casual Shoes,Casual Shoes - Grey - Fall,,100,4,images/ayakkabı/22733.jpg,22733.jpg
Enroute Women Black Shoes,Flats - Black - Summer,,100,4,images/ayakkabı/35784.jpg,35784.jpg
Numero Uno Men Brown Casual Shoes,Casual Shoes - Brown - Fall,,100,4,images/ayakkabı/13074.jpg,13074.jpg
ADIDAS Men Kendall Black Floater,Sandals - Black - Summer,,100,4,images/ayakkabı/5606.jpg,5606.jpg
Coolers Men Black Sandals,Sandals - Black - Summer,,100,4,images/ayakkabı/44521.jpg,44521.jpg
Gas Men Olive Swansea Shoes,Casual Shoes - Olive - Winter,,100,4,images/ayakkabı/39975.jpg,39975.jpg
Rocia Women Brown Wedges,Heels - Brown - Winter,,100,4,images/ayakkabı/57304.jpg,57304.jpg
Lotto Men Black Koro G Slippers,Flip Flops - Black - Summer,,100,4,images/ayakkabı/33641.jpg,33641.jpg
Catwalk Women Lifestyle Gold Toned Ballerinas,Flats - Gold - Winter,,100,4,images/ayakkabı/11511.jpg,11511.jpg
Lotto Men Black Flip Flops,Flip Flops - Black - Summer,,100,4,images/ayakkabı/44713.jpg,44713.jpg
Red Tape Men Black Semi Formal Shoes,Formal Shoes - Black - Winter,,100,4,images/ayakkabı/7363.jpg,7363.jpg
Lotto Men Emeriti Maroon Slipper,Flip Flops - Maroon - Fall,,100,4,images/ayakkabı/16734.jpg,16734.jpg
Catwalk Women Beige Casual Shoes,Casual Shoes - Beige - Winter,,100,4,images/ayakkabı/22501.jpg,22501.jpg
iPanema Women Pink Flip Flops,Flip Flops - Pink - Winter,,100,4,images/ayakkabı/49830.jpg,49830.jpg
Franco Leone Men Brown Sandals,Sandals - Brown - Summer,,100,4,images/ayakkabı/47196.jpg,47196.jpg
Carlton London Women Stylish Gold Flats,Heels - Gold - Winter,,100,4,images/ayakkabı/2611.jpg,2611.jpg
F Sports Men White Voyager Sports Shoes,Sports Shoes - White - Fall,,100,4,images/ayakkabı/54521.jpg,54521.jpg
Converse Unisex Green Flip Flops,Flip Flops - Green - Spring,,100,4,images/ayakkabı/17646.jpg,17646.jpg
United Colors of Benetton Men Black Shoes,Casual Shoes - Black - Summer,,100,4,images/ayakkabı/37241.jpg,37241.jpg
Nike Men's Air Max Black Shoe,Sports Shoes - Black - Summer,,100,4,images/ayakkabı/4546.jpg,4546.jpg
Warner Bros Kids White sandals,Sandals - White - Winter,,100,4,images/ayakkabı/40313.jpg,40313.jpg
HM Women Silver Heels,Heels - Silver - Winter,,100,4,images/ayakkabı/56878.jpg,56878.jpg
Skechers Men's Charcoal Lifestyle Shoe,Casual Shoes - Brown - Winter,,100,4,images/ayakkabı/3551.jpg,3551.jpg
Red Tape Men Black Semi Formal Shoes,Formal Shoes - Black - Winter,,100,4,images/ayakkabı/30256.jpg,30256.jpg
Nike Men Ballista SL White Sports Shoes,Sports Shoes - White - Spring,,100,4,images/ayakkabı/15747.jpg,15747.jpg
Catwalk Women Heeded Golden Strap Black Heels,Heels - Gold - Winter,,100,4,images/ayakkabı/3135.jpg,3135.jpg
Rocia Women Brown Heels,Heels - Brown - Winter,,100,4,images/ayakkabı/17010.jpg,17010.jpg
Lotto Women's Cross Color Black Pink Flip Flop,Flip Flops - Black - Summer,,100,4,images/ayakkabı/6447.jpg,6447.jpg
Nike Women Ten Blue White Shoe,Sports Shoes - Blue - Summer,,100,4,images/ayakkabı/7595.jpg,7595.jpg
ADIDAS Women Duramo 3 Sports Shoes,Sports Shoes - Silver - Fall,,100,4,images/ayakkabı/13682.jpg,13682.jpg
Rocia Women Brown Flats,Heels - Brown - Spring,,100,4,images/ayakkabı/54145.jpg,54145.jpg
Asics Men's Gel Phoenix 3 Black Silver Shoe,Sports Shoes - Black - Spring,,100,4,images/ayakkabı/3307.jpg,3307.jpg
ADIDAS Men Brown Mudslide Shoes,Casual Shoes - Brown - Summer,,100,4,images/ayakkabı/42020.jpg,42020.jpg
Portia Women Brown Heels,Heels - Brown - Winter,,100,4,images/ayakkabı/47552.jpg,47552.jpg
Nike Men's Free White Grey Shoe,Sports Shoes - White - Summer,,100,4,images/ayakkabı/6675.jpg,6675.jpg
Puma Unisex Lo Punk Black Yellow Shoe,Casual Shoes - Black - Summer,,100,4,images/ayakkabı/4122.jpg,4122.jpg
Vans Unisex Authentic Lo Pro Brown Casual Shoes,Casual Shoes - Brown - Fall,,100,4,images/ayakkabı/21740.jpg,21740.jpg
Quiksilver Men White Flip Flops,Flip Flops - White - Summer,,100,4,images/ayakkabı/40777.jpg,40777.jpg
ADIDAS Men Phantom Blue Sports Shoes,Sports Shoes - Blue - Summer,,100,4,images/ayakkabı/32191.jpg,32191.jpg
Catwalk Women Multi Colour Flats,Heels - Multi - Winter,,100,4,images/ayakkabı/39579.jpg,39579.jpg
Lee Cooper Men Brown Sandals,Sandals - Brown - Summer,,100,4,images/ayakkabı/57506.jpg,57506.jpg
Nike Men Nike Lunarfly+  2 Navy Blue Sports Shoes,Sports Shoes - Navy Blue - Summer,,100,4,images/ayakkabı/8529.jpg,8529.jpg
ADIDAS Men Titan Sports Shoes,Sports Shoes - Silver - Fall,,100,4,images/ayakkabı/13676.jpg,13676.jpg
Puma Men Aqua Cat II Power Red Flip Flops,Flip Flops - Red - Summer,,100,4,images/ayakkabı/26591.jpg,26591.jpg
Nike Women's Izanami White Blue Shoe,Sports Shoes - White - Summer,,100,4,images/ayakkabı/6681.jpg,6681.jpg
Provogue Men Black Formal Shoes,Formal Shoes - Black - Fall,,100,4,images/ayakkabı/22131.jpg,22131.jpg
Fila Men's Victory Black Shoe,Sports Shoes - Black - Fall,,100,4,images/ayakkabı/7753.jpg,7753.jpg
Enroute Women Casual Black Flats,Heels - Black - Summer,,100,4,images/ayakkabı/14453.jpg,14453.jpg
Quiksilver Men Black Flip Flops,Flip Flops - Black - Summer,,100,4,images/ayakkabı/40783.jpg,40783.jpg
Converse Men Black & Red Shoes,Casual Shoes - Black - Spring,,100,4,images/ayakkabı/3797.jpg,3797.jpg
ASICS Women Gel Spree Running Grey Sports Shoes,Sports Shoes - Grey - Spring,,100,4,images/ayakkabı/13212.jpg,13212.jpg
Rocia Women Black & Brown Flats,Flats - Black - Winter,,100,4,images/ayakkabı/50175.jpg,50175.jpg
Nike Women's Double Team Lite Black Shoe,Sports Shoes - Black - Summer,,100,4,images/ayakkabı/5460.jpg,5460.jpg
Globalite Men Black Sparta Shoes,Casual Shoes - Black - Summer,,100,4,images/ayakkabı/44747.jpg,44747.jpg
Catwalk Women Gold Heels,Heels - Gold - Winter,,100,4,images/ayakkabı/55635.jpg,55635.jpg
Nike Men's LunarFly Blue Shoe,Sports Shoes - Blue - Fall,,100,4,images/ayakkabı/2477.jpg,2477.jpg
Puma Men Drift Cat III CF Black Sports Shoes,Sports Shoes - Black - Fall,,100,4,images/ayakkabı/8971.jpg,8971.jpg
Flying Machine Men Casual Black Casual Shoes,Casual Shoes - Black - Fall,,100,4,images/ayakkabı/14498.jpg,14498.jpg
Wrangler Men Rider Solid White Shirts,Flip Flops - White - Fall,,100,4,images/ayakkabı/10804.jpg,10804.jpg
Roxy Women Pink Flip Flops,Flip Flops - Pink - Winter,,100,4,images/ayakkabı/40748.jpg,40748.jpg
Nike Women Double Team Lite Black Shoes,Casual Shoes - Black - Summer,,100,4,images/ayakkabı/38652.jpg,38652.jpg
Puma Men Neo Low Black Casual Shoes,Casual Shoes - Black - Fall,,100,4,images/ayakkabı/23814.jpg,23814.jpg
ADIDAS Men Dumont Beige Sports Shoes,Sports Shoes - Beige - Summer,,100,4,images/ayakkabı/19387.jpg,19387.jpg
Lee Cooper Men Nnado Black Formal Shoes,Formal Shoes - Black - Fall,,100,4,images/ayakkabı/9430.jpg,9430.jpg
Lee Cooper Men  Brown Casual Shoe,Casual Shoes - Brown - Fall,,100,4,images/ayakkabı/17813.jpg,17813.jpg
Catwalk Women Gold Flats,Heels - Gold - Winter,,100,4,images/ayakkabı/33088.jpg,33088.jpg
ADIDAS Women Duramo 3 White Sports Shoes,Sports Shoes - White - Fall,,100,4,images/ayakkabı/9054.jpg,9054.jpg
Skechers Men Tone-Ups Black Shoe,Casual Shoes - Black - Fall,,100,4,images/ayakkabı/18403.jpg,18403.jpg
Timberland Women's Estela Umbrella Green Flip Flop,Flip Flops - Green - Summer,,100,4,images/ayakkabı/6820.jpg,6820.jpg
Puma Women Casual Purple Casual Shoes,Casual Shoes - Purple - Fall,,100,4,images/ayakkabı/12905.jpg,12905.jpg
Skechers Men's Striking Black Shoe,Casual Shoes - Black - Winter,,100,4,images/ayakkabı/5699.jpg,5699.jpg
Carlton London Women Black Heels,Heels - Black - Winter,,100,4,images/ayakkabı/59033.jpg,59033.jpg
Nike Women Zoo Blue Shoe,Sports Shoes - Blue - Summer,,100,4,images/ayakkabı/4579.jpg,4579.jpg
Converse Men Red Casual Shoes,Casual Shoes - Red - Fall,,100,4,images/ayakkabı/24669.jpg,24669.jpg
Enroute Teens Orange Sandals,Sandals - Orange - Summer,,100,4,images/ayakkabı/35529.jpg,35529.jpg
Marvel Boys White Shoes,Casual Shoes - White - Fall,,100,4,images/ayakkabı/47109.jpg,47109.jpg
Catwalk Women Buckel Pink Flats,Heels - Pink - Winter,,100,4,images/ayakkabı/17679.jpg,17679.jpg
Catwalk Women Slim Casual Beige Wedges,Heels - Blue - Winter,,100,4,images/ayakkabı/8172.jpg,8172.jpg
Clarks Men Black Formal Shoes,Formal Shoes - Black - Fall,,100,4,images/ayakkabı/20833.jpg,20833.jpg
Lotto Women Lavender Flip Flops,Flip Flops - Lavender - Summer,,100,4,images/ayakkabı/58327.jpg,58327.jpg
Lotto Men Grey Skateboard Shoes,Casual Shoes - Grey - Summer,,100,4,images/ayakkabı/44778.jpg,44778.jpg
Red Chief Men Khaki Casual Shoes,Casual Shoes - Khaki - Winter,,100,4,images/ayakkabı/39310.jpg,39310.jpg
Nike Women Air Rift Grey Shoes,Casual Shoes - Grey - Summer,,100,4,images/ayakkabı/31941.jpg,31941.jpg
Franco Leone Men Formal Black Formal Shoes,Formal Shoes - Black - Summer,,100,4,images/ayakkabı/11922.jpg,11922.jpg
ADIDAS Black Hydroterra Shandal Casual Shoes,Casual Shoes - Black - Fall,,100,4,images/ayakkabı/13649.jpg,13649.jpg
Vans Men Classic Slip-On Black Shoes,Casual Shoes - Black - Summer,,100,4,images/ayakkabı/34857.jpg,34857.jpg
Portia Women Black Flats,Flats - Brown - Winter,,100,4,images/ayakkabı/47599.jpg,47599.jpg
Lotto Men Revorb Black Sandals,Sandals - Black - Fall,,100,4,images/ayakkabı/19141.jpg,19141.jpg
Nike Men Air Twilight Black Shoes,Sports Shoes - Black - Summer,,100,4,images/ayakkabı/28606.jpg,28606.jpg
Puma Men Hypermoto Ducati Black Shoes,Casual Shoes - Black - Summer,,100,4,images/ayakkabı/33840.jpg,33840.jpg
Numero Uno Men Yellow Flip Flops,Flip Flops - Yellow - Summer,,100,4,images/ayakkabı/39546.jpg,39546.jpg
Coolers Men Black Sports Sandals,Sports Sandals - Black - Summer,,100,4,images/ayakkabı/44572.jpg,44572.jpg
Catwalk Women Black Flats,Heels - Black - Winter,,100,4,images/ayakkabı/55632.jpg,55632.jpg
Inc 5 Women Casual Gold Flats,Heels - Gold - Winter,,100,4,images/ayakkabı/13027.jpg,13027.jpg
Puma Men SL Tech Lo SF White Sports Shoes,Sports Shoes - White - Fall,,100,4,images/ayakkabı/8976.jpg,8976.jpg
Converse Men's AS Canvas HI Black Shoe,Casual Shoes - Black - Summer,,100,4,images/ayakkabı/3790.jpg,3790.jpg
Carlton London Men Semi Formal Black Shoe,Formal Shoes - Black - Fall,,100,4,images/ayakkabı/2642.jpg,2642.jpg
ASICS Men Gel Enduro 7 Running Silver Sports Shoes,Sports Shoes - Grey - Spring,,100,4,images/ayakkabı/13215.jpg,13215.jpg
Red Tape Men Strappy Black Floater,Sandals - Black - Summer,,100,4,images/ayakkabı/7330.jpg,7330.jpg
Nike Men Lunarswift +3 Grey Sports Shoes,Sports Shoes - Grey - Summer,,100,4,images/ayakkabı/31979.jpg,31979.jpg
Rocia Women Multi- Coloured Shoes,Flats - Green - Winter,,100,4,images/ayakkabı/50172.jpg,50172.jpg
Globalite Men White Terra Shoes,Casual Shoes - White - Summer,,100,4,images/ayakkabı/44740.jpg,44740.jpg
Nike Men's Elite Black Shoe,Sports Shoes - Black - Summer,,100,4,images/ayakkabı/5467.jpg,5467.jpg
Puma Men White Aquil Sports Shoes,Sports Shoes - White - Summer,,100,4,images/ayakkabı/41232.jpg,41232.jpg
Puma Men Jago Ripstop Black Sports Shoes,Sports Shoes - Black - Summer,,100,4,images/ayakkabı/26596.jpg,26596.jpg
Fila Men's Agony Black Red Shoe,Casual Shoes - Black - Fall,,100,4,images/ayakkabı/7754.jpg,7754.jpg
Provouge Men Black Formal Shoes,Formal Shoes - Black - Fall,,100,4,images/ayakkabı/22136.jpg,22136.jpg
Enroute Women Casual Taupe Casual Heels,Heels - Taupe - Summer,,100,4,images/ayakkabı/14454.jpg,14454.jpg
Quiksilver Men Blue Flip Flops,Flip Flops - Blue - Summer,,100,4,images/ayakkabı/40784.jpg,40784.jpg
Lee Cooper Men Light cocoa Sandals,Sandals - Beige - Summer,,100,4,images/ayakkabı/57501.jpg,57501.jpg
Catwalk Women Brown Heels,Heels - Brown - Winter,,100,4,images/ayakkabı/49609.jpg,49609.jpg
Lee Cooper Men's LC Casual Denim Blue Shoe,Casual Shoes - Blue - Summer,,100,4,images/ayakkabı/2828.jpg,2828.jpg
Inc. 5 Women Casual Beige Heels,Heels - Beige - Winter,,100,4,images/ayakkabı/22304.jpg,22304.jpg
ADIDAS Men Dash Casual Shoes,Casual Shoes - Black - Fall,,100,4,images/ayakkabı/13685.jpg,13685.jpg
Rocia Women Beige Sandals,Heels - Beige - Winter,,100,4,images/ayakkabı/54142.jpg,54142.jpg
Lee Cooper Men Brown Shoes,Casual Shoes - Brown - Fall,,100,4,images/ayakkabı/26562.jpg,26562.jpg
ADIDAS Women Sukoi Black Sports Shoes,Sports Shoes - Black - Fall,,100,4,images/ayakkabı/42027.jpg,42027.jpg
Asics Men's Gel Cushioning Black Yellow Shoe,Sports Shoes - Black - Spring,,100,4,images/ayakkabı/3300.jpg,3300.jpg
Nike Women Dunk Skinny White Red Shoe,Casual Shoes - White - Summer,,100,4,images/ayakkabı/6672.jpg,6672.jpg
Portia Women White Heels,Heels - White - Winter,,100,4,images/ayakkabı/47555.jpg,47555.jpg
Vans Unisex  Era Black Casual Shoes,Casual Shoes - Black - Fall,,100,4,images/ayakkabı/21747.jpg,21747.jpg
Buckaroo Men Bello Blue Casual Shoes,Casual Shoes - Blue - Winter,,100,4,images/ayakkabı/20695.jpg,20695.jpg
Nike Women Air Relentless Grey Sports Shoes,Sports Shoes - Grey - Fall,,100,4,images/ayakkabı/15740.jpg,15740.jpg
Lotto Men's Calcetto Black Brown Shoe,Casual Shoes - Black - Summer,,100,4,images/ayakkabı/6440.jpg,6440.jpg
Rocia Women Casual Brown Sandal,Flats - Black - Winter,,100,4,images/ayakkabı/17017.jpg,17017.jpg
Nike Men's Dunk Low Blue Shoe,Sports Shoes - Blue - Summer,,100,4,images/ayakkabı/7592.jpg,7592.jpg
Numero Uno Men Brown Casual Shoes,Casual Shoes - Brown - Fall,,100,4,images/ayakkabı/24463.jpg,24463.jpg
Franco Leone Men Brown Sandals,Sandals - Brown - Summer,,100,4,images/ayakkabı/32506.jpg,32506.jpg
Skechers Men Dark Brown Lifestyle Shoe,Casual Shoes - Brown - Winter,,100,4,images/ayakkabı/3556.jpg,3556.jpg
Timberland Men's Grn Thng Red Flip Flop,Flip Flops - Red - Summer,,100,4,images/ayakkabı/6818.jpg,6818.jpg
Numero Uno Men Green Flip Flops,Flip Flops - Green - Summer,,100,4,images/ayakkabı/30251.jpg,30251.jpg
Puma Men Evo Ducati Lo White Casual Shoes,Casual Shoes - White - Fall,,100,4,images/ayakkabı/8982.jpg,8982.jpg
F Sports Men White Zero Gravity Sports Shoes,Sports Shoes - White - Fall,,100,4,images/ayakkabı/54526.jpg,54526.jpg
Bata Men Lite Black Flip Flops,Flip Flops - Black - Summer,,100,4,images/ayakkabı/35511.jpg,35511.jpg
United Colors of Benetton Men Charcoal Shoes,Casual Shoes - Charcoal - Summer,,100,4,images/ayakkabı/37246.jpg,37246.jpg
Warner Bros Kids Unisex White sandals,Sandals - White - Winter,,100,4,images/ayakkabı/40314.jpg,40314.jpg
Lee Cooper Men's Casual Leather Black Shoe,Casual Shoes - Black - Summer,,100,4,images/ayakkabı/2817.jpg,2817.jpg
Puma Men Future Cat White Shoes,Casual Shoes - White - Summer,,100,4,images/ayakkabı/33847.jpg,33847.jpg
Skechers Women Tone Black Sandals,Flats - Black - Winter,,100,4,images/ayakkabı/11925.jpg,11925.jpg
Catwalk Women Silver Heels,Heels - Silver - Winter,,100,4,images/ayakkabı/41669.jpg,41669.jpg
ADIDAS Men's Black Shoe,Casual Shoes - Black - Fall,,100,4,images/ayakkabı/2219.jpg,2219.jpg
ADIDAS Men Falcon Elite White Sports Shoes,Sports Shoes - White - Summer,,100,4,images/ayakkabı/34850.jpg,34850.jpg
Reebok Men White Acciomax II Sports Shoes,Sports Shoes - White - Fall,,100,4,images/ayakkabı/22109.jpg,22109.jpg
Flying Machine Men Black Shoes,Casual Shoes - Black - Summer,,100,4,images/ayakkabı/49060.jpg,49060.jpg
Nike Men Avid Grey Shoes,Casual Shoes - Grey - Summer,,100,4,images/ayakkabı/31946.jpg,31946.jpg
Catwalk Women Casual Brown Flats,Heels - Brown - Winter,,100,4,images/ayakkabı/8175.jpg,8175.jpg
Inc 5 Women Casual Black Flats,Heels - Black - Winter,,100,4,images/ayakkabı/13018.jpg,13018.jpg
F Sports Men Navy Blue Vito Shoes,Casual Shoes - Navy Blue - Fall,,100,4,images/ayakkabı/54519.jpg,54519.jpg
ADIDAS Mens Lightbone Brown Sandal,Sandals - Brown - Summer,,100,4,images/ayakkabı/3569.jpg,3569.jpg
Skechers Men USA Brown Shoe,Casual Shoes - Brown - Fall,,100,4,images/ayakkabı/18404.jpg,18404.jpg
Timberland Women Belle Isld Boat Ball Black Floater,Sports Sandals - Blue - Summer,,100,4,images/ayakkabı/6827.jpg,6827.jpg
ADIDAS Men Duramo 3 M Grey Sports Shoes,Sports Shoes - Grey - Fall,,100,4,images/ayakkabı/9053.jpg,9053.jpg
Puma Women Cabana Racer SL Black Casual Shoes,Casual Shoes - Black - Fall,,100,4,images/ayakkabı/12902.jpg,12902.jpg
Red Tape Men Mocassins Black Casual Shoes,Casual Shoes - Black - Summer,,100,4,images/ayakkabı/23679.jpg,23679.jpg
Carlton London Women Black Heels,Heels - Bronze - Winter,,100,4,images/ayakkabı/59034.jpg,59034.jpg
Lee Cooper Men  Black Casual Shoe,Casual Shoes - Black - Fall,,100,4,images/ayakkabı/17814.jpg,17814.jpg
GAS Men Grey Pine Flip Flops,Flip Flops - Grey - Spring,,100,4,images/ayakkabı/17028.jpg,17028.jpg
Senorita Women Green Flats,Heels - Green - Summer,,100,4,images/ayakkabı/35378.jpg,35378.jpg
Nike Men Air Impetus II White Sports Shoes,Sports Shoes - White - Summer,,100,4,images/ayakkabı/38655.jpg,38655.jpg
Puma Men Jiff Black Flip Flops,Flip Flops - Black - Summer,,100,4,images/ayakkabı/23813.jpg,23813.jpg
Enroute Women Casual Gold Peep Toes,Heels - Gold - Summer,,100,4,images/ayakkabı/14462.jpg,14462.jpg
Vans Unisex Classic Slip-On White Shoes,Casual Shoes - White - Summer,,100,4,images/ayakkabı/34859.jpg,34859.jpg
Portia Women Beige Wedges,Heels - Beige - Winter,,100,4,images/ayakkabı/47597.jpg,47597.jpg
Rocia Women Brown Flats,Flats - Brown - Winter,,100,4,images/ayakkabı/13475.jpg,13475.jpg
Reebok Men Grey Premier Trinity Sports Shoes,Sports Shoes - Grey - Summer,,100,4,images/ayakkabı/27640.jpg,27640.jpg
Nike Men Dart VII Leather White Sports Shoes,Sports Shoes - White - Summer,,100,4,images/ayakkabı/28608.jpg,28608.jpg
Lee Cooper Men White Shoes,Casual Shoes - White - Summer,,100,4,images/ayakkabı/41452.jpg,41452.jpg
Converse Men's Chuck Taylor Print OX White Canvas Shoe,Casual Shoes - White - Summer,,100,4,images/ayakkabı/3594.jpg,3594.jpg
Lotto Men Dolce Vita II Black Sports Shoes,Sports Shoes - Black - Summer,,100,4,images/ayakkabı/34633.jpg,34633.jpg
Woodland Men Black Shoes,Casual Shoes - Black - Summer,,100,4,images/ayakkabı/50376.jpg,50376.jpg
ADIDAS Men Blue & Red F10 Sports Shoes,Sports Shoes - Blue - Summer,,100,4,images/ayakkabı/39910.jpg,39910.jpg
Coolers Men Black Sandals,Sandals - Black - Summer,,100,4,images/ayakkabı/44544.jpg,44544.jpg
FILA Men Trempet White Sports Shoes,Sports Shoes - White - Summer,,100,4,images/ayakkabı/25573.jpg,25573.jpg
Lotto Men Black Dolce Vita Shoes,Casual Shoes - Black - Summer,,100,4,images/ayakkabı/44776.jpg,44776.jpg
Lotto Men Red Flip Flops,Flip Flops - Red - Summer,,100,4,images/ayakkabı/58329.jpg,58329.jpg
Catwalk Women Ballerina Black Casual Shoe,Casual Shoes - Black - Winter,,100,4,images/ayakkabı/17683.jpg,17683.jpg
Skechers Men Off White Lifestyle Casual Shoe,Casual Shoes - White - Winter,,100,4,images/ayakkabı/3560.jpg,3560.jpg
ADIDAS Women Neo Feather Blue Sandals,Sports Sandals - Blue - Fall,,100,4,images/ayakkabı/15312.jpg,15312.jpg
Skechers Men Black Casual Shoes,Casual Shoes - Black - Winter,,100,4,images/ayakkabı/5697.jpg,5697.jpg
Nike Women Court Majestic White Shoes,Sports Shoes - White - Summer,,100,4,images/ayakkabı/24455.jpg,24455.jpg
Nike Men's Mercurial Vic Pink Shoe,Sports Shoes - Red - Summer,,100,4,images/ayakkabı/4577.jpg,4577.jpg
Lotto Men White Los Angeles II Sports Shoes,Sports Shoes - White - Summer,,100,4,images/ayakkabı/44782.jpg,44782.jpg
Puma Men Brown Vintage Ferrari Shoes,Casual Shoes - Brown - Summer,,100,4,images/ayakkabı/53735.jpg,53735.jpg
ADIDAS Men White Sparta Sports Shoes,Sports Shoes - White - Spring,,100,4,images/ayakkabı/40322.jpg,40322.jpg
Catwalk Women Weaved Strap Tan Flats,Heels - Tan - Winter,,100,4,images/ayakkabı/17677.jpg,17677.jpg
Flying Machine Men Casual Grey Casual Shoes,Casual Shoes - Grey - Fall,,100,4,images/ayakkabı/14496.jpg,14496.jpg
Catwalk Women Casual Black Heels,Heels - Black - Winter,,100,4,images/ayakkabı/15544.jpg,15544.jpg
Fila Men's Bruno White Shoe,Casual Shoes - White - Summer,,100,4,images/ayakkabı/4113.jpg,4113.jpg
ID Men Blue Shoes,Casual Shoes - Blue - Fall,,100,4,images/ayakkabı/26554.jpg,26554.jpg
Estd. 1977 Men Grey Sandals,Sandals - Grey - Summer,,100,4,images/ayakkabı/42011.jpg,42011.jpg
Nike Women Transform III IN White Shoe,Sports Shoes - White - Summer,,100,4,images/ayakkabı/6644.jpg,6644.jpg
Portia Women Black Sandals,Heels - Black - Winter,,100,4,images/ayakkabı/47563.jpg,47563.jpg
Rocia Women Black Flats,Flats - Black - Fall,,100,4,images/ayakkabı/13481.jpg,13481.jpg
Rocia Women Casual Black Sandal,Flats - Black - Winter,,100,4,images/ayakkabı/17021.jpg,17021.jpg
Reebok Men's Ventilator Ubiq Shoe,Sports Shoes - Brown - Summer,,100,4,images/ayakkabı/1653.jpg,1653.jpg
Catwalk Women Red Flats,Heels - Red - Winter,,100,4,images/ayakkabı/33086.jpg,33086.jpg
GAS Men Brown Savana Sandals,Sandals - Brown - Spring,,100,4,images/ayakkabı/56411.jpg,56411.jpg
Catwalk Women Multicoloured Heels,Heels - Multi - Winter,,100,4,images/ayakkabı/46822.jpg,46822.jpg
FILA Men Forza 11 Black Sports Shoes,Sports Shoes - Black - Fall,,100,4,images/ayakkabı/23489.jpg,23489.jpg
Nike Men Lengo Black Sports Shoes,Sports Shoes - Black - Summer,,100,4,images/ayakkabı/31970.jpg,31970.jpg
Globalite Men Grey Tracker Shoes,Casual Shoes - Grey - Summer,,100,4,images/ayakkabı/44749.jpg,44749.jpg
HM Women Red Heels,Heels - Red - Winter,,100,4,images/ayakkabı/56882.jpg,56882.jpg
Clarks Men Brown Formal Shoes,Formal Shoes - Brown - Spring,,100,4,images/ayakkabı/57950.jpg,57950.jpg
Fila Men Racer White Sports Shoes,Sports Shoes - White - Fall,,100,4,images/ayakkabı/20802.jpg,20802.jpg
Buckaroo Men Amigo Maroon Casual Shoes,Casual Shoes - Maroon - Winter,,100,4,images/ayakkabı/9091.jpg,9091.jpg
Reebok Men's Lazor Brown Flip Flop,Flip Flops - Brown - Summer,,100,4,images/ayakkabı/5238.jpg,5238.jpg
Lee Cooper Men Brown Sandals,Sandals - Brown - Summer,,100,4,images/ayakkabı/57508.jpg,57508.jpg
Catwalk Women Pink Flats,Heels - Pink - Winter,,100,4,images/ayakkabı/39577.jpg,39577.jpg
Nike Men Nike air embark Black Sandals,Sandals - Black - Summer,,100,4,images/ayakkabı/8527.jpg,8527.jpg
Catwalk Women White Flats,Heels - White - Winter,,100,4,images/ayakkabı/49600.jpg,49600.jpg
Nike Men Air Relentless Black Sports Shoes,Sports Shoes - Black - Summer,,100,4,images/ayakkabı/28637.jpg,28637.jpg
Lee Cooper Men Formal Leather Brown Sandal,Sandals - Brown - Summer,,100,4,images/ayakkabı/2821.jpg,2821.jpg
ADIDAS Women Blazer Sports Shoes,Sports Shoes - Silver - Fall,,100,4,images/ayakkabı/13678.jpg,13678.jpg
Catwalk Women Black Heels,Heels - Black - Winter,,100,4,images/ayakkabı/43934.jpg,43934.jpg
Franco Leone Men Casual Black Sandals,Sandals - Black - Summer,,100,4,images/ayakkabı/11913.jpg,11913.jpg
Catwalk Women Red Flats,Heels - Red - Summer,,100,4,images/ayakkabı/39583.jpg,39583.jpg
Nike Men Lunarswi + 2 Blue Sports Shoes,Sports Shoes - Blue - Fall,,100,4,images/ayakkabı/9401.jpg,9401.jpg
Lee Cooper Men  Black Formal Shoe,Formal Shoes - Black - Fall,,100,4,images/ayakkabı/17822.jpg,17822.jpg
Lotto Women's Cross Color Beige Black Flip Flop,Flip Flops - Black - Summer,,100,4,images/ayakkabı/6449.jpg,6449.jpg
Asics Men's Gel Challenger 8 Tennis White Blue Shoe,Sports Shoes - White - Spring,,100,4,images/ayakkabı/3309.jpg,3309.jpg
Puma Men Java Brown Flip Flops,Flip Flops - Brown - Summer,,100,4,images/ayakkabı/23825.jpg,23825.jpg
Nike Men Downshifter Black Sports Shoes,Sports Shoes - Black - Summer,,100,4,images/ayakkabı/38663.jpg,38663.jpg
Quiksilver Men Brown Flip Flops,Flip Flops - Brown - Summer,,100,4,images/ayakkabı/40779.jpg,40779.jpg
Puma Women Roque Grey Sandals,Flats - Grey - Fall,,100,4,images/ayakkabı/18600.jpg,18600.jpg
Converse Unisex Black Flip Flops,Flip Flops - Black - Spring,,100,4,images/ayakkabı/17648.jpg,17648.jpg
Nike Women Sweet AC Black Shoe,Sports Shoes - Black - Summer,,100,4,images/ayakkabı/4548.jpg,4548.jpg
Quechua Men Arpenaz Brown Sandal,Sandals - Brown - Spring,,100,4,images/ayakkabı/1806.jpg,1806.jpg
HM Women Blue Heels,Heels - Blue - Winter,,100,4,images/ayakkabı/56876.jpg,56876.jpg
Timberland Men's Ox Maroon Red Shoe,Casual Shoes - Red - Summer,,100,4,images/ayakkabı/6811.jpg,6811.jpg
Red Tape Men Brown Shoes,Casual Shoes - Brown - Winter,,100,4,images/ayakkabı/30258.jpg,30258.jpg
Gas Men Beach Flip Flops,Flip Flops - Blue - Summer,,100,4,images/ayakkabı/17026.jpg,17026.jpg
Reebok Men's Frisker LP Shoe,Sports Shoes - White - Fall,,100,4,images/ayakkabı/1654.jpg,1654.jpg
Flying Machine Men Casual Black Casual Shoes,Casual Shoes - Black - Fall,,100,4,images/ayakkabı/14491.jpg,14491.jpg
Fila Men Obsidian Black Sandal,Sandals - Black - Summer,,100,4,images/ayakkabı/4114.jpg,4114.jpg
Catwalk Women Casual Brown Wedges,Heels - Brown - Winter,,100,4,images/ayakkabı/15543.jpg,15543.jpg
Converse Unisex Navy Blue Flip Flops,Flip Flops - Navy Blue - Winter,,100,4,images/ayakkabı/40741.jpg,40741.jpg
ADIDAS Men Silver Phaedra Shoes,Sports Shoes - Silver - Summer,,100,4,images/ayakkabı/42016.jpg,42016.jpg
ID Men Blue Shoes,Casual Shoes - Blue - Fall,,100,4,images/ayakkabı/26553.jpg,26553.jpg
Portia Women Brown Sandals,Heels - Brown - Winter,,100,4,images/ayakkabı/47564.jpg,47564.jpg
Nike Women's Transform III IN Black Pink Shoe,Sports Shoes - Pink - Summer,,100,4,images/ayakkabı/6643.jpg,6643.jpg
Nike Women Iza Black Shoe,Sports Shoes - Black - Summer,,100,4,images/ayakkabı/4570.jpg,4570.jpg
Puma Women Green Supersuede Eco Casual Shoes,Casual Shoes - Green - Winter,,100,4,images/ayakkabı/53732.jpg,53732.jpg
Lotto Men L500 FG White Sports Shoes,Sports Shoes - White - Summer,,100,4,images/ayakkabı/44785.jpg,44785.jpg
ADIDAS Men White Sport Shoes,Sports Shoes - White - Fall,,100,4,images/ayakkabı/40325.jpg,40325.jpg
F Sports Men White Bratt Sports Shoes,Sports Shoes - White - Fall,,100,4,images/ayakkabı/54517.jpg,54517.jpg
Marvel Boys Red Light Spidey Shoes,Casual Shoes - Red - Summer,,100,4,images/ayakkabı/47100.jpg,47100.jpg
Catwalk Women Fancy Black Heels,Heels - Black - Winter,,100,4,images/ayakkabı/17670.jpg,17670.jpg
Red Tape Men Black Shoes,Formal Shoes - Black - Winter,,100,4,images/ayakkabı/30260.jpg,30260.jpg
Nike Women's Lunar Swift White Blue Shoe,Sports Shoes - White - Summer,,100,4,images/ayakkabı/6829.jpg,6829.jpg
ADIDAS Men's Silver White Running Shoe,Sports Shoes - Silver - Summer,,100,4,images/ayakkabı/3567.jpg,3567.jpg
Red Tape Men Cross Band Brown Sandals,Sandals - Brown - Summer,,100,4,images/ayakkabı/23677.jpg,23677.jpg
Nike Men Dual Fusion TR III Grey Sports Shoes,Sports Shoes - Grey - Summer,,100,4,images/ayakkabı/35712.jpg,35712.jpg
ADIDAS Men Eqt Nitro Fashion Black Sports Shoes,Sports Shoes - Black - Fall,,100,4,images/ayakkabı/15315.jpg,15315.jpg
Numero Uno Women NY Grey Blue Shoe,Casual Shoes - Grey - Summer,,100,4,images/ayakkabı/4742.jpg,4742.jpg
Skechers Men Valence Envoy Black Shoe,Casual Shoes - Black - Winter,,100,4,images/ayakkabı/5690.jpg,5690.jpg
Nike Men White Court Shuttle IV Sports Shoes,Sports Shoes - White - Summer,,100,4,images/ayakkabı/24452.jpg,24452.jpg
Globalite Men Navy Blue Skid Shoes,Casual Shoes - Grey - Summer,,100,4,images/ayakkabı/44771.jpg,44771.jpg
Catwalk Women Ballerina Grey Casual Shoe,Casual Shoes - Grey - Winter,,100,4,images/ayakkabı/17684.jpg,17684.jpg
Nike Men Air Pegasus Blue Sports Shoes,Sports Shoes - Blue - Summer,,100,4,images/ayakkabı/31948.jpg,31948.jpg
Inc 5 Women Casual Brown Wedges,Heels - Brown - Winter,,100,4,images/ayakkabı/13016.jpg,13016.jpg
Converse Unisex Black Casual Shoes,Casual Shoes - Black - Summer,,100,4,images/ayakkabı/3593.jpg,3593.jpg
Lotto Men Brown Fella Tres Shoes,Casual Shoes - Brown - Summer,,100,4,images/ayakkabı/34634.jpg,34634.jpg
FILA Men Trempet Black & White Sports Shoes,Sports Shoes - Black - Summer,,100,4,images/ayakkabı/25574.jpg,25574.jpg
Enroute Boys Grey Casual Shoes,Casual Shoes - Grey - Summer,,100,4,images/ayakkabı/35382.jpg,35382.jpg
Puma Men Blue Shoes,Casual Shoes - Blue - Summer,,100,4,images/ayakkabı/33849.jpg,33849.jpg
Provogue Men Black Casual Shoes,Casual Shoes - Black - Fall,,100,4,images/ayakkabı/57530.jpg,57530.jpg
Lee Cooper Men Grey Sandals,Sandals - Grey - Summer,,100,4,images/ayakkabı/41455.jpg,41455.jpg
Catwalk Women Black Heels,Heels - Black - Spring,,100,4,images/ayakkabı/41667.jpg,41667.jpg
Carlton London Women Purple Flat Shoes,Flats - Purple - Winter,,100,4,images/ayakkabı/13640.jpg,13640.jpg
Portia Women Green Sandals,Heels - Green - Winter,,100,4,images/ayakkabı/47590.jpg,47590.jpg
HM Women Black Sandals,Heels - Black - Winter,,100,4,images/ayakkabı/56871.jpg,56871.jpg
Franco Leone Men Brown Sandals,Sandals - Brown - Winter,,100,4,images/ayakkabı/32508.jpg,32508.jpg
Timberland Men's Desert Walnut Brown Shoe,Casual Shoes - Brown - Summer,,100,4,images/ayakkabı/6816.jpg,6816.jpg
Skechers Men's Brown Casual Lifestyle Shoe,Casual Shoes - Brown - Winter,,100,4,images/ayakkabı/3558.jpg,3558.jpg
F Sports Men White Charger Shoes,Casual Shoes - White - Fall,,100,4,images/ayakkabı/54528.jpg,54528.jpg
United Colors of Benetton Men Brown Shoes,Casual Shoes - Brown - Summer,,100,4,images/ayakkabı/37248.jpg,37248.jpg
ADIDAS Women Purple Chill Sports Shoes,Sports Shoes - Purple - Summer,,100,4,images/ayakkabı/42029.jpg,42029.jpg
Puma Men Breeze Red Flip Flops,Flip Flops - Red - Summer,,100,4,images/ayakkabı/23822.jpg,23822.jpg
Nike Men Liteforce Grey Shoes,Casual Shoes - Grey - Fall,,100,4,images/ayakkabı/38664.jpg,38664.jpg
Rockport Men Brown Cashaw Camel Suede Casual Shoes,Casual Shoes - Brown - Fall,,100,4,images/ayakkabı/24835.jpg,24835.jpg
ADIDAS Neo Unisex Court Sequence Black Shoes,Casual Shoes - Black - Summer,,100,4,images/ayakkabı/32950.jpg,32950.jpg
Catwalk Women Black Heels,Heels - Black - Winter,,100,4,images/ayakkabı/39584.jpg,39584.jpg
Senorita Women Black Flats,Heels - Black - Fall,,100,4,images/ayakkabı/45802.jpg,45802.jpg
Nike Unisex Air Deschutz Black Sandal,Sandals - Black - Fall,,100,4,images/ayakkabı/17825.jpg,17825.jpg
Rocia Women Casual Brown Sandal,Flats - Brown - Fall,,100,4,images/ayakkabı/17019.jpg,17019.jpg
Vans Men Blue Shoes,Casual Shoes - Blue - Fall,,100,4,images/ayakkabı/49435.jpg,49435.jpg
Puma Men Faas 300 White Sports Shoes,Sports Shoes - White - Summer,,100,4,images/ayakkabı/26598.jpg,26598.jpg
Vans Men Era Grey Shoes,Casual Shoes - Grey - Summer,,100,4,images/ayakkabı/34861.jpg,34861.jpg
Provouge Men Black Classic Formal Shoe,Formal Shoes - Black - Summer,,100,4,images/ayakkabı/22138.jpg,22138.jpg
Catwalk Women Black Heels,Heels - Black - Winter,,100,4,images/ayakkabı/43933.jpg,43933.jpg
Franco Leone Men Casual Black Sandals,Sandals - Black - Summer,,100,4,images/ayakkabı/11914.jpg,11914.jpg
Arrow Men Red Shoes,Casual Shoes - Red - Summer,,100,4,images/ayakkabı/39742.jpg,39742.jpg
Catwalk Women Black Heels,Heels - Black - Winter,,100,4,images/ayakkabı/39570.jpg,39570.jpg
Catwalk Women Brown Heeled Shoes,Heels - Brown - Winter,,100,4,images/ayakkabı/49607.jpg,49607.jpg
Lee Cooper Men Leather Semi Formal Brown Shoe,Formal Shoes - Brown - Summer,,100,4,images/ayakkabı/2826.jpg,2826.jpg
Skechers Men Black Sneakers,Casual Shoes - Black - Fall,,100,4,images/ayakkabı/41832.jpg,41832.jpg
HM Women Red Heels,Heels - Red - Winter,,100,4,images/ayakkabı/56885.jpg,56885.jpg
Fila Men Rambler Olive Flip Flops,Flip Flops - Olive - Fall,,100,4,images/ayakkabı/20805.jpg,20805.jpg
Converse Unisex Ct As Star Chevron Hi Blue Casual Shoes,Casual Shoes - Blue - Fall,,100,4,images/ayakkabı/9096.jpg,9096.jpg
Rockport Women Beige Flats,Flats - Off White - Fall,,100,4,images/ayakkabı/17489.jpg,17489.jpg
Puma Women Saba Ballet DC3 Purple Casual Shoes,Casual Shoes - Purple - Fall,,100,4,images/ayakkabı/8978.jpg,8978.jpg
Catwalk Women Off-White and Blue Pumps,Casual Shoes - Off White - Winter,,100,4,images/ayakkabı/46825.jpg,46825.jpg
Nike Women Lunarswift +3 Olive Sports Shoes,Sports Shoes - Olive - Summer,,100,4,images/ayakkabı/31977.jpg,31977.jpg
Nike Men's Nike Streetgato Black Shoe,Sports Shoes - Black - Summer,,100,4,images/ayakkabı/5469.jpg,5469.jpg
ADIDAS Men's Adi Liner Brown Flip Flop,Flip Flops - Brown - Summer,,100,4,images/ayakkabı/5638.jpg,5638.jpg
Clarks Men Brown Sandals,Sandals - Brown - Spring,,100,4,images/ayakkabı/57934.jpg,57934.jpg
ADIDAS Men Adi Stars Tread Black Flip Flops,Flip Flops - Black - Summer,,100,4,images/ayakkabı/21188.jpg,21188.jpg
Disney Kids-Unisex Diamond Red Sandals,Sandals - Red - Winter,,100,4,images/ayakkabı/20866.jpg,20866.jpg
Barbie Purple Girls Slippers,Sandals - Purple - Winter,,100,4,images/ayakkabı/46846.jpg,46846.jpg
Gliders Men Black Sandals,Sandals - Black - Fall,,100,4,images/ayakkabı/35588.jpg,35588.jpg
Crocs Women Crle Plterm Black Floater,Sports Sandals - Black - Fall,,100,4,images/ayakkabı/8771.jpg,8771.jpg
Catwalk Women Beige Shoes,Flats - Beige - Winter,,100,4,images/ayakkabı/43950.jpg,43950.jpg
Fila Men Motor Sports Olive Sandals,Sandals - Olive - Summer,,100,4,images/ayakkabı/11977.jpg,11977.jpg
Puma Men Mid Biz Ind White Shoes,Sports Shoes - White - Summer,,100,4,images/ayakkabı/44947.jpg,44947.jpg
Red Chief Men Brown Shoes,Casual Shoes - Brown - Winter,,100,4,images/ayakkabı/50749.jpg,50749.jpg
Nike Men Air Max Quarter Black Sports Shoes,Sports Shoes - Black - Summer,,100,4,images/ayakkabı/28653.jpg,28653.jpg
ADIDAS Men Adi Wind Yellow Flip Flops,Flip Flops - Yellow - Fall,,100,4,images/ayakkabı/19928.jpg,19928.jpg
Spalding Men Grey & Orange Flip Flops,Flip Flops - Grey - Winter,,100,4,images/ayakkabı/3997.jpg,3997.jpg
ADIDAS Men White Snipe Lo Casual Shoes,Casual Shoes - White - Fall,,100,4,images/ayakkabı/23841.jpg,23841.jpg
Portia Women Maroon Flats,Flats - Maroon - Winter,,100,4,images/ayakkabı/47538.jpg,47538.jpg
FILA Men Dls Circuit 2 Black Sports Shoes,Sports Shoes - Black - Fall,,100,4,images/ayakkabı/11983.jpg,11983.jpg
Nike Women Glide White Pink Shoe,Sports Shoes - White - Summer,,100,4,images/ayakkabı/4148.jpg,4148.jpg
Numero Uno Men White Casual Shoes,Casual Shoes - White - Summer,,100,4,images/ayakkabı/24258.jpg,24258.jpg
Catwalk Women Blue Heels,Heels - Blue - Winter,,100,4,images/ayakkabı/53138.jpg,53138.jpg
Nike Men Supergame Black Sports Shoe,Sports Shoes - Black - Fall,,100,4,images/ayakkabı/17846.jpg,17846.jpg
Red Tape Men Casual Brown Casual Shoes,Casual Shoes - Brown - Winter,,100,4,images/ayakkabı/12508.jpg,12508.jpg
Rocia Women Casual Black Heels,Flats - Black - Winter,,100,4,images/ayakkabı/16994.jpg,16994.jpg
Basics Men Black Casual Shoes,Casual Shoes - Black - Fall,,100,4,images/ayakkabı/20892.jpg,20892.jpg
Puma Men El rey Riddim 50s OC Grey Casual Shoes,Casual Shoes - Grey - Fall,,100,4,images/ayakkabı/9001.jpg,9001.jpg
Puma Men Aquil White Sports Shoes,Sports Shoes - White - Summer,,100,4,images/ayakkabı/29123.jpg,29123.jpg
Catwalk Women Brown Heels,Heels - Brown - Winter,,100,4,images/ayakkabı/30693.jpg,30693.jpg
Clarks Men Brown Leather Sandals,Sandals - Brown - Winter,,100,4,images/ayakkabı/50776.jpg,50776.jpg
Catwalk Women Multi Coloured Sandals,Heels - Grey - Summer,,100,4,images/ayakkabı/46613.jpg,46613.jpg
Enroute Men Leather Tan Formal Shoes,Formal Shoes - Tan - Fall,,100,4,images/ayakkabı/16163.jpg,16163.jpg
Lee Cooper Men Black & White Sports Shoes,Sports Shoes - White - Fall,,100,4,images/ayakkabı/41436.jpg,41436.jpg
Clarks Men Feeling Good Leather Brown Formal Shoes,Formal Shoes - Brown - Fall,,100,4,images/ayakkabı/10294.jpg,10294.jpg
Rockport Men Brown Leather Casual Shoes,Casual Shoes - Brown - Summer,,100,4,images/ayakkabı/4183.jpg,4183.jpg
Ganuchi Men Casual Black Casual Shoes,Casual Shoes - Black - Summer,,100,4,images/ayakkabı/11948.jpg,11948.jpg
Reebok Men White Acciomax Sports Shoes,Sports Shoes - White - Summer,,100,4,images/ayakkabı/22958.jpg,22958.jpg
Vans Men Maroon Vulcanized Canvas Shoes,Casual Shoes - Maroon - Summer,,100,4,images/ayakkabı/49469.jpg,49469.jpg
Timberland Men Brown Casual Shoes,Casual Shoes - Brown - Fall,,100,4,images/ayakkabı/22164.jpg,22164.jpg
Lotto Men Black Campione Flip Flop,Flip Flops - Black - Summer,,100,4,images/ayakkabı/44712.jpg,44712.jpg
Rocia Women Black Heels,Heels - Black - Winter,,100,4,images/ayakkabı/57305.jpg,57305.jpg
Catwalk Women Lifestyle Beige Flats,Heels - Beige - Winter,,100,4,images/ayakkabı/11510.jpg,11510.jpg
Carlton London Women Stylish Black Flats,Heels - Black - Winter,,100,4,images/ayakkabı/2610.jpg,2610.jpg
Lotto Men Emeriti Black Slipper,Flip Flops - Black - Fall,,100,4,images/ayakkabı/16735.jpg,16735.jpg
iPanema Women Blue Flip Flops,Flip Flops - Blue - Winter,,100,4,images/ayakkabı/49831.jpg,49831.jpg
Catwalk Women Blue Casual Shoes,Casual Shoes - Blue - Winter,,100,4,images/ayakkabı/22500.jpg,22500.jpg
Franco Leone Men Black Sandals,Sandals - Black - Summer,,100,4,images/ayakkabı/47197.jpg,47197.jpg
Numero Uno Men Black Shoes,Casual Shoes - Black - Summer,,100,4,images/ayakkabı/13075.jpg,13075.jpg
Enroute Women Coral Shoes,Flats - Orange - Summer,,100,4,images/ayakkabı/35785.jpg,35785.jpg
Nike Men Air Max Conquer ACG Olive Sports Boot,Sports Shoes - Olive - Fall,,100,4,images/ayakkabı/22732.jpg,22732.jpg
Coolers Men Khaki Sandals,Sandals - Khaki - Summer,,100,4,images/ayakkabı/44520.jpg,44520.jpg
Gas Men Brown Lear Shoes,Casual Shoes - Brown - Winter,,100,4,images/ayakkabı/39974.jpg,39974.jpg
Fila Men Terra Navy Blue Slippers,Flip Flops - Navy Blue - Fall,,100,4,images/ayakkabı/15382.jpg,15382.jpg
Lotto Unisex Brooklyn Black Shoe,Sports Shoes - Black - Summer,,100,4,images/ayakkabı/4513.jpg,4513.jpg
Catwalk Women Black Casual Flats,Flats - Black - Winter,,100,4,images/ayakkabı/27086.jpg,27086.jpg
Enroute Teens Black Sandals,Sandals - Black - Summer,,100,4,images/ayakkabı/35543.jpg,35543.jpg
Red Tape Men Grey Casual Shoes,Casual Shoes - Grey - Winter,,100,4,images/ayakkabı/7396.jpg,7396.jpg
ADIDAS Men Spry Wine Black Sandal,Sandals - Brown - Fall,,100,4,images/ayakkabı/3504.jpg,3504.jpg
Numero Uno Men White Casual Shoes,Casual Shoes - White - Fall,,100,4,images/ayakkabı/13081.jpg,13081.jpg
FILA Men Fila Boston White Sports Shoes,Sports Shoes - White - Fall,,100,4,images/ayakkabı/15376.jpg,15376.jpg
Gas Men Flint Brown Shoes,Casual Shoes - Brown - Summer,,100,4,images/ayakkabı/39980.jpg,39980.jpg
Rocia Women Black Sandals,Flats - Black - Summer,,100,4,images/ayakkabı/45406.jpg,45406.jpg
Playboy Men Black Shoes,Casual Shoes - Black - Summer,,100,4,images/ayakkabı/32554.jpg,32554.jpg
Nike Women White Court Shuttle Shoes,Sports Shoes - White - Fall,,100,4,images/ayakkabı/26702.jpg,26702.jpg
Nike Men's Dual Fusion White Shoe,Sports Shoes - White - Fall,,100,4,images/ayakkabı/3160.jpg,3160.jpg
Gas Men Aventura Sandal,Sandals - Brown - Spring,,100,4,images/ayakkabı/17045.jpg,17045.jpg
Lotto Unisex Canvas Blue Shoe,Casual Shoes - Blue - Summer,,100,4,images/ayakkabı/6412.jpg,6412.jpg
Fila Men's Mythos White Navy Shoe,Sports Shoes - White - Summer,,100,4,images/ayakkabı/4345.jpg,4345.jpg
Nike Men White Cricket Shoes,Sports Shoes - White - Fall,,100,4,images/ayakkabı/1637.jpg,1637.jpg
Catwalk Women Blue Casual Shoes,Casual Shoes - Blue - Winter,,100,4,images/ayakkabı/21715.jpg,21715.jpg
Rockport Men CV Wing Black Casual Shoes,Casual Shoes - Black - Fall,,100,4,images/ayakkabı/15520.jpg,15520.jpg
Puma Men's Mid Spill Black Shoe,Casual Shoes - Black - Summer,,100,4,images/ayakkabı/5899.jpg,5899.jpg
Rocia Women Black Flats,Heels - Black - Winter,,100,4,images/ayakkabı/54110.jpg,54110.jpg
Nike Men Air Courtballistic White Sports Shoes,Sports Shoes - White - Fall,,100,4,images/ayakkabı/12705.jpg,12705.jpg
Gas Men Aishley Greyish Purple Casual Shoes,Casual Shoes - Purple - Spring,,100,4,images/ayakkabı/26530.jpg,26530.jpg
ADIDAS Men's Ridley White Silver Shoe,Sports Shoes - White - Summer,,100,4,images/ayakkabı/6620.jpg,6620.jpg
Timberland Men Light Brown Casual Shoes,Casual Shoes - Brown - Fall,,100,4,images/ayakkabı/22190.jpg,22190.jpg
ADIDAS Women White Galaxy Arriba Sports Shoes,Sports Shoes - White - Summer,,100,4,images/ayakkabı/46089.jpg,46089.jpg
Puma Men Aquil Black Sports Shoes,Sports Shoes - Black - Fall,,100,4,images/ayakkabı/29124.jpg,29124.jpg
Buckaroo Men Red Casual Shoes,Casual Shoes - Red - Winter,,100,4,images/ayakkabı/40970.jpg,40970.jpg
Basics Men Orange Casual Shoes,Casual Shoes - Orange - Fall,,100,4,images/ayakkabı/20895.jpg,20895.jpg
ADIDAS Women White & Grey Vanquish Sports Shoes,Sports Shoes - White - Summer,,100,4,images/ayakkabı/24409.jpg,24409.jpg
ADIDAS Men Grey Sports Shoes,Sports Shoes - Grey - Fall,,100,4,images/ayakkabı/12957.jpg,12957.jpg
iPanema Women Black Flip Flops,Flip Flops - Black - Winter,,100,4,images/ayakkabı/44188.jpg,44188.jpg
Numero Uno Men Black Shoes,Casual Shoes - Black - Summer,,100,4,images/ayakkabı/45866.jpg,45866.jpg
Nike Women City Court White Sports Shoe,Sports Shoes - White - Fall,,100,4,images/ayakkabı/17841.jpg,17841.jpg
Arrow Men Formal Brown Shoe,Formal Shoes - Brown - Fall,,100,4,images/ayakkabı/23248.jpg,23248.jpg
ADIDAS Men White Galaxy Elite Sports Shoes,Sports Shoes - White - Fall,,100,4,images/ayakkabı/23846.jpg,23846.jpg
Rocia Women Silver Heels,Heels - Silver - Winter,,100,4,images/ayakkabı/54128.jpg,54128.jpg
Rockport Men Slatkin Grey Casual Shoes,Casual Shoes - Grey - Fall,,100,4,images/ayakkabı/15518.jpg,15518.jpg
Franco Leone Men Brown Makhani Formal Shoes,Formal Shoes - Brown - Summer,,100,4,images/ayakkabı/44940.jpg,44940.jpg
Red Tape Men Black Sandals,Sandals - Black - Summer,,100,4,images/ayakkabı/24099.jpg,24099.jpg
Reebok Men Grey Ultimate Vibe Sports Shoes,Sports Shoes - Grey - Summer,,100,4,images/ayakkabı/43359.jpg,43359.jpg
Puma Women Grey Techno Ind Sandals,Sandals - Grey - Fall,,100,4,images/ayakkabı/43957.jpg,43957.jpg
Barbie Girls Pink Shoes,Casual Shoes - Pink - Winter,,100,4,images/ayakkabı/46841.jpg,46841.jpg
Carlton London Women Four Strapped Gold Sandal,Flats - Gold - Fall,,100,4,images/ayakkabı/2628.jpg,2628.jpg
iPanema Women White Flip Flops,Flip Flops - White - Winter,,100,4,images/ayakkabı/49809.jpg,49809.jpg
Puma Unisex Matrix Red White Flip Flop,Flip Flops - Red - Summer,,100,4,images/ayakkabı/6288.jpg,6288.jpg
Fila Men Zoom Black Shoes,Casual Shoes - Black - Summer,,100,4,images/ayakkabı/39342.jpg,39342.jpg
Coolers Men Black Sandals,Sandals - Black - Summer,,100,4,images/ayakkabı/44518.jpg,44518.jpg
Nike Men Zoom Hyperenforcer White Sports Shoes,Sports Shoes - White - Summer,,100,4,images/ayakkabı/36138.jpg,36138.jpg
Reebok Women Zig Sonic Yellow and Grey Sports Shoes,Sports Shoes - Yellow - Winter,,100,4,images/ayakkabı/4170.jpg,4170.jpg
Numero Uno Men White Shoes,Casual Shoes - White - Summer,,100,4,images/ayakkabı/24260.jpg,24260.jpg
Rocia Women Brown Flats,Heels - Brown - Winter,,100,4,images/ayakkabı/54117.jpg,54117.jpg
ID Men Blue Shoes,Casual Shoes - Blue - Winter,,100,4,images/ayakkabı/26537.jpg,26537.jpg
Nike Women Capri White Casual Shoes,Casual Shoes - White - Fall,,100,4,images/ayakkabı/12702.jpg,12702.jpg
ADIDAS Men's Morin Black Shoe,Sports Shoes - Black - Summer,,100,4,images/ayakkabı/6627.jpg,6627.jpg
Timberland Men Brown Casual Shoes,Casual Shoes - Brown - Fall,,100,4,images/ayakkabı/22197.jpg,22197.jpg
Nike Women Main Draw White Blue Shoe,Sports Shoes - White - Summer,,100,4,images/ayakkabı/3167.jpg,3167.jpg
Nike Women Black Tenkay Shoes,Flats - Black - Fall,,100,4,images/ayakkabı/26705.jpg,26705.jpg
Lotto Unisex Canvas Purple Yellow Shoe,Casual Shoes - Blue - Summer,,100,4,images/ayakkabı/6415.jpg,6415.jpg
Murcia Women Blue Handbag,Handbags - Blue - Summer,,100,6,images/çanta/47957.jpg,47957.jpg
Baggit Women Brown Handbag,Handbags - Brown - Summer,,100,6,images/çanta/47359.jpg,47359.jpg
Murcia Women Casual Brown Handbag,Handbags - Brown - Winter,,100,6,images/çanta/21977.jpg,21977.jpg
Rocky S Women White Handbag,Handbags - White - Summer,,100,6,images/çanta/58183.jpg,58183.jpg
Kiara Women Teal Handbag,Handbags - Teal - Summer,,100,6,images/çanta/29742.jpg,29742.jpg
French Connection Women Beige Handbag,Handbags - Beige - Summer,,100,6,images/çanta/42841.jpg,42841.jpg
Peperone Women Black & White Handbag,Handbags - Black - Summer,,100,6,images/çanta/35913.jpg,35913.jpg
Peter England Unisex Orange Sleeve Bag,Laptop Bag - Orange - Summer,,100,6,images/çanta/39524.jpg,39524.jpg
Fabindia Women Blue Silk Sling Bag,Handbags - Blue - Summer,,100,6,images/çanta/31923.jpg,31923.jpg
Spice Art Women Ribbon Embroidery Red Clutch,Clutches - Red - Winter,,100,6,images/çanta/20851.jpg,20851.jpg
Rocky S Women Brown Handbag,Handbags - Brown - Summer,,100,6,images/çanta/58177.jpg,58177.jpg
Nike Unisex Swoosh Black Backpack,Backpacks - Black - Fall,,100,6,images/çanta/12732.jpg,12732.jpg
Kiara Women Graphiti White Handbag,Handbags - White - Winter,,100,6,images/çanta/21510.jpg,21510.jpg
Murcia Women Casual Brown Handbag,Handbags - Brown - Winter,,100,6,images/çanta/21948.jpg,21948.jpg
Baggit Women Blue Bag,Handbags - Blue - Summer,,100,6,images/çanta/47366.jpg,47366.jpg
ADIDAS Unisex Chicago Bulls Red Backpack,Backpacks - Red - Summer,,100,6,images/çanta/29319.jpg,29319.jpg
Murcia Women Snake Print Bag Brown Handbags,Handbags - Brown - Winter,,100,6,images/çanta/9009.jpg,9009.jpg
Baggit Women Beige Bag,Handbags - Beige - Fall,,100,6,images/çanta/47392.jpg,47392.jpg
Yelloe Off White Fur Zip Clutch,Clutches - Off White - Summer,,100,6,images/çanta/27045.jpg,27045.jpg
Murcia Women White With Stitch Bag,Handbags - White - Winter,,100,6,images/çanta/3391.jpg,3391.jpg
Baggit Women Umbrella Dum Brown Handbag,Handbags - Brown - Winter,,100,6,images/çanta/20604.jpg,20604.jpg
Lino Perros Women Leatherite Orange Handbag,Handbags - Orange - Winter,,100,6,images/çanta/25144.jpg,25144.jpg
Wildcraft Unisex Red Duffle Bag,Duffel Bag - Red - Winter,,100,6,images/çanta/5254.jpg,5254.jpg
Wildcraft Unisex Black Outdoor Backpack,Backpacks - Black - Winter,,100,6,images/çanta/19920.jpg,19920.jpg
Rocky S Women Red Clutch,Clutches - Red - Fall,,100,6,images/çanta/58170.jpg,58170.jpg
Fabindia Women Black Silk Handbag,Handbags - Black - Summer,,100,6,images/çanta/31924.jpg,31924.jpg
Nike Unisex Hayward 25M Grey Backpack,Backpacks - Grey - Fall,,100,6,images/çanta/19316.jpg,19316.jpg
Wildcraft Unisex Black Backpack,Backpacks - Black - Winter,,100,6,images/çanta/19918.jpg,19918.jpg
Peter England Unisex Black One Dayer Black Trolley Bag,Trolley Bag - Black - Summer,,100,6,images/çanta/39523.jpg,39523.jpg
French Connection Women Multi Stripe Hand Bag,Handbags - Multi - Summer,,100,6,images/çanta/42846.jpg,42846.jpg
Kiara Women Brown Handbag,Handbags - Brown - Summer,,100,6,images/çanta/53934.jpg,53934.jpg
Lino Perros Women Leatherite Brown Handbag,Handbags - Brown - Winter,,100,6,images/çanta/25188.jpg,25188.jpg
Kiara Women Sequins Copper Handbag,Handbags - Copper - Winter,,100,6,images/çanta/21528.jpg,21528.jpg
Spice Art Women Black Handbag,Handbags - Black - Summer,,100,6,images/çanta/59432.jpg,59432.jpg
Rocky S Women Beige Handbag,Handbags - Beige - Summer,,100,6,images/çanta/58184.jpg,58184.jpg
Lino Perros Women Silver Clutch,Clutches - Silver - Winter,,100,6,images/çanta/25143.jpg,25143.jpg
Wildcraft Unisex Black & Grey Duffel Bag,Duffel Bag - Grey - Winter,,100,6,images/çanta/5253.jpg,5253.jpg
Nike Unisex Ultimatum Max Backpack,Backpacks - Black - Summer,,100,6,images/çanta/46623.jpg,46623.jpg
U.S. Polo Assn. Unisex Casual Olive Backpack,Backpacks - Black - Summer,,100,6,images/çanta/22968.jpg,22968.jpg
Murcia Women Turquoise Blue Handbag,Handbags - Blue - Winter,,100,6,images/çanta/3396.jpg,3396.jpg
Baggit Women Selection Mayur Black Sling Bag,Handbags - Black - Winter,,100,6,images/çanta/20603.jpg,20603.jpg
Yelloe Black Animal Print Clutch,Clutches - Black - Summer,,100,6,images/çanta/27042.jpg,27042.jpg
Mod'acc Women Black Handbag,Handbags - Black - Summer,,100,6,images/çanta/52647.jpg,52647.jpg
Baggit Women Rade Doko Teal Handbag,Handbags - Teal - Winter,,100,6,images/çanta/33442.jpg,33442.jpg
Baggit Women Green Handbag,Handbags - Green - Summer,,100,6,images/çanta/47395.jpg,47395.jpg
Baggit Women Black Voodoo Gang Handbag,Handbags - Black - Summer,,100,6,images/çanta/47361.jpg,47361.jpg
Pitaraa Women Purple Sling Bag,Handbags - Purple - Summer,,100,6,images/çanta/48329.jpg,48329.jpg
Murcia Women Hahk Brown Handbags,Handbags - Brown - Winter,,100,6,images/çanta/10250.jpg,10250.jpg
French Connection Women Black Buffy Clutch,Clutches - Black - Summer,,100,6,images/çanta/42879.jpg,42879.jpg
Wills Lifestyle Women Red Clutch,Clutches - Red - Summer,,100,6,images/çanta/37640.jpg,37640.jpg
French Connection Women Beige Clutch,Clutches - Beige - Summer,,100,6,images/çanta/42884.jpg,42884.jpg
Nike Unisex Classic Turf Pink Backpack,Backpacks - Pink - Fall,,100,6,images/çanta/19320.jpg,19320.jpg
ADIDAS Women Pink Handbag,Handbags - Pink - Summer,,100,6,images/çanta/5854.jpg,5854.jpg
Peter England Unisex Brown Laptop Bag,Laptop Bag - Brown - Summer,,100,6,images/çanta/39515.jpg,39515.jpg
Puma Unisex Black Backpack,Backpacks - Black - Summer,,100,6,images/çanta/58146.jpg,58146.jpg
Fabindia Women Green Sling Bag,Handbags - Green - Summer,,100,6,images/çanta/31912.jpg,31912.jpg
Fastrack Women Nylon Black Handbag,Handbags - Black - Winter,,100,6,images/çanta/8313.jpg,8313.jpg
Murcia Women Casual Black Handbag,Handbags - Black - Winter,,100,6,images/çanta/21946.jpg,21946.jpg
ADIDAS Unisex Blue Backpack,Backpacks - Blue - Summer,,100,6,images/çanta/29317.jpg,29317.jpg
Baggit Brown Handbag,Handbags - Brown - Summer,,100,6,images/çanta/47368.jpg,47368.jpg
Murcia Women Silver Black Purse Silver Handbags,Handbags - Silver - Winter,,100,6,images/çanta/9007.jpg,9007.jpg
French Connection Women Purple Handbag,Handbags - Purple - Summer,,100,6,images/çanta/42870.jpg,42870.jpg
Kiara Women Brown Handbag,Handbags - Brown - Summer,,100,6,images/çanta/53902.jpg,53902.jpg
Baggit Women Green Mobile Pouch,Mobile Pouch - Green - Summer,,100,6,images/çanta/38433.jpg,38433.jpg
Lino Perros Women Solid Beige Handbag,Handbags - Beige - Winter,,100,6,images/çanta/18034.jpg,18034.jpg
ADIDAS Unisex Black Backpack,Backpacks - Black - Summer,,100,6,images/çanta/34463.jpg,34463.jpg
Rocky S Women Blue Handbag,Handbags - Blue - Summer,,100,6,images/çanta/58179.jpg,58179.jpg
Wildcraft Unisex Grey Printed Messenger Bag,Messenger Bag - Grey - Winter,,100,6,images/çanta/19911.jpg,19911.jpg
Lino Perros Women Red and Grey Handbag,Handbags - Red - Winter,,100,6,images/çanta/25175.jpg,25175.jpg
Wildcraft Unisex Black & Red Messenger Bag,Messenger Bag - Black - Winter,,100,6,images/çanta/5265.jpg,5265.jpg
American Tourister Unisex Black Backpack,Backpacks - Black - Summer,,100,6,images/çanta/37682.jpg,37682.jpg
Lino Perros Women Leatherite Brown Handbag,Handbags - Brown - Winter,,100,6,images/çanta/25181.jpg,25181.jpg
Kiara Women Rose Pink Handbag,Handbags - Pink - Winter,,100,6,images/çanta/21521.jpg,21521.jpg
American Tourister Unisex Black Backpack,Backpacks - Black - Winter,,100,6,images/çanta/37676.jpg,37676.jpg
American Tourister Unisex Purple Messenger Bag,Messenger Bag - Purple - Summer,,100,6,images/çanta/42417.jpg,42417.jpg
Baggit Women Purple Phulrani Brush Mobile Pouch,Mobile Pouch - Purple - Summer,,100,6,images/çanta/47357.jpg,47357.jpg
Nike Women Track Tote Pink Handbag,Handbags - Pink - Summer,,100,6,images/çanta/30205.jpg,30205.jpg
Murcia Women Casual Black Clutch,Clutches - Black - Winter,,100,6,images/çanta/21979.jpg,21979.jpg
Baggit Women Blue Handbag,Handbags - Blue - Summer,,100,6,images/çanta/38434.jpg,38434.jpg
Kiara Women Beige Handbag,Handbags - Beige - Summer,,100,6,images/çanta/53905.jpg,53905.jpg
Kiara Women Glossy White Handbag,Handbags - White - Winter,,100,6,images/çanta/21519.jpg,21519.jpg
Lino Perros Women Solid Brown Handbag,Handbags - Brown - Winter,,100,6,images/çanta/18033.jpg,18033.jpg
Peperone Women Yellow Clutch,Clutches - Yellow - Summer,,100,6,images/çanta/35925.jpg,35925.jpg
French Connection Women Grey Clutch,Clutches - Grey - Summer,,100,6,images/çanta/47961.jpg,47961.jpg
Murcia Women Casual Black Handbag,Handbags - Black - Winter,,100,6,images/çanta/21941.jpg,21941.jpg
Pitaraa Women Green Sling Bag,Handbags - Green - Summer,,100,6,images/çanta/48327.jpg,48327.jpg
Fabindia Women Green Silk Clutch,Clutches - Green - Summer,,100,6,images/çanta/31915.jpg,31915.jpg
Mod'acc Women Orange Handbag,Handbags - Orange - Summer,,100,6,images/çanta/52649.jpg,52649.jpg
Quiksilver Unisex Blue Backpack,Backpacks - Blue - Summer,,100,6,images/çanta/21189.jpg,21189.jpg
Peter England Unisex Black Backpack,Backpacks - Black - Summer,,100,6,images/çanta/39512.jpg,39512.jpg
Puma Unisex Deck Black Backpacks,Backpacks - Black - Fall,,100,6,images/çanta/9490.jpg,9490.jpg
French Connection Women Black Sling Bag,Handbags - Black - Summer,,100,6,images/çanta/42883.jpg,42883.jpg
Murcia Women Black Handbag,Handbags - Black - Winter,,100,6,images/çanta/3398.jpg,3398.jpg
ADIDAS Women Blue Handbag,Handbags - Blue - Summer,,100,6,images/çanta/5853.jpg,5853.jpg
Baggit Women Green Bag,Handbags - Green - Summer,,100,6,images/çanta/47350.jpg,47350.jpg
Nike Unisex Classic Turf Navy Blue Backpack,Backpacks - Navy Blue - Summer,,100,6,images/çanta/30202.jpg,30202.jpg
American Tourister Unisex Black Backpack,Backpacks - Black - Summer,,100,6,images/çanta/37671.jpg,37671.jpg
Murcia Women Grey Handbag,Handbags - Grey - Fall,,100,6,images/çanta/47734.jpg,47734.jpg
Lino Perros Women Leatherette Brown Handbag,Handbags - Brown - Winter,,100,6,images/çanta/25186.jpg,25186.jpg
Kiara Women Glossy Red Handbag,Handbags - Red - Winter,,100,6,images/çanta/21526.jpg,21526.jpg
American Tourister Unisex Black Backpack,Backpacks - Black - Summer,,100,6,images/çanta/37685.jpg,37685.jpg
Nike Unisex Classic Base Blue Backpack,Backpacks - Blue - Fall,,100,6,images/çanta/19318.jpg,19318.jpg
Wildcraft Unisex Black & Grey Printed Laptop Backpack,Backpacks - Black - Winter,,100,6,images/çanta/19916.jpg,19916.jpg
Lino Perros Women Leatherite Brown Handbag,Handbags - Brown - Winter,,100,6,images/çanta/25172.jpg,25172.jpg
Wildcraft Unisex Blue & Grey Printed Backpack,Backpacks - Blue - Winter,,100,6,images/çanta/5262.jpg,5262.jpg
Be For Bag Women Blue Tote Bag,Handbags - Blue - Summer,,100,6,images/çanta/47136.jpg,47136.jpg
Lino Perros Women Purple Handbag,Handbags - Purple - Summer,,100,6,images/çanta/37073.jpg,37073.jpg
Baggit Women Green purse,Clutches - Green - Summer,,100,6,images/çanta/47304.jpg,47304.jpg
Murcia Women Jute Silver Handbag,Handbags - Silver - Summer,,100,6,images/çanta/37417.jpg,37417.jpg
Murcia Women Purple Handbag,Handbags - Purple - Winter,,100,6,images/çanta/27685.jpg,27685.jpg
Nike Unisex Swoosh Black Backpacks,Backpacks - Black - Summer,,100,6,images/çanta/12750.jpg,12750.jpg
Wildcraft Unisex Cruiser Red Backpack,Backpacks - Red - Summer,,100,6,images/çanta/35172.jpg,35172.jpg
Lino Perros Women Black Clutch,Clutches - Black - Winter,,100,6,images/çanta/25126.jpg,25126.jpg
Murcia Women Maroon Handbag,Handbags - Maroon - Spring,,100,6,images/çanta/43334.jpg,43334.jpg
Murcia Women Pink Handbag,Handbags - Pink - Winter,,100,6,images/çanta/27671.jpg,27671.jpg
Murcia Women Brown Handbag,Handbags - Brown - Summer,,100,6,images/çanta/47794.jpg,47794.jpg
Nike Unisex Casual Black Duffle Bag,Duffel Bag - Black - Fall,,100,6,images/çanta/19942.jpg,19942.jpg
ADIDAS Classic Blue White Backpack,Backpacks - Blue - Summer,,100,6,images/çanta/2221.jpg,2221.jpg
Wildcraft Unisex Grey & Black Backpack,Backpacks - Grey - Spring,,100,6,images/çanta/35186.jpg,35186.jpg
Murcia Women Big Canvas Tote Bag,Handbags - Pink - Winter,,100,6,images/çanta/2645.jpg,2645.jpg
Spice Art Women Leatherette  Black Handbags,Handbags - Black - Winter,,100,6,images/çanta/16760.jpg,16760.jpg
Mod-acc Women Purple Handbag,Handbags - Purple - Summer,,100,6,images/çanta/52622.jpg,52622.jpg
Lino Perros Women Brown Mobile Pouch,Mobile Pouch - Brown - Summer,,100,6,images/çanta/37087.jpg,37087.jpg
Tortoise Unisex Brown Leather Duffel Bag,Duffel Bag - Brown - Spring,,100,6,images/çanta/39921.jpg,39921.jpg
Baggit Women Modishx Enzyme Blue Sling Bag,Handbags - Blue - Summer,,100,6,images/çanta/33427.jpg,33427.jpg
Wildcraft Unisex Green Backpack,Backpacks - Green - Winter,,100,6,images/çanta/7105.jpg,7105.jpg
Murcia Women Red Handbag,Handbags - Red - Summer,,100,6,images/çanta/37428.jpg,37428.jpg
Baggit Women Green Pinto Checksy Mobile Pouch,Mobile Pouch - Green - Summer,,100,6,images/çanta/38460.jpg,38460.jpg
Lino Perros Women Olive Handbag,Handbags - Olive - Summer,,100,6,images/çanta/49067.jpg,49067.jpg
Nike Unisex Ultimatum Max Black Backpacks,Backpacks - Black - Summer,,100,6,images/çanta/8516.jpg,8516.jpg
Lino Perros Women Gems Black Clutch,Clutches - Black - Winter,,100,6,images/çanta/25119.jpg,25119.jpg
Lino Perros Women Blue Handbag,Handbags - Blue - Summer,,100,6,images/çanta/37080.jpg,37080.jpg
Tortoise Unisex Brown Laptop Bag,Laptop Bag - Brown - Fall,,100,6,images/çanta/39926.jpg,39926.jpg
Wildcraft Unisex Orange & Grey Backpack,Backpacks - Orange - Winter,,100,6,images/çanta/7102.jpg,7102.jpg
Puma Unisex Black Echo Backpack,Backpacks - Black - Summer,,100,6,images/çanta/43565.jpg,43565.jpg
Spice Art Women Spacious Brown Handbag,Handbags - Brown - Winter,,100,6,images/çanta/16767.jpg,16767.jpg
Wildcraft Unisex Blue Backpack,Backpacks - Blue - Summer,,100,6,images/çanta/35181.jpg,35181.jpg
United Colors of Benetton Women Blue Sling Bag,Handbags - Blue - Summer,,100,6,images/çanta/36536.jpg,36536.jpg
Lino Perros Women Gem Ring Black Clutch,Clutches - Black - Winter,,100,6,images/çanta/25121.jpg,25121.jpg
Baggit Women Olive Green Handbag,Handbags - Olive - Fall,,100,6,images/çanta/54384.jpg,54384.jpg
Murcia Women Brown Handbag,Handbags - Brown - Summer,,100,6,images/çanta/43333.jpg,43333.jpg
Nike Women Casual Purple Handbag,Handbags - Purple - Fall,,100,6,images/çanta/19945.jpg,19945.jpg
Puma Unisex Pink Backpack,Backpacks - Pink - Summer,,100,6,images/çanta/53367.jpg,53367.jpg
Murcia Women Envelope Green Handbag,Handbags - Green - Summer,,100,6,images/çanta/37410.jpg,37410.jpg
Baggit Women Orange Sling Bag,Handbags - Orange - Summer,,100,6,images/çanta/38458.jpg,38458.jpg
Murcia Women Black Handbag,Handbags - Black - Winter,,100,6,images/çanta/27682.jpg,27682.jpg
Lino Perros Women Black Handbag,Handbags - Black - Summer,,100,6,images/çanta/37074.jpg,37074.jpg
Baggit Women Black Purse,Clutches - Black - Fall,,100,6,images/çanta/47303.jpg,47303.jpg
Fossil Women Green Handbag,Handbags - Green - Winter,,100,6,images/çanta/48179.jpg,48179.jpg
Paridhan Women Orange Printed Handbag,Handbags - Orange - Summer,,100,6,images/çanta/50186.jpg,50186.jpg
Be For Bag Women Pink Bag,Handbags - White - Summer,,100,6,images/çanta/47131.jpg,47131.jpg
Lino Perros Women Casual Handbag,Handbags - Beige - Winter,,100,6,images/çanta/24651.jpg,24651.jpg
United Colors of Benetton Women Brown Handbag,Handbags - Brown - Summer,,100,6,images/çanta/36509.jpg,36509.jpg
Spice Art Women Double Handle Shimmer Handbags,Handbags - White - Winter,,100,6,images/çanta/16758.jpg,16758.jpg
Nike Unisex Brasilia 5 Me Black Backpacks,Backpacks - Black - Fall,,100,6,images/çanta/9437.jpg,9437.jpg
Kiara Women Leatherette Light Green Handbag,Handbags - Green - Summer,,100,6,images/çanta/29727.jpg,29727.jpg
Baggit Women Galaxy Exel Navy Blue Handbag,Handbags - Navy Blue - Winter,,100,6,images/çanta/20498.jpg,20498.jpg
Nike Women Nike Purple Tote Purple Bags,Handbags - Purple - Summer,,100,6,images/çanta/8518.jpg,8518.jpg
Lino Perros Women Beaded Pink Clutch,Clutches - Pink - Winter,,100,6,images/çanta/25117.jpg,25117.jpg
Wildcraft Unisex Grey Backpack,Backpacks - Grey - Winter,,100,6,images/çanta/4583.jpg,4583.jpg
Lino Perros Women Pink Handbag,Handbags - Pink - Summer,,100,6,images/çanta/49069.jpg,49069.jpg
Lino Perros Black Women Casual Sling Bag,Handbags - Black - Winter,,100,6,images/çanta/22564.jpg,22564.jpg
Spice Art Women Copper Leartherite Multi Clutch,Clutches - Copper - Winter,,100,6,images/çanta/16751.jpg,16751.jpg
Baggit Women Green Handbag,Handbags - Green - Summer,,100,6,images/çanta/47335.jpg,47335.jpg
Lino Perros Women Brown Handbag,Handbags - Brown - Summer,,100,6,images/çanta/54510.jpg,54510.jpg
Allen Solly Women Black Handbag,Handbags - Black - Summer,,100,6,images/çanta/35143.jpg,35143.jpg
Baggit Women Knotty Taj Maroon Handbag,Handbags - Maroon - Winter,,100,6,images/çanta/20491.jpg,20491.jpg
Kiara Women Small Pocket Black Handbag,Handbags - Black - Winter,,100,6,images/çanta/21543.jpg,21543.jpg
Murcia Women Hahk Purple Handbags,Handbags - Purple - Winter,,100,6,images/çanta/10204.jpg,10204.jpg
Fossil Women Brown Handbag,Handbags - Brown - Winter,,100,6,images/çanta/48184.jpg,48184.jpg
United Colors of Benetton Women Solid Black Handbags,Handbags - Black - Summer,,100,6,images/çanta/14805.jpg,14805.jpg
Lino Perros Women Brown Handbag,Handbags - Brown - Summer,,100,6,images/çanta/37089.jpg,37089.jpg
Baggit Women Naughty Lips Teal Handbag,Handbags - Teal - Fall,,100,6,images/çanta/33429.jpg,33429.jpg
Kiara Women White Handbag,Handbags - White - Summer,,100,6,images/çanta/53994.jpg,53994.jpg
Lino Perros Women Gems Silver Clutch,Clutches - Silver - Winter,,100,6,images/çanta/25128.jpg,25128.jpg
Wildcraft Women Pink Backpack,Backpacks - Pink - Spring,,100,6,images/çanta/35188.jpg,35188.jpg
Murcia Women Office Red Handbag,Handbags - Red - Summer,,100,6,images/çanta/37419.jpg,37419.jpg
Wildcraft Unisex Blue & Black Backpack,Backpacks - Blue - Winter,,100,6,images/çanta/24832.jpg,24832.jpg
Baggit Women Teal Selection Jack Sling Bag,Handbags - Teal - Summer,,100,6,images/çanta/38451.jpg,38451.jpg
Envirosax Women Multi Coloured Bag,Handbags - Multi - Summer,,100,6,images/çanta/34892.jpg,34892.jpg
Be For Bag Women Combo pack Tote Bags,Handbags - White - Summer,,100,6,images/çanta/47138.jpg,47138.jpg
ADIDAS Unisex Black Backpack,Backpacks - Black - Summer,,100,6,images/çanta/31984.jpg,31984.jpg
ADIDAS Unisex ADP1810 Black Backpack,Backpacks - Black - Fall,,100,6,images/çanta/15923.jpg,15923.jpg
Lino Perros Women Black Handbag,Handbags - Black - Summer,,100,6,images/çanta/36993.jpg,36993.jpg
Vital Gear Unisex Pink Daypack Backpack,Backpacks - Pink - Fall,,100,6,images/çanta/18432.jpg,18432.jpg
Nike Unisex Brasilia 5 Me Blue Backpacks,Backpacks - Blue - Spring,,100,6,images/çanta/9439.jpg,9439.jpg
Kiara Women Leatherette Green Handbag,Handbags - Green - Summer,,100,6,images/çanta/29729.jpg,29729.jpg
Murcia Women Office Black Handbag,Handbags - Black - Summer,,100,6,images/çanta/37421.jpg,37421.jpg
Kiara Women Small Pocket Blue Handbag,Handbags - Blue - Winter,,100,6,images/çanta/21544.jpg,21544.jpg
Murcia Women Hahk Red Handbags,Handbags - Red - Winter,,100,6,images/çanta/10203.jpg,10203.jpg
Allen Solly Woman Black Clutch,Clutches - Black - Summer,,100,6,images/çanta/35144.jpg,35144.jpg
Wildcraft Unisex Red Backpack,Backpacks - Red - Winter,,100,6,images/çanta/4584.jpg,4584.jpg
Murcia Women Sleek Black Leatherette Hand Bag,Handbags - Black - Winter,,100,6,images/çanta/2673.jpg,2673.jpg
Lino Perros Brown Women Casual Sling Bag,Handbags - Brown - Winter,,100,6,images/çanta/22563.jpg,22563.jpg
Tortoise Women Yellow Sling Bag,Handbags - Yellow - Fall,,100,6,images/çanta/39917.jpg,39917.jpg
Baggit Women Auxi Baby Purple Mobile Pouch,Mobile Pouch - Purple - Winter,,100,6,images/çanta/20462.jpg,20462.jpg
United Colors of Benetton Women Grey Bag,Handbags - Grey - Summer,,100,6,images/çanta/36507.jpg,36507.jpg
Lino Perros Women Brown Handbag,Handbags - Brown - Summer,,100,6,images/çanta/36994.jpg,36994.jpg
Vital Gear Unisex Black Messenger Bag,Messenger Bag - Black - Fall,,100,6,images/çanta/18435.jpg,18435.jpg
Paridhan Women Pink Handbag,Handbags - Pink - Summer,,100,6,images/çanta/50188.jpg,50188.jpg
ADIDAS Men Black Bag,Laptop Bag - Black - Summer,,100,6,images/çanta/31983.jpg,31983.jpg
Quechua Women 10L Pink Bag,Backpacks - Pink - Summer,,100,6,images/çanta/1801.jpg,1801.jpg
ADIDAS Unisex Ecb Black Backpack,Backpacks - Black - Fall,,100,6,images/çanta/15924.jpg,15924.jpg
Puma Women Black Bag,Handbags - Black - Summer,,100,6,images/çanta/53369.jpg,53369.jpg
Baggit Women Orange Tinki Tower Sling Bag,Handbags - Orange - Summer,,100,6,images/çanta/38456.jpg,38456.jpg
Nike Women Nike Grey handbag Grey Bags,Handbags - Grey - Summer,,100,6,images/çanta/8520.jpg,8520.jpg
Murcia Women Brown Handbag,Handbags - Brown - Winter,,100,6,images/çanta/27678.jpg,27678.jpg
Fossil Women Brown Handbag,Handbags - Brown - Winter,,100,6,images/çanta/48183.jpg,48183.jpg
Fastrack Men Black Backpack,Backpacks - Black - Winter,,100,6,images/çanta/8376.jpg,8376.jpg
Spice Art Women Shimmer Silver Clutch,Clutches - Silver - Winter,,100,6,images/çanta/16769.jpg,16769.jpg
United Colors of Benetton Women Solid Maroon Handbags,Handbags - Maroon - Summer,,100,6,images/çanta/14802.jpg,14802.jpg
Fabindia Women Braided Blue Clutch,Clutches - Blue - Summer,,100,6,images/çanta/31914.jpg,31914.jpg
Mod'acc Women Black Handbag,Handbags - Black - Summer,,100,6,images/çanta/52648.jpg,52648.jpg
Murcia Women Yellow Handbag,Handbags - Yellow - Winter,,100,6,images/çanta/3399.jpg,3399.jpg
French Connection Women Brown Sling Bag,Handbags - Brown - Summer,,100,6,images/çanta/42882.jpg,42882.jpg
ADIDAS Women Shoulder Black HandBag,Handbags - Black - Summer,,100,6,images/çanta/5852.jpg,5852.jpg
Wildcraft Unisex Black Rain Cover For Backpacks,Handbags - Black - Fall,,100,6,images/çanta/58524.jpg,58524.jpg
Peter England Unisex Black Laptop Bag,Laptop Bag - Black - Fall,,100,6,images/çanta/39513.jpg,39513.jpg
Puma Unisex Deck Red Backpacks,Backpacks - Red - Fall,,100,6,images/çanta/9491.jpg,9491.jpg
French Connection Women Black Clutch,Clutches - Black - Summer,,100,6,images/çanta/42876.jpg,42876.jpg
Baggit Women Black Purse,Clutches - Black - Summer,,100,6,images/çanta/38435.jpg,38435.jpg
Lino Perros Women Solid Beige Handbag,Handbags - Beige - Winter,,100,6,images/çanta/18032.jpg,18032.jpg
Murcia Women Casual Brown Handbag,Handbags - Brown - Winter,,100,6,images/çanta/21940.jpg,21940.jpg
Pitaraa Women Maroon Purse,Clutches - Maroon - Summer,,100,6,images/çanta/48326.jpg,48326.jpg
Wildcraft Unisex Black Backpack,Backpacks - Black - Winter,,100,6,images/çanta/19917.jpg,19917.jpg
Wildcraft Unisex Grey & Green Printed Messenger Bag,Messenger Bag - Grey - Winter,,100,6,images/çanta/5263.jpg,5263.jpg
Lino Perros Women Leatherette Brown Handbag,Handbags - Brown - Winter,,100,6,images/çanta/25173.jpg,25173.jpg
American Tourister Unisex Blue Backpack,Backpacks - Blue - Summer,,100,6,images/çanta/37684.jpg,37684.jpg
Nike Unisex Casual Grey Backpack,Backpacks - Grey - Fall,,100,6,images/çanta/19319.jpg,19319.jpg
ADIDAS Unisex Black BP Tone Backpack,Backpacks - Black - Summer,,100,6,images/çanta/34465.jpg,34465.jpg
Nike Unisex Legend Black Duffle Bag,Duffel Bag - Black - Summer,,100,6,images/çanta/30203.jpg,30203.jpg
Baggit Women Black Bag,Handbags - Black - Summer,,100,6,images/çanta/47351.jpg,47351.jpg
Kiara Women Rosetti White Handbag,Handbags - White - Winter,,100,6,images/çanta/21527.jpg,21527.jpg
Lino Perros Women Brown Handbag,Handbags - Brown - Winter,,100,6,images/çanta/25187.jpg,25187.jpg
French Connection Women Black Clutch,Clutches - Black - Summer,,100,6,images/çanta/42849.jpg,42849.jpg
ADIDAS Unisex Boston Celtics Green Backpack,Backpacks - Green - Summer,,100,6,images/çanta/29578.jpg,29578.jpg
United Colors of Benetton Women Solid Blue Backpacks,Backpacks - Blue - Summer,,100,6,images/çanta/14892.jpg,14892.jpg
Murcia Women Red Leatherite Handbag,Handbags - Red - Winter,,100,6,images/çanta/21947.jpg,21947.jpg
ADIDAS Unisex Power Blue Backpack,Backpacks - Blue - Summer,,100,6,images/çanta/29316.jpg,29316.jpg
Baggit Women Grey & Blue Dhamal Mobile Pouch,Mobile Pouch - Grey - Summer,,100,6,images/çanta/47369.jpg,47369.jpg
Baggit Women Red Affair Hoor Mobile Pouch,Mobile Pouch - Red - Summer,,100,6,images/çanta/38432.jpg,38432.jpg
Lino Perros Women Solid Red Handbag,Handbags - Red - Winter,,100,6,images/çanta/18035.jpg,18035.jpg
Peperone Women Brown & Blue Clutch,Clutches - Brown - Summer,,100,6,images/çanta/35923.jpg,35923.jpg
French Connection Women Red Clutch,Clutches - Red - Summer,,100,6,images/çanta/42871.jpg,42871.jpg
Peter England Unisex Black Laptop Bag,Laptop Bag - Black - Winter,,100,6,images/çanta/39514.jpg,39514.jpg
Puma Unisex Traction Green Backpacks,Backpacks - Green - Fall,,100,6,images/çanta/9496.jpg,9496.jpg
French Connection Women Copper Clutch,Clutches - Copper - Summer,,100,6,images/çanta/42885.jpg,42885.jpg
ADIDAS Women Plated Handbag,Handbags - White - Summer,,100,6,images/çanta/5855.jpg,5855.jpg
Fastrack Men Black & Orange Backpack,Backpacks - Black - Winter,,100,6,images/çanta/8312.jpg,8312.jpg
Fabindia Women Pink Sling Bag,Handbags - Pink - Summer,,100,6,images/çanta/31913.jpg,31913.jpg
American Tourister Unisex Brown Backpack,Backpacks - Brown - Summer,,100,6,images/çanta/37677.jpg,37677.jpg
Murcia Women Brown Handbag,Handbags - Brown - Summer,,100,6,images/çanta/47732.jpg,47732.jpg
Kiara Women Classic Black Handbag,Handbags - Black - Winter,,100,6,images/çanta/21520.jpg,21520.jpg
Lino Perros Women Leatherette Brown Handbag,Handbags - Brown - Winter,,100,6,images/çanta/25180.jpg,25180.jpg
Nike Unisex Black Track Tote Bag,Handbags - Black - Summer,,100,6,images/çanta/30204.jpg,30204.jpg
Baggit Women Brown Affair Hoor Purse,Clutches - Brown - Summer,,100,6,images/çanta/47356.jpg,47356.jpg
Murcia Women Casual Olive Handbag,Handbags - Olive - Winter,,100,6,images/çanta/21978.jpg,21978.jpg
Puma Unisex Black Laptop Sleeve,Laptop Bag - Black - Spring,,100,6,images/çanta/53756.jpg,53756.jpg
Rocky S Women Grey Handbag,Handbags - Grey - Summer,,100,6,images/çanta/58178.jpg,58178.jpg
ADIDAS Unisex Black Laptop Sleeve,Laptop Bag - Black - Summer,,100,6,images/çanta/34462.jpg,34462.jpg
American Tourister Unisex Black Backpack,Backpacks - Black - Summer,,100,6,images/çanta/37683.jpg,37683.jpg
Wildcraft Unisex Blue and Grey Printed Duffel Bag,Duffel Bag - Blue - Winter,,100,6,images/çanta/19910.jpg,19910.jpg
Wildcraft Unisex Black Corporate Messenger Bag,Messenger Bag - Black - Winter,,100,6,images/çanta/5264.jpg,5264.jpg
Lino Perros Women Leatherette Brown Handbag,Handbags - Brown - Winter,,100,6,images/çanta/25174.jpg,25174.jpg
Reebok Unisex Red Backpack,Backpacks - Red - Summer,,100,6,images/çanta/5299.jpg,5299.jpg
Spice Art Women Red Clutch,Clutches - Red - Summer,,100,6,images/çanta/59433.jpg,59433.jpg
Kiara Women Brown Handbag,Handbags - Brown - Summer,,100,6,images/çanta/53935.jpg,53935.jpg
Lino Perros Women Classic Beige Handbag,Handbags - Beige - Winter,,100,6,images/çanta/25189.jpg,25189.jpg
Peperone Women Blue Handbag,Handbags - Blue - Spring,,100,6,images/çanta/35915.jpg,35915.jpg
French Connection Women Black Purse,Clutches - Black - Summer,,100,6,images/çanta/42847.jpg,42847.jpg
Rocky S Women Purple Handbag,Handbags - Purple - Summer,,100,6,images/çanta/58185.jpg,58185.jpg
Murcia Women Casual Multi Handbag,Handbags - Green - Winter,,100,6,images/çanta/21971.jpg,21971.jpg
Fabindia Women Red Silk Handbag,Handbags - Red - Summer,,100,6,images/çanta/31925.jpg,31925.jpg
Rocky S Women Grey Handbag,Handbags - Grey - Fall,,100,6,images/çanta/58171.jpg,58171.jpg
Murcia Women Casual Brown Handbag,Handbags - Brown - Winter,,100,6,images/çanta/21985.jpg,21985.jpg
Peter England Unisex Black Bag,Laptop Bag - Black - Summer,,100,6,images/çanta/39522.jpg,39522.jpg
Nike Unisex Casual Black Backpack,Backpacks - Black - Spring,,100,6,images/çanta/19317.jpg,19317.jpg
Pitaraa Women Pink Sling Bag,Handbags - Pink - Summer,,100,6,images/çanta/48328.jpg,48328.jpg
Baggit Women Green Bag,Handbags - Green - Summer,,100,6,images/çanta/47360.jpg,47360.jpg
Lino Perros Women Orange Handbag,Handbags - Orange - Summer,,100,6,images/çanta/54545.jpg,54545.jpg
United Colors of Benetton Men Olive Duffle Bag,Duffel Bag - Olive - Summer,,100,6,images/çanta/37225.jpg,37225.jpg
Nike Women Samba Black Handbags,Handbags - Black - Fall,,100,6,images/çanta/12734.jpg,12734.jpg
,Clutches - Maroon - Summer,,100,6,images/çanta/42878.jpg,42878.jpg
Peter England Unisex Casual Navy Blue Backpack,Backpacks - Navy Blue - Summer,,100,6,images/çanta/18800.jpg,18800.jpg
U.S. Polo Assn. Black Unisex Lug-Laptop Backpack,Backpacks - Black - Summer,,100,6,images/çanta/22969.jpg,22969.jpg
Murcia Women Green Handbag,Handbags - Green - Winter,,100,6,images/çanta/3397.jpg,3397.jpg
Baggit Women Red Selection Lisa Sling Bag,Handbags - Red - Winter,,100,6,images/çanta/20602.jpg,20602.jpg
Wildcraft Unisex Corporate Red Backpack,Backpacks - Red - Summer,,100,6,images/çanta/5252.jpg,5252.jpg
Lino Perros Women Red Clutch,Clutches - Red - Winter,,100,6,images/çanta/25142.jpg,25142.jpg
Baggit Women Brown Handbag,Handbags - Brown - Summer,,100,6,images/çanta/33443.jpg,33443.jpg
Baggit Women Olive Handbag,Handbags - Olive - Summer,,100,6,images/çanta/47394.jpg,47394.jpg
Peter England Unisex Black Laptop Bag,Laptop Bag - Black - Fall,,100,6,images/çanta/39525.jpg,39525.jpg
Rocky S Women Green Handbag,Handbags - Green - Fall,,100,6,images/çanta/58176.jpg,58176.jpg
Murcia Women Casual Gold Clutch,Clutches - Gold - Winter,,100,6,images/çanta/21982.jpg,21982.jpg
Spice Art Women White Beaded Elastic Flower Clutch,Clutches - Green - Winter,,100,6,images/çanta/20850.jpg,20850.jpg
Fabindia Women Black Silk Handbag,Handbags - Black - Summer,,100,6,images/çanta/31922.jpg,31922.jpg
Rocky S Women Yellow Handbag,Handbags - Yellow - Summer,,100,6,images/çanta/58182.jpg,58182.jpg
Murcia Women Casual Red Handbag,Handbags - Red - Winter,,100,6,images/çanta/21976.jpg,21976.jpg
Murcia Women Pink Handbag,Handbags - Pink - Summer,,100,6,images/çanta/47956.jpg,47956.jpg
United Colors of Benetton Women Blue Handbag,Handbags - Blue - Fall,,100,6,images/çanta/19780.jpg,19780.jpg
American Tourister Unisex Blue Backpack,Backpacks - Blue - Summer,,100,6,images/çanta/37679.jpg,37679.jpg
Peperone Women Pink & Black Handbag,Handbags - Pink - Summer,,100,6,images/çanta/35912.jpg,35912.jpg
French Connection Women Black Handbag,Handbags - Black - Summer,,100,6,images/çanta/42840.jpg,42840.jpg
Kiara Women Light Green Handbag,Handbags - Green - Summer,,100,6,images/çanta/29743.jpg,29743.jpg
Yelloe Black Fur Zip Clutch,Clutches - Black - Fall,,100,6,images/çanta/27044.jpg,27044.jpg
Mod-acc Women Red Handbag,Handbags - Red - Summer,,100,6,images/çanta/52641.jpg,52641.jpg
Baggit Women Camel Brown Sling Bag,Handbags - Brown - Summer,,100,6,images/çanta/33444.jpg,33444.jpg
Baggit Women Blue Bag,Handbags - Blue - Summer,,100,6,images/çanta/47393.jpg,47393.jpg
Wildcraft Unisex Blue Backpack,Backpacks - Blue - Winter,,100,6,images/çanta/5255.jpg,5255.jpg
Lino Perros Women Beige Handbag,Handbags - Beige - Winter,,100,6,images/çanta/25145.jpg,25145.jpg
Wildcraft Unisex Gear for Life Yellow Backpack,Backpacks - Yellow - Summer,,100,6,images/çanta/19921.jpg,19921.jpg
Murcia Women Brown With Stitch Bag,Handbags - Brown - Winter,,100,6,images/çanta/3390.jpg,3390.jpg
Kiara Women Rose Pink Handbag,Handbags - Pink - Winter,,100,6,images/çanta/21511.jpg,21511.jpg
Nike Women Pinkaland Pink Handbags,Handbags - Pink - Fall,,100,6,images/çanta/12733.jpg,12733.jpg
Murcia Women Casual Purple Handbag,Handbags - Purple - Winter,,100,6,images/çanta/21949.jpg,21949.jpg
Murcia Women Checked Purse Multi Handbags,Handbags - Multi - Winter,,100,6,images/çanta/9008.jpg,9008.jpg
Baggit Women Olive Green Handbag,Handbags - Olive - Summer,,100,6,images/çanta/47367.jpg,47367.jpg
ADIDAS Unisex Black Backpack,Backpacks - Black - Summer,,100,6,images/çanta/29318.jpg,29318.jpg
Wildcraft Unisex Black Solid Backpack,Backpacks - Black - Winter,,100,6,images/çanta/4585.jpg,4585.jpg
Spice Art Women Beaded Bow Black Clutch,Clutches - Black - Winter,,100,6,images/çanta/16757.jpg,16757.jpg
Lino Perros Tan Women Casual Sling Bag,Handbags - Tan - Winter,,100,6,images/çanta/22562.jpg,22562.jpg
Murcia Women Ethnic Hand Bag,Handbags - Red - Winter,,100,6,images/çanta/2672.jpg,2672.jpg
Baggit Women Auxi Excel Black Mobile Pouch,Mobile Pouch - Black - Winter,,100,6,images/çanta/20463.jpg,20463.jpg
United Colors of Benetton Women Black Bag,Handbags - Black - Summer,,100,6,images/çanta/36506.jpg,36506.jpg
Allen Solly Woman Red Clutch,Clutches - Red - Summer,,100,6,images/çanta/35145.jpg,35145.jpg
Kiara Women Peach Handbag,Handbags - Peach - Summer,,100,6,images/çanta/29728.jpg,29728.jpg
Nike Unisex Ultimatum Max Black Backpacks,Backpacks - Black - Fall,,100,6,images/çanta/9438.jpg,9438.jpg
Murcia Women Asjke Green Green Handbags,Handbags - Green - Winter,,100,6,images/çanta/10202.jpg,10202.jpg
Kiara Women Margaret Maroon Handbag,Handbags - Maroon - Winter,,100,6,images/çanta/21545.jpg,21545.jpg
Nike Unisex Nike Checks Black Duffle Bags,Duffel Bag - Black - Summer,,100,6,images/çanta/8521.jpg,8521.jpg
Murcia Women Brown Handbag,Handbags - Brown - Winter,,100,6,images/çanta/27679.jpg,27679.jpg
Spice Art Women Pleated Purple Handbag,Handbags - Purple - Summer,,100,6,images/çanta/38691.jpg,38691.jpg
Spice Art Women Black Handbag,Handbags - Black - Winter,,100,6,images/çanta/16768.jpg,16768.jpg
Fossil Women Red Handbag,Handbags - Red - Winter,,100,6,images/çanta/48182.jpg,48182.jpg
Fastrack Men Navy Blue Backpack,Backpacks - Navy Blue - Winter,,100,6,images/çanta/8377.jpg,8377.jpg
United Colors of Benetton Women Solid Black Handbags,Handbags - Black - Summer,,100,6,images/çanta/14803.jpg,14803.jpg
Paridhan Women Yellow Handbag,Handbags - Yellow - Summer,,100,6,images/çanta/50189.jpg,50189.jpg
ADIDAS Unisex AL Black Backpack,Backpacks - Black - Fall,,100,6,images/çanta/15925.jpg,15925.jpg
Quechua Unisex Black Solid Backpack,Backpacks - Black - Summer,,100,6,images/çanta/1800.jpg,1800.jpg
Lino Perros Women Red Handbag,Handbags - Red - Summer,,100,6,images/çanta/36995.jpg,36995.jpg
Vital Gear Women Purple Laptop Bag,Laptop Bag - Purple - Summer,,100,6,images/çanta/18434.jpg,18434.jpg
Baggit Women Navy Blue Handbag,Handbags - Navy Blue - Summer,,100,6,images/çanta/38457.jpg,38457.jpg
Puma Unisex Black Backpack,Backpacks - Black - Summer,,100,6,images/çanta/53368.jpg,53368.jpg
Lino Perros Women Grey Handbag,Handbags - Grey - Summer,,100,6,images/çanta/54511.jpg,54511.jpg
Baggit Women Olive Handbag,Handbags - Olive - Fall,,100,6,images/çanta/47334.jpg,47334.jpg
Murcia Women Rubena Brown Handbags,Handbags - Brown - Winter,,100,6,images/çanta/10205.jpg,10205.jpg
Baggit Women Knotty Taj Brown Handbag,Handbags - Brown - Winter,,100,6,images/çanta/20490.jpg,20490.jpg
Allen Solly Woman Black Clutch,Handbags - Black - Summer,,100,6,images/çanta/35142.jpg,35142.jpg
Nike Women Nike Pink-Blue tote Pink Bags,Handbags - Pink - Summer,,100,6,images/çanta/8519.jpg,8519.jpg
Hidekraft Women Green Handbag,Handbags - Green - Summer,,100,6,images/çanta/39549.jpg,39549.jpg
Lino Perros Women Beads Silver Clutch,Clutches - Silver - Winter,,100,6,images/çanta/25116.jpg,25116.jpg
Wildcraft Unisex Orange Daypack A4 Backpack,Backpacks - Orange - Winter,,100,6,images/çanta/4582.jpg,4582.jpg
Lino Perros Purple Women Casual Sling Bag,Handbags - Purple - Winter,,100,6,images/çanta/22565.jpg,22565.jpg
Spice Art Women Gun Metal Leatherette Metallic Clutch,Clutches - Beige - Winter,,100,6,images/çanta/16750.jpg,16750.jpg
Lino Perros Women Orange Handbag,Handbags - Orange - Summer,,100,6,images/çanta/49068.jpg,49068.jpg
Ivory Tag Multi Coloured Vintage Patched Handbag,Handbags - Multi - Summer,,100,6,images/çanta/58926.jpg,58926.jpg
Baggit Women Purple Handbag,Handbags - Purple - Summer,,100,6,images/çanta/38450.jpg,38450.jpg
Kiara Women Grey Handbag,Handbags - Grey - Summer,,100,6,images/çanta/53961.jpg,53961.jpg
Murcia Women Multi Handbag,Handbags - Multi - Summer,,100,6,images/çanta/37418.jpg,37418.jpg
Wildcraft Unisex Red Backpack,Backpacks - Red - Winter,,100,6,images/çanta/24833.jpg,24833.jpg
Lino Perros Women Grey Handbag,Handbags - Grey - Summer,,100,6,images/çanta/36992.jpg,36992.jpg
Vital Gear Unisex Daypack Brown Backpack,Backpacks - Brown - Fall,,100,6,images/çanta/18433.jpg,18433.jpg
Be For Bag Women Combo pack Tote Bags,Handbags - Pink - Summer,,100,6,images/çanta/47139.jpg,47139.jpg
ADIDAS Unisex ADP1810 Brown Backpack,Backpacks - Brown - Fall,,100,6,images/çanta/15922.jpg,15922.jpg
Baggit Women Motto Taj Purple Sling Bag,Handbags - Purple - Summer,,100,6,images/çanta/33428.jpg,33428.jpg
Lino Perros Women Beige Handbag,Handbags - Beige - Summer,,100,6,images/çanta/37088.jpg,37088.jpg
Fossil Women Beige Maddox Handbag,Handbags - Beige - Winter,,100,6,images/çanta/48185.jpg,48185.jpg
United Colors of Benetton Women Solid Black Handbags,Handbags - Black - Summer,,100,6,images/çanta/14804.jpg,14804.jpg
Wildcraft Unisex Red Solid Backpack,Backpacks - Red - Summer,,100,6,images/çanta/35189.jpg,35189.jpg
Envirosax Women Black Bag,Handbags - Black - Summer,,100,6,images/çanta/34867.jpg,34867.jpg
Spice Art Women Checks Design Mustard Handbag,Handbags - Mustard - Summer,,100,6,images/çanta/38696.jpg,38696.jpg
Lino Perros Women Gems Gold Clutch,Clutches - Gold - Winter,,100,6,images/çanta/25129.jpg,25129.jpg
Baggit Women Silver Clutch,Clutches - Silver - Fall,,100,6,images/çanta/38459.jpg,38459.jpg
Murcia Women Basket Thatch Brown Handbag,Handbags - Brown - Summer,,100,6,images/çanta/37411.jpg,37411.jpg
Murcia Women White Handbag,Handbags - White - Winter,,100,6,images/çanta/27683.jpg,27683.jpg
Wildcraft Unisex Black Printed Laptop Backpack,Backpacks - Black - Summer,,100,6,images/çanta/35174.jpg,35174.jpg
Puma Unisex Blue Backpack,Backpacks - Blue - Summer,,100,6,images/çanta/53366.jpg,53366.jpg
Paridhan Women Orange Handbag,Handbags - Orange - Summer,,100,6,images/çanta/50187.jpg,50187.jpg
Fossil Women Teal Handbag,Handbags - Teal - Winter,,100,6,images/çanta/48178.jpg,48178.jpg
Kiara Women Brown Handbags,Handbags - Brown - Summer,,100,6,images/çanta/53702.jpg,53702.jpg
Lino Perros Women Blue Handbag,Handbags - Blue - Summer,,100,6,images/çanta/37075.jpg,37075.jpg
Baggit Women Brown Purse,Clutches - Brown - Summer,,100,6,images/çanta/47302.jpg,47302.jpg
Spice Art Women Leatherette  Green Handbags,Handbags - Green - Winter,,100,6,images/çanta/16766.jpg,16766.jpg
Lino Perros Women Brown Handbag,Handbags - Brown - Summer,,100,6,images/çanta/37081.jpg,37081.jpg
Tortoise Unisex Blue Tablet Sleeve,Tablet Sleeve - Blue - Winter,,100,6,images/çanta/39927.jpg,39927.jpg
Wildcraft Unisex Grey Backpack,Backpacks - Grey - Winter,,100,6,images/çanta/7103.jpg,7103.jpg
Lino Perros Women Beaded Black Clutch,Clutches - Black - Winter,,100,6,images/çanta/25120.jpg,25120.jpg
Baggit Women Dungi Hoor Green Handbag,Handbags - Green - Winter,,100,6,images/çanta/20452.jpg,20452.jpg
Nike Unisex Cheyenne Blue Backpack,Backpacks - Blue - Fall,,100,6,images/çanta/19944.jpg,19944.jpg
Baggit Women Yellow Sling Bag,Handbags - Yellow - Summer,,100,6,images/çanta/54385.jpg,54385.jpg
Murcia Women Blue Handbag,Handbags - Blue - Winter,,100,6,images/çanta/27677.jpg,27677.jpg
Wildcraft Unisex Grey Backpack,Backpacks - Grey - Spring,,100,6,images/çanta/35180.jpg,35180.jpg
Kiara Women Teal Handbag,Handbags - Teal - Summer,,100,6,images/çanta/29726.jpg,29726.jpg
Baggit Women Red Mobile Pouch,Mobile Pouch - Red - Summer,,100,6,images/çanta/38466.jpg,38466.jpg
Baggit Women Jhuti Beige Handbag,Handbags - Beige - Winter,,100,6,images/çanta/20499.jpg,20499.jpg
United Colors of Benetton Women Cream Handbag,Handbags - Cream - Summer,,100,6,images/çanta/36508.jpg,36508.jpg
Spice Art Women Copper Glass White Handbags,Handbags - White - Winter,,100,6,images/çanta/16759.jpg,16759.jpg
Wildcraft Unisex Blue & Grey Backpack,Backpacks - Blue - Spring,,100,6,images/çanta/35187.jpg,35187.jpg
Lino Perros Women Gems Purple Clutch,Clutches - Purple - Winter,,100,6,images/çanta/25127.jpg,25127.jpg
Puma Deck Black Backpack,Backpacks - Black - Fall,,100,6,images/çanta/1697.jpg,1697.jpg
Nike Unisex Casual Black Backpack,Backpacks - Black - Spring,,100,6,images/çanta/19943.jpg,19943.jpg
Murcia Women Green Handbag,Handbags - Green - Winter,,100,6,images/çanta/27670.jpg,27670.jpg
Baggit Women Olive Handbag,Handbags - Olive - Summer,,100,6,images/çanta/54382.jpg,54382.jpg
Baggit Women Marsx Baby Orange Handbag,Handbags - Orange - Summer,,100,6,images/çanta/33426.jpg,33426.jpg
Lino Perros Women Black Mobile Pouch,Mobile Pouch - Black - Summer,,100,6,images/çanta/37086.jpg,37086.jpg
Tortoise Unisex Brown Ipad Bag,Laptop Bag - Brown - Fall,,100,6,images/çanta/39920.jpg,39920.jpg
Wildcraft Unisex Grey Backpack,Backpacks - Grey - Winter,,100,6,images/çanta/7104.jpg,7104.jpg
Spice Art Women Leatherette  Olive Handbags,Handbags - Olive - Winter,,100,6,images/çanta/16761.jpg,16761.jpg
Murcia Women Embroidered Canvas Bag,Handbags - Red - Winter,,100,6,images/çanta/2644.jpg,2644.jpg
Mod'acc Women Black & Grey Handbag,Handbags - Black - Summer,,100,6,images/çanta/52623.jpg,52623.jpg
Baggit Women Brown Handbag,Handbags - Brown - Summer,,100,6,images/çanta/47305.jpg,47305.jpg
Peperone Women Red Handbag,Handbags - Red - Summer,,100,6,images/çanta/50180.jpg,50180.jpg
Be For Bag Women Cream And Black Tote Bag,Handbags - Cream - Summer,,100,6,images/çanta/47137.jpg,47137.jpg
Wildcraft Unisex Black & Red Duffel Bag,Duffel Bag - Red - Summer,,100,6,images/çanta/35173.jpg,35173.jpg
Puma Women Pink & Grey Backpack,Backpacks - Pink - Summer,,100,6,images/çanta/53361.jpg,53361.jpg
Murcia Women White Handbag,Handbags - White - Summer,,100,6,images/çanta/37416.jpg,37416.jpg
Murcia Women Black Handbag,Handbags - Black - Summer,,100,6,images/çanta/47761.jpg,47761.jpg
Lino Perros Women Navy Blue Handbag,Handbags - Navy Blue - Summer,,100,6,images/çanta/49066.jpg,49066.jpg
Baggit Women Sprinkle Dum Teal Sling Bag,Handbags - Teal - Summer,,100,6,images/çanta/33419.jpg,33419.jpg
Ivory Tag Olive Dip Sling Bag,Handbags - Olive - Summer,,100,6,images/çanta/58928.jpg,58928.jpg
Nike Unisex Ultimatum Max Navy Blue Backpacks,Backpacks - Navy Blue - Summer,,100,6,images/çanta/8517.jpg,8517.jpg
Lino Perros Women Beaded Black Clutch,Clutches - Black - Winter,,100,6,images/çanta/25118.jpg,25118.jpg
Murcia Women Lavender Handbag,Handbags - Lavender - Summer,,100,6,images/çanta/37429.jpg,37429.jpg
Kiara Women Beige Handbag,Handbags - Beige - Summer,,100,6,images/çanta/53648.jpg,53648.jpg
Footloose Unisex Black Mojo Backpack,Backpacks - Black - Fall,,100,6,images/çanta/21268.jpg,21268.jpg
Nyk Women Pink Abelia Handbag,Handbags - Pink - Summer,,100,6,images/çanta/51923.jpg,51923.jpg
Hidekraft Women Leather Black Handbags,Handbags - Black - Fall,,100,6,images/çanta/15439.jpg,15439.jpg
Kiara Women Black Handbag,Handbags - Black - Summer,,100,6,images/çanta/54009.jpg,54009.jpg
Baggit Women Galaxy Taj Purple Handbag,Handbags - Purple - Winter,,100,6,images/çanta/20518.jpg,20518.jpg
Lino Perros Women Leatherette Off White Handbag,Handbags - Off White - Summer,,100,6,images/çanta/25258.jpg,25258.jpg
Baggit Women Teal Purse,Clutches - Teal - Summer,,100,6,images/çanta/58254.jpg,58254.jpg
Lino Perros Women Brown Handbag,Handbags - Brown - Summer,,100,6,images/çanta/54499.jpg,54499.jpg
Kiara Women Charcoal Handbag,Handbags - Charcoal - Summer,,100,6,images/çanta/54036.jpg,54036.jpg
Baggit Women Black Handbag,Handbags - Black - Summer,,100,6,images/çanta/47421.jpg,47421.jpg
Lino Perros Women Small Brown Handbag,Handbags - Brown - Summer,,100,6,images/çanta/25293.jpg,25293.jpg
Wildcraft Wiki 3 Unisex Blue Backpack,Backpacks - Blue - Winter,,100,6,images/çanta/4607.jpg,4607.jpg
Vital Gear Unisex Techno Black Backpack,Backpacks - Black - Summer,,100,6,images/çanta/38148.jpg,38148.jpg
Wildcraft Unisex Wiki 2 Red Backpack,Backpacks - Red - Winter,,100,6,images/çanta/7082.jpg,7082.jpg
Puma Women Black Avenue Shopper Handbag,Handbags - Black - Fall,,100,6,images/çanta/9924.jpg,9924.jpg
Kiara Women Blue Handbag,Handbags - Blue - Summer,,100,6,images/çanta/53677.jpg,53677.jpg
Baggit Women Flare Baby Purple Handbag,Handbags - Purple - Winter,,100,6,images/çanta/20385.jpg,20385.jpg
Footloose Unisex Jump Duffle Blue Travel Bag,Duffel Bag - Blue - Fall,,100,6,images/çanta/21257.jpg,21257.jpg
United Colors of Benetton Unisex Purple Backpack,Backpacks - Purple - Summer,,100,6,images/çanta/24725.jpg,24725.jpg
Mod'acc Women Red Coin Purse,Clutches - Red - Summer,,100,6,images/çanta/52563.jpg,52563.jpg
Wildcraft Unisex Black Backpack,Backpacks - Black - Winter,,100,6,images/çanta/7076.jpg,7076.jpg
Be For Bag Women Zoli Black Bag,Handbags - Black - Summer,,100,6,images/çanta/34771.jpg,34771.jpg
Cabarelli Men Black Laptop Bag,Laptop Bag - Black - Summer,,100,6,images/çanta/28920.jpg,28920.jpg
Kiara Women Orange Handbag,Handbags - Orange - Summer,,100,6,images/çanta/53683.jpg,53683.jpg
Paridhan Women Green Handbag,Handbags - Green - Summer,,100,6,images/çanta/36670.jpg,36670.jpg
ToniQ Women Bronze Clutch,Clutches - Bronze - Winter,,100,6,images/çanta/52335.jpg,52335.jpg
Hidekraft Women Red Handbag,Handbags - Red - Summer,,100,6,images/çanta/44250.jpg,44250.jpg
Lino Perros Women Leatherette Red Handbag,Handbags - Red - Summer,,100,6,images/çanta/25267.jpg,25267.jpg
American Tourister Unisex Red & Black Backpack,Backpacks - Red - Winter,,100,6,images/çanta/25869.jpg,25869.jpg
Baggit Women Modishx Baby Purple Sling Bag,Handbags - Purple - Winter,,100,6,images/çanta/20527.jpg,20527.jpg
Murcia Women Black Handbag,Handbags - Black - Winter,,100,6,images/çanta/27702.jpg,27702.jpg
Baggit Women Olive Purse,Clutches - Olive - Summer,,100,6,images/çanta/58253.jpg,58253.jpg
Bulchee Women Black Handbag,Handbags - Black - Summer,,100,6,images/çanta/46967.jpg,46967.jpg
Fastrack Women Cross Body Hobo Hand Bag,Handbags - Pink - Winter,,100,6,images/çanta/8234.jpg,8234.jpg
Cabarelli Men Black Laptop Bag,Laptop Bag - Black - Summer,,100,6,images/çanta/28918.jpg,28918.jpg
Baggit Women Black Handbag,Handbags - Black - Fall,,100,6,images/çanta/47419.jpg,47419.jpg
Domyos Grey Duffle Duffle Bag,Duffel Bag - Grey - Summer,,100,6,images/çanta/1943.jpg,1943.jpg
Nyk Women Off White Sling Bag,Handbags - Off White - Summer,,100,6,images/çanta/51924.jpg,51924.jpg
Cabarelli Men Black Backpack,Backpacks - Black - Summer,,100,6,images/çanta/29002.jpg,29002.jpg
Puma Unisex Big Cat Duffle Bag,Duffel Bag - Black - Summer,,100,6,images/çanta/19238.jpg,19238.jpg
Rocia Women Blue Clutch,Clutches - Blue - Summer,,100,6,images/çanta/49548.jpg,49548.jpg
Paridhan Women Yellow Handbag,Handbags - Yellow - Summer,,100,6,images/çanta/36677.jpg,36677.jpg
Lino Perros Women Classic Off White Handbag,Handbags - Off White - Summer,,100,6,images/çanta/25260.jpg,25260.jpg
Kiara Women Purple Handbag,Handbags - Purple - Summer,,100,6,images/çanta/53684.jpg,53684.jpg
Fiorelli Women Red Leather Handbag,Handbags - Red - Fall,,100,6,images/çanta/52756.jpg,52756.jpg
Mod'acc Women Grey Clutch,Clutches - Grey - Summer,,100,6,images/çanta/52564.jpg,52564.jpg
Wildcraft Unisex Green Printed Backpack,Backpacks - Green - Winter,,100,6,images/çanta/7071.jpg,7071.jpg
Be For Bag Women Pack of 3 Bag,Handbags - Orange - Summer,,100,6,images/çanta/34776.jpg,34776.jpg
Kiara Women Orange Handbag,Handbags - Orange - Summer,,100,6,images/çanta/53670.jpg,53670.jpg
Skybags Unisex Navy Duffle Bag,Duffel Bag - Navy Blue - Summer,,100,6,images/çanta/21250.jpg,21250.jpg
Wildcraft Unisex Grey & Orange Printed Duffle Bag,Duffel Bag - Grey - Winter,,100,6,images/çanta/4600.jpg,4600.jpg
Murcia Women Green Green Handbags,Handbags - Green - Winter,,100,6,images/çanta/10725.jpg,10725.jpg
Wildcraft Women Pink Printed Wallet,Wallets - Pink - Winter,,100,6,images/çanta/7085.jpg,7085.jpg
Be For Bag Women Pack of 3 Bags,Handbags - White - Summer,,100,6,images/çanta/34782.jpg,34782.jpg
Puma Unisex Dazzle Shopper Black Bags,Handbags - Black - Fall,,100,6,images/çanta/9923.jpg,9923.jpg
Nike Unisex Allegian Laptop Bag,Laptop Bag - Black - Summer,,100,6,images/çanta/6533.jpg,6533.jpg
Kiara Women Red Handbag,Handbags - Red - Summer,,100,6,images/çanta/54031.jpg,54031.jpg
Lino Perros Women Sporty Navy Blue Handbag,Handbags - Navy Blue - Summer,,100,6,images/çanta/25294.jpg,25294.jpg
Rocia Women Black Handbag,Handbags - Black - Summer,,100,6,images/çanta/49541.jpg,49541.jpg
Lino Perros Women Leatherette Maroon Handbag,Handbags - Maroon - Summer,,100,6,images/çanta/25269.jpg,25269.jpg
Baggit Women Camlin Crush Purple Mobile Pouch,Mobile Pouch - Purple - Winter,,100,6,images/çanta/20529.jpg,20529.jpg
American Tourister Black Reversible Backpack,Backpacks - Black - Winter,,100,6,images/çanta/25867.jpg,25867.jpg
Puma Unisex Dazzle Shopper Pink Bags,Handbags - Pink - Fall,,100,6,images/çanta/9586.jpg,9586.jpg
Wildcraft Wiki Unisex Grey & Black Backpack,Backpacks - Grey - Winter,,100,6,images/çanta/7078.jpg,7078.jpg
Baggit Women Brown Handbag,Handbags - Brown - Summer,,100,6,images/çanta/58265.jpg,58265.jpg
Wildcraft Wiki Unisex Blue Backpack,Backpacks - Blue - Winter,,100,6,images/çanta/4609.jpg,4609.jpg
Mod-acc Women Blue Clutch,Clutches - Blue - Summer,,100,6,images/çanta/52599.jpg,52599.jpg
Nyk Women Pink Sling Bag,Handbags - Pink - Summer,,100,6,images/çanta/51912.jpg,51912.jpg
Skybags Unisex Black Bern Backpack,Backpacks - Black - Summer,,100,6,images/çanta/21259.jpg,21259.jpg
Kiara Women Pink Handbag,Handbags - Pink - Summer,,100,6,images/çanta/53679.jpg,53679.jpg
Ivory Tag Checkered Out Blue Handbag,Handbags - Blue - Summer,,100,6,images/çanta/54804.jpg,54804.jpg
Rocia Women Gold Coloured Clutch,Clutches - Gold - Fall,,100,6,images/çanta/32685.jpg,32685.jpg
Lino Perros Women Black Handbag,Handbags - Black - Summer,,100,6,images/çanta/54497.jpg,54497.jpg
ADIDAS Originals Unisex SY Airline Black Bags,Handbags - Black - Fall,,100,6,images/çanta/15295.jpg,15295.jpg
Murcia Women Grey Handbag,Handbags - Grey - Winter,,100,6,images/çanta/27733.jpg,27733.jpg
Baggit Women Map Gang Black Handbag,Handbags - Black - Winter,,100,6,images/çanta/20516.jpg,20516.jpg
American Tourister Unisex Grey Laptop Bag,Laptop Bag - Grey - Winter,,100,6,images/çanta/25858.jpg,25858.jpg
Lino Perros Women Orange Backpacks,Backpacks - Orange - Winter,,100,6,images/çanta/25256.jpg,25256.jpg
ADIDAS Black Backpack,Backpacks - Black - Summer,,100,6,images/çanta/2363.jpg,2363.jpg
Wildcraft Women Pink & Grey Backpack,Backpacks - Pink - Summer,,100,6,images/çanta/35202.jpg,35202.jpg
Hidekraft Women Leather Brown Handbags,Handbags - Brown - Fall,,100,6,images/çanta/15437.jpg,15437.jpg
Spice Art Women Leatherette Maroon Handbag,Handbags - Maroon - Summer,,100,6,images/çanta/26427.jpg,26427.jpg
Kiara Women Grey Handbag,Handbags - Grey - Summer,,100,6,images/çanta/54007.jpg,54007.jpg
Baggit Women Grey Bag,Handbags - Blue - Summer,,100,6,images/çanta/47410.jpg,47410.jpg
Puma Women Core Lite Shopper White Bags,Handbags - White - Fall,,100,6,images/çanta/9915.jpg,9915.jpg
Wildcraft Unisex Grey & Black Checked Spawn Laptop Bag,Laptop Bag - Grey - Winter,,100,6,images/çanta/51323.jpg,51323.jpg
Puma Unisex Echo Pink Backpacks,Backpacks - Pink - Fall,,100,6,images/çanta/9575.jpg,9575.jpg
Nyk Women Ink Blue Biker Sling Bag,Handbags - Blue - Summer,,100,6,images/çanta/51915.jpg,51915.jpg
Wildcraft Unisex Orange & Grey Backpack,Backpacks - Orange - Summer,,100,6,images/çanta/38141.jpg,38141.jpg
Fiorelli Women Chocolate Brown Leather Handbag,Handbags - Brown - Fall,,100,6,images/çanta/52758.jpg,52758.jpg
Baggit Women Bronze Clutch,Clutches - Bronze - Summer,,100,6,images/çanta/58262.jpg,58262.jpg
Be For Bag Women Pack of 3 Bag,Handbags - White - Summer,,100,6,images/çanta/34778.jpg,34778.jpg
American Tourister Unisex Speedair Grey Laptop Bag,Laptop Bag - Grey - Winter,,100,6,images/çanta/25860.jpg,25860.jpg
Puma Unisex Flow Grey Backpacks,Backpacks - Grey - Fall,,100,6,images/çanta/9581.jpg,9581.jpg
Rocia Women Maroon Handbag,Handbags - Maroon - Summer,,100,6,images/çanta/49546.jpg,49546.jpg
Puma Unisex Dizzy Barrel Black Duffle Bag,Duffel Bag - Black - Fall,,100,6,images/çanta/9912.jpg,9912.jpg
Wildcraft Unisex Black & Grey Houndstooth Print One-Shoulder Bag,Backpacks - Black - Summer,,100,6,images/çanta/51324.jpg,51324.jpg
Skybags Unisex Black Backpack,Backpacks - Black - Summer,,100,6,images/çanta/21261.jpg,21261.jpg
Kiara Women Cream Handbag,Handbags - Cream - Summer,,100,6,images/çanta/54000.jpg,54000.jpg
Baggit Women Red Bag,Handbags - Red - Summer,,100,6,images/çanta/47417.jpg,47417.jpg
Murcia Women Black Backpack,Backpacks - Black - Summer,,100,6,images/çanta/43285.jpg,43285.jpg
Wildcraft Unisex Blue & Black Backpack,Backpacks - Blue - Spring,,100,6,images/çanta/35205.jpg,35205.jpg
Roxy Women Blue Backpack,Backpacks - Blue - Winter,,100,6,images/çanta/21437.jpg,21437.jpg
Lino Perros Women Leatherette Orange Handbag,Handbags - Orange - Summer,,100,6,images/çanta/25251.jpg,25251.jpg
Wrangler Men Olive Canvas Bag,Messenger Bag - Green - Summer,,100,6,images/çanta/7616.jpg,7616.jpg
Murcia Women Black Handbag,Handbags - Black - Spring,,100,6,images/çanta/43271.jpg,43271.jpg
Murcia Women Brown Handbag,Handbags - Brown - Winter,,100,6,images/çanta/27734.jpg,27734.jpg
Belkin Unisex Move Toploader Black Laptop Bag,Laptop Bag - Black - Fall,,100,6,images/çanta/16073.jpg,16073.jpg
Baggit Women Roxy Net Black Handbag,Handbags - Black - Winter,,100,6,images/çanta/20511.jpg,20511.jpg
ADIDAS Originals Unisex ST SW Bag Olive Backpacks,Backpacks - Olive - Fall,,100,6,images/çanta/15292.jpg,15292.jpg
Fiorelli Women White Leather Handbag,Handbags - White - Fall,,100,6,images/çanta/52767.jpg,52767.jpg
Lino Perros Women Beige Handbag,Handbags - Beige - Summer,,100,6,images/çanta/54490.jpg,54490.jpg
Puma Women Core Beach Beige Bag,Handbags - Beige - Summer,,100,6,images/çanta/38318.jpg,38318.jpg
Wildcraft Unisex Grey Gear for Life Backpack,Backpacks - Grey - Winter,,100,6,images/çanta/22682.jpg,22682.jpg
ADIDAS Unisex Black Casual Backpack,Backpacks - Black - Summer,,100,6,images/çanta/24323.jpg,24323.jpg
Baggit Women Jhoola Parinacrush Brown Handbag,Handbags - Brown - Summer,,100,6,images/çanta/33394.jpg,33394.jpg
Kiara Women Black Handbag,Handbags - Black - Winter,,100,6,images/çanta/21497.jpg,21497.jpg
Lino Perros Women Beige & Brown Handbag,Handbags - Beige - Winter,,100,6,images/çanta/25205.jpg,25205.jpg
Murcia Women Blue Handbag,Handbags - Blue - Summer,,100,6,images/çanta/57241.jpg,57241.jpg
OTLS Unisex Mustard Brown Duffle Bag,Duffel Bag - Mustard - Summer,,100,6,images/çanta/36044.jpg,36044.jpg
Wildcraft Unisex Blue & Black Solid Backpack,Backpacks - Blue - Winter,,100,6,images/çanta/22676.jpg,22676.jpg
Nike Unisex Purple Hayward Backpack,Backpacks - Purple - Summer,,100,6,images/çanta/38743.jpg,38743.jpg
Belkin Unisex Vue Sleeve Black Bags,Laptop Bag - Black - Fall,,100,6,images/çanta/15669.jpg,15669.jpg
Fastrack Women Beige Handbag,Handbags - Beige - Winter,,100,6,images/çanta/29067.jpg,29067.jpg
Nyk Women Purple Curly Sling Bag,Handbags - Purple - Summer,,100,6,images/çanta/51941.jpg,51941.jpg
Wildcraft Unisex Green & Grey Backpack,Backpacks - Green - Winter,,100,6,images/çanta/22649.jpg,22649.jpg
Fastrack Women White Handbag,Handbags - White - Winter,,100,6,images/çanta/8251.jpg,8251.jpg
OTLS Unisex Olive Green Duffle Bag,Duffel Bag - Olive - Summer,,100,6,images/çanta/36043.jpg,36043.jpg
Wildcraft Unisex Black & Grey Backpack,Backpacks - Black - Winter,,100,6,images/çanta/22671.jpg,22671.jpg
Nike Unisex Red Arsenal Allegiance Gym Sack,Backpacks - Red - Summer,,100,6,images/çanta/30186.jpg,30186.jpg
Murcia Women Red Handbag,Handbags - Red - Summer,,100,6,images/çanta/57246.jpg,57246.jpg
Nike Unisex Fundamen Pink Backpack,Backpacks - Pink - Summer,,100,6,images/çanta/6797.jpg,6797.jpg
Baggit Women Hero Brush Black Clutch,Clutches - Black - Summer,,100,6,images/çanta/33367.jpg,33367.jpg
Lino Perros Women Leatherette Beige Handbag,Handbags - Beige - Winter,,100,6,images/çanta/25202.jpg,25202.jpg
Baggit Women Faltu Taj Brown Handbag,Handbags - Brown - Summer,,100,6,images/çanta/33393.jpg,33393.jpg
ADIDAS Unisex Blue Backpack,Backpacks - Blue - Fall,,100,6,images/çanta/24324.jpg,24324.jpg
Murcia Women Lambretta Green Black Handbags,Handbags - Black - Winter,,100,6,images/çanta/10323.jpg,10323.jpg
Belkin Unisex Apple Move Toploader 15,Handbags - Black - Fall,,100,6,images/çanta/15651.jpg,15651.jpg
Wildcraft Unisex Gear for Life Black Waist Pouch,Waist Pouch - Black - Winter,,100,6,images/çanta/22685.jpg,22685.jpg
Murcia Women Brown Casual Handbag,Handbags - Brown - Winter,,100,6,images/çanta/24740.jpg,24740.jpg
Fastrack Women Leatherette Black Sling Bag,Handbags - Black - Winter,,100,6,images/çanta/20925.jpg,20925.jpg
Puma Unisex Echo Blue Backpack,Backpacks - Blue - Summer,,100,6,images/çanta/38320.jpg,38320.jpg
Baggit Women Pink Sling Bag,Handbags - Pink - Fall,,100,6,images/çanta/54408.jpg,54408.jpg
Lino Perros Women Golden Strap Brown Handbag,Handbags - Brown - Winter,,100,6,images/çanta/17139.jpg,17139.jpg
ADIDAS Unisex F50 Black Backpacks,Backpacks - Black - Fall,,100,6,images/çanta/9526.jpg,9526.jpg
Wildcraft Unisex Red & Grey Backpack,Backpacks - Red - Summer,,100,6,images/çanta/32870.jpg,32870.jpg
Nike Unisex Green All Access Fullfare Backpack,Backpacks - Green - Summer,,100,6,images/çanta/38744.jpg,38744.jpg
French Connection Men Khaki Handbag,Handbags - Khaki - Summer,,100,6,images/çanta/42935.jpg,42935.jpg
Lino Perros Women Leatherette Blue & Black Handbag,Handbags - Blue - Winter,,100,6,images/çanta/25234.jpg,25234.jpg
Lino Perros Unisex Khaki Bag,Handbags - Khaki - Summer,,100,6,images/çanta/50431.jpg,50431.jpg
Murcia Women Casual Blue Handbag,Handbags - Blue - Winter,,100,6,images/çanta/22011.jpg,22011.jpg
Wildcraft Unisex Red Duffle Bag,Duffel Bag - Red - Winter,,100,6,images/çanta/22647.jpg,22647.jpg
OTLS Unisex Blue Gym Bag,Duffel Bag - Blue - Winter,,100,6,images/çanta/36075.jpg,36075.jpg
Pieces Women Navy Blue Purse,Clutches - Navy Blue - Winter,,100,6,images/çanta/33735.jpg,33735.jpg
Fastrack Women Olive Handbag,Handbags - Olive - Winter,,100,6,images/çanta/29069.jpg,29069.jpg
Spice Art Women Antique Design Black Clutch,Clutches - Black - Winter,,100,6,images/çanta/26445.jpg,26445.jpg
Lino Perros Women Classic Black  Handbag,Handbags - Black - Winter,,100,6,images/çanta/17130.jpg,17130.jpg
Belkin Unisex Grip Sleeve Black Bags,Laptop Bag - Black - Fall,,100,6,images/çanta/15667.jpg,15667.jpg
Baggit Women Angel Rosy Pink Mobile Pouch,Mobile Pouch - Pink - Winter,,100,6,images/çanta/20580.jpg,20580.jpg
Rocia Women Black Clutch,Clutches - Black - Summer,,100,6,images/çanta/53072.jpg,53072.jpg
Fastrack White Printed Tote Bag,Handbags - White - Winter,,100,6,images/çanta/8260.jpg,8260.jpg
Wildcraft Unisex Black & Grey Gear for Life Laptop Messenger Bag,Messenger Bag - Black - Winter,,100,6,images/çanta/22678.jpg,22678.jpg
Kiara Women Square Design Black Handbag,Handbags - Black - Winter,,100,6,images/çanta/21499.jpg,21499.jpg
Rocia Women Black Clutch,Clutches - Black - Summer,,100,6,images/çanta/49523.jpg,49523.jpg
Puma Women Core Jam Shopper Green Bag,Handbags - Green - Summer,,100,6,images/çanta/38316.jpg,38316.jpg
Nike Unisex All Access SO Black Backpack,Backpacks - Black - Winter,,100,6,images/çanta/6560.jpg,6560.jpg
Lino Perros Women Polka Black Handbag,Handbags - Black - Winter,,100,6,images/çanta/17137.jpg,17137.jpg
Belkin Unisex Dash Laptop 16,Handbags - Black - Fall,,100,6,images/çanta/15660.jpg,15660.jpg
Rocia Women Red Purse,Clutches - Red - Summer,,100,6,images/çanta/53075.jpg,53075.jpg
Spice Art Women Leatherette Brown Clutch,Clutches - Brown - Winter,,100,6,images/çanta/26442.jpg,26442.jpg
Yelloe Unisex Black Laptop Bag,Laptop Bag - Black - Summer,,100,6,images/çanta/51948.jpg,51948.jpg
Baggit Women Olive Handbag,Handbags - Olive - Summer,,100,6,images/çanta/54406.jpg,54406.jpg
OTLS Unisex Olive Green Duffle Bag,Duffel Bag - Olive - Winter,,100,6,images/çanta/36072.jpg,36072.jpg
Rocia Women Brown Clutch,Clutches - Brown - Summer,,100,6,images/çanta/53081.jpg,53081.jpg
Lino Perros Women Navy Blue Handbag,Handbags - Navy Blue - Winter,,100,6,images/çanta/25233.jpg,25233.jpg
Murcia Women Red Handbag,Handbags - Red - Summer,,100,6,images/çanta/47812.jpg,47812.jpg
Rocia Women Purple Clutch,Clutches - Purple - Summer,,100,6,images/çanta/49524.jpg,49524.jpg
Baggit Women Gumboot Camlincrush Purple Handbag,Handbags - Purple - Winter,,100,6,images/çanta/33369.jpg,33369.jpg
Lino Perros Unisex Beige Sling Bag,Handbags - Beige - Summer,,100,6,images/çanta/57846.jpg,57846.jpg
Fastrack Unisex Black White Printed Sling Bag,Backpacks - Black - Fall,,100,6,images/çanta/8267.jpg,8267.jpg
Nike Unisex Grey Backpack,Backpacks - Grey - Summer,,100,6,images/çanta/30188.jpg,30188.jpg
Be For Bag Women Pack of 3 Bag,Handbags - White - Summer,,100,6,images/çanta/34779.jpg,34779.jpg
Fiorelli Women Chocolate Brown Leather Handbag,Handbags - Brown - Fall,,100,6,images/çanta/52759.jpg,52759.jpg
Baggit Women Black Clutch,Clutches - Black - Summer,,100,6,images/çanta/58263.jpg,58263.jpg
Rocia Women Black Clutch,Clutches - Black - Summer,,100,6,images/çanta/49547.jpg,49547.jpg
American Tourister Unisex Black Laptop Bag,Laptop Bag - Black - Winter,,100,6,images/çanta/25861.jpg,25861.jpg
Puma Unisex Flow Black Backpacks,Backpacks - Black - Fall,,100,6,images/çanta/9580.jpg,9580.jpg
Baggit Women Purple Bag,Handbags - Purple - Summer,,100,6,images/çanta/47429.jpg,47429.jpg
Puma Unisex Echo Grey Backpacks,Backpacks - Grey - Fall,,100,6,images/çanta/9574.jpg,9574.jpg
Wildcraft Unisex Black & Grey Backpack,Backpacks - Black - Spring,,100,6,images/çanta/38140.jpg,38140.jpg
Nyk Women Mustard Biker Sling Bag,Handbags - Mustard - Summer,,100,6,images/çanta/51914.jpg,51914.jpg
Basics Men Brown Messenger Bag,Messenger Bag - Brown - Summer,,100,6,images/çanta/41527.jpg,41527.jpg
Lino Perros Women Brown Handbag,Handbags - Brown - Summer,,100,6,images/çanta/25250.jpg,25250.jpg
ADIDAS Pink Women Bag,Handbags - Pink - Spring,,100,6,images/çanta/2365.jpg,2365.jpg
Fiorelli Women Black Leather Handbag,Handbags - Black - Fall,,100,6,images/çanta/52766.jpg,52766.jpg
Cabarelli Men Black Laptop Bag,Laptop Bag - Black - Summer,,100,6,images/çanta/28917.jpg,28917.jpg
Lino Perros Women Green Handbag,Handbags - Green - Summer,,100,6,images/çanta/54491.jpg,54491.jpg
ADIDAS Originals Unisex ST Airline Blue Bags,Handbags - Blue - Fall,,100,6,images/çanta/15293.jpg,15293.jpg
Skybags Unisex Brown Backpack,Backpacks - Brown - Fall,,100,6,images/çanta/21260.jpg,21260.jpg
Puma Unisex Dizzy Shopper Black Bags,Handbags - Black - Fall,,100,6,images/çanta/9913.jpg,9913.jpg
Wildcraft Unisex Black & Grey Checked Bishop Sling Bag,Handbags - Black - Summer,,100,6,images/çanta/51325.jpg,51325.jpg
Wildcraft Unisex Black Backpack,Backpacks - Black - Summer,,100,6,images/çanta/35204.jpg,35204.jpg
Roxy Women Pink Backpack,Backpacks - Pink - Winter,,100,6,images/çanta/21436.jpg,21436.jpg
Baggit Women Teal Sling Bag,Handbags - Teal - Fall,,100,6,images/çanta/47416.jpg,47416.jpg
Nyk Women White Sling Bag,Handbags - White - Summer,,100,6,images/çanta/51913.jpg,51913.jpg
Skybags Unisex Grey Printed Backpack,Backpacks - Grey - Fall,,100,6,images/çanta/21258.jpg,21258.jpg
Kiara Women Pink Handbag,Handbags - Pink - Summer,,100,6,images/çanta/53678.jpg,53678.jpg
Vital Gear Unisex Techno Black Backpack,Backpacks - Black - Summer,,100,6,images/çanta/38147.jpg,38147.jpg
Wildcraft Wiki 4 Unisex Red Backpack,Backpacks - Red - Winter,,100,6,images/çanta/4608.jpg,4608.jpg
Puma Women Fitness Large Hobo Purple Backpacks,Backpacks - Purple - Fall,,100,6,images/çanta/9573.jpg,9573.jpg
Ivory Tag Plaided Medley Red Handbag,Handbags - Red - Summer,,100,6,images/çanta/54805.jpg,54805.jpg
Baggit Women Kool Excel Blue Handbag,Handbags - Blue - Winter,,100,6,images/çanta/20528.jpg,20528.jpg
American Tourister Unisex Blue Backpack,Backpacks - Blue - Winter,,100,6,images/çanta/25866.jpg,25866.jpg
Puma Unisex Yellow Sling Bag,Handbags - Yellow - Fall,,100,6,images/çanta/9587.jpg,9587.jpg
Rocia Women Beige Handbag,Handbags - Beige - Summer,,100,6,images/çanta/49540.jpg,49540.jpg
Lino Perros Women Red & Grey Checks Handbag,Handbags - Red - Summer,,100,6,images/çanta/25268.jpg,25268.jpg
Baggit Women Beige Handbag,Handbags - Beige - Summer,,100,6,images/çanta/58264.jpg,58264.jpg
Wildcraft Unisex Blue Duffle Bag,Duffel Bag - Blue - Winter,,100,6,images/çanta/7079.jpg,7079.jpg
Hidekraft Women Leather Maroon Handbags,Handbags - Maroon - Fall,,100,6,images/çanta/15436.jpg,15436.jpg
Baggit Women Purple Bag,Handbags - Purple - Summer,,100,6,images/çanta/47411.jpg,47411.jpg
Spice Art Women Leatherette Bronze Handbag,Handbags - Bronze - Summer,,100,6,images/çanta/26426.jpg,26426.jpg
Wildcraft Unisex Red & Black Backpack,Backpacks - Red - Summer,,100,6,images/çanta/35203.jpg,35203.jpg
Puma Women Core Lite Shopper Black Bags,Handbags - Black - Fall,,100,6,images/çanta/9914.jpg,9914.jpg
Wildcraft Unisex Grey & Black Laptop Backpack,Backpacks - Grey - Summer,,100,6,images/çanta/51322.jpg,51322.jpg
ADIDAS Originals Unisex ST Bpack GR Black Backpacks,Backpacks - Black - Fall,,100,6,images/çanta/15294.jpg,15294.jpg
Lino Perros Women Black Handbag,Handbags - Black - Summer,,100,6,images/çanta/54496.jpg,54496.jpg
Lino Perros Women Leatherette Tan Handbag,Handbags - Tan - Summer,,100,6,images/çanta/25257.jpg,25257.jpg
Wrangler Men Chocolate Canvas Bag,Messenger Bag - Brown - Summer,,100,6,images/çanta/7610.jpg,7610.jpg
Belkin Unisex Stealth Slip Case Black Laptop Bag,Laptop Bag - Black - Fall,,100,6,images/çanta/16075.jpg,16075.jpg
Murcia Women Lavender Handbag,Handbags - Lavender - Winter,,100,6,images/çanta/43277.jpg,43277.jpg
Murcia Women Brown Handbag,Handbags - Brown - Winter,,100,6,images/çanta/27732.jpg,27732.jpg
Baggit Women Turnoff Taj Brown Handbag,Handbags - Brown - Winter,,100,6,images/çanta/20517.jpg,20517.jpg
American Tourister Unisex Speedair Black Small Laptop Bag,Laptop Bag - Black - Winter,,100,6,images/çanta/25859.jpg,25859.jpg
Baggit Women Beige Handbag,Handbags - Beige - Summer,,100,6,images/çanta/47418.jpg,47418.jpg
Cabarelli Men Black Backpack,Backpacks - Black - Summer,,100,6,images/çanta/29003.jpg,29003.jpg
Fiorelli Women Black Leather Handbag,Handbags - Black - Fall,,100,6,images/çanta/52768.jpg,52768.jpg
Fastrack Women Black Handbag,Handbags - Black - Winter,,100,6,images/çanta/8235.jpg,8235.jpg
Bulchee Women Brown Handbag,Handbags - Brown - Summer,,100,6,images/çanta/46966.jpg,46966.jpg
Murcia Women Black Black Handbags,Handbags - Black - Winter,,100,6,images/çanta/10724.jpg,10724.jpg
Wildcraft Unisex Blue & Grey Rucksack,Rucksacks - Blue - Winter,,100,6,images/çanta/4601.jpg,4601.jpg
Wildcraft Unisex Olive Green Backpack,Backpacks - Olive - Winter,,100,6,images/çanta/7084.jpg,7084.jpg
Puma Women Ferrari LS Shopper White Handbags,Handbags - White - Fall,,100,6,images/çanta/9922.jpg,9922.jpg
Kiara Women Orange Handbag,Handbags - Orange - Summer,,100,6,images/çanta/53671.jpg,53671.jpg
Skybags Unisex Red Duffle Bag,Duffel Bag - Red - Fall,,100,6,images/çanta/21251.jpg,21251.jpg
Lino Perros Women Sporty Purple Handbag,Handbags - Purple - Summer,,100,6,images/çanta/25295.jpg,25295.jpg
Puma Deck Navy Blue Backpack,Backpacks - Navy Blue - Fall,,100,6,images/çanta/1525.jpg,1525.jpg
Turtle Unisex Black Laptop Bag,Laptop Bag - Black - Summer,,100,6,images/çanta/34121.jpg,34121.jpg
Rocia Women Green Clutch,Clutches - Green - Summer,,100,6,images/çanta/49549.jpg,49549.jpg
Lino Perros Women Canvas Beige Handbag,Handbags - Beige - Summer,,100,6,images/çanta/25261.jpg,25261.jpg
Paridhan Women Red Handbag,Handbags - Red - Summer,,100,6,images/çanta/36676.jpg,36676.jpg
ToniQ Women Black Clutch,Clutches - Black - Winter,,100,6,images/çanta/52333.jpg,52333.jpg
Baggit Women Brown Map Taj Handbag,Handbags - Brown - Winter,,100,6,images/çanta/20521.jpg,20521.jpg
Murcia Women Purple Handbag,Handbags - Purple - Winter,,100,6,images/çanta/27704.jpg,27704.jpg
Mod'acc Women Black Clutch,Clutches - Black - Summer,,100,6,images/çanta/52565.jpg,52565.jpg
Be For Bag Women Pack of 3 Bag,Handbags - Black - Summer,,100,6,images/çanta/34777.jpg,34777.jpg
Murcia Women Red Handbag,Handbags - Red - Summer,,100,6,images/çanta/57225.jpg,57225.jpg
Kiara Women Black Handbag,Handbags - Black - Summer,,100,6,images/çanta/53685.jpg,53685.jpg
Lino Perros Women Leatherite Beige Handbag,Handbags - Beige - Summer,,100,6,images/çanta/25259.jpg,25259.jpg
Baggit Women Maroon Purse,Clutches - Maroon - Summer,,100,6,images/çanta/58255.jpg,58255.jpg
Fastrack Women Black Sling Bag,Handbags - Black - Winter,,100,6,images/çanta/8232.jpg,8232.jpg
Lino Perros Women Brown Handbag,Handbags - Brown - Summer,,100,6,images/çanta/54498.jpg,54498.jpg
Kiara Women Grey Handbag,Handbags - Grey - Summer,,100,6,images/çanta/53649.jpg,53649.jpg
Footloose Unisex Kapto Rucksack Black Backpack,Backpacks - Black - Fall,,100,6,images/çanta/21269.jpg,21269.jpg
Cabarelli Men Black Backpack,Backpacks - Black - Summer,,100,6,images/çanta/29004.jpg,29004.jpg
Nyk Women Lavender Abelia Handbag,Handbags - Lavender - Summer,,100,6,images/çanta/51922.jpg,51922.jpg
Ivory Tag Dazzling Rossete Brown Sling Bag,Handbags - Brown - Summer,,100,6,images/çanta/54834.jpg,54834.jpg
Kiara Women Brown Handbag,Handbags - Brown - Summer,,100,6,images/çanta/54008.jpg,54008.jpg
Cabarelli Men Black Laptop Bag,Laptop Bag - Black - Summer,,100,6,images/çanta/28921.jpg,28921.jpg
Kiara Women Beige Handbag,Handbags - Beige - Summer,,100,6,images/çanta/53682.jpg,53682.jpg
Wildcraft Unisex Grey & Red Backpack,Backpacks - Grey - Winter,,100,6,images/çanta/7077.jpg,7077.jpg
Be For Bag Women Zoli Brown Bag,Handbags - Brown - Summer,,100,6,images/çanta/34770.jpg,34770.jpg
American Tourister Unisex Purple Backpack,Backpacks - Purple - Winter,,100,6,images/çanta/25868.jpg,25868.jpg
Murcia Women Grey Handbag,Handbags - Grey - Winter,,100,6,images/çanta/27703.jpg,27703.jpg
Lino Perros Women Beige and Black Handbag,Handbags - Beige - Winter,,100,6,images/çanta/25266.jpg,25266.jpg
ToniQ Women Black Clutch,Clutches - Black - Winter,,100,6,images/çanta/52334.jpg,52334.jpg
Hidekraft Women Brown Handbag,Handbags - Brown - Summer,,100,6,images/çanta/44251.jpg,44251.jpg
David Beckham Signature Men Deos,Deodorant - White - Spring,,100,5,images/kozmetik/18461.jpg,18461.jpg
Colorbar Soft Touch Show Stopper Copper Lipstick 037,Lipstick - Brown - Spring,,100,5,images/kozmetik/56019.jpg,56019.jpg
Police Women Passion Perfume,Perfume and Body Mist - Pink - Spring,,100,5,images/kozmetik/43993.jpg,43993.jpg
Streetwear Ash Nail Polish # 31,Nail Polish - Bronze - Spring,,100,5,images/kozmetik/56489.jpg,56489.jpg
DKNY Women Red Delicious Perfume,Perfume and Body Mist - Red - Spring,,100,5,images/kozmetik/43967.jpg,43967.jpg
Giorgio Armani Women Idole Perfume,Perfume and Body Mist - Gold - Spring,,100,5,images/kozmetik/36934.jpg,36934.jpg
Nike Fragrances Women 5th Element Perfume 150 ml,Perfume and Body Mist - White - Spring,,100,5,images/kozmetik/44187.jpg,44187.jpg
Reebok Men Pack of 2 Pirates of the Caribbean Deos,Deodorant - Black - Spring,,100,5,images/kozmetik/26735.jpg,26735.jpg
Colorbar Soft Touch Mousse Lipstick 025,Lipstick - Brown - Spring,,100,5,images/kozmetik/56026.jpg,56026.jpg
Colour me Women Flowers Deo,Deodorant - Pink - Spring,,100,5,images/kozmetik/58980.jpg,58980.jpg
Revlon Gold Dust Poussiere Doree Colorburst Lip Gloss 024,Lip Gloss - Brown - Spring,,100,5,images/kozmetik/55491.jpg,55491.jpg
Colour me Men Gold Deo,Deodorant - Gold - Spring,,100,5,images/kozmetik/58974.jpg,58974.jpg
Revlon Super Lusterous Lipstick 304,Lipstick - Red - Spring,,100,5,images/kozmetik/55465.jpg,55465.jpg
Formula 1 Go Men Perfume,Perfume and Body Mist - Green - Spring,,100,5,images/kozmetik/26197.jpg,26197.jpg
Lakme Absolute Lip Last Day Kiss Lip Colour,Lipstick - Pink - Spring,,100,5,images/kozmetik/55001.jpg,55001.jpg
Lotus Herbals Neem & Clove Purifying Face Wash,Face Wash and Cleanser - Green - Spring,,100,5,images/kozmetik/57756.jpg,57756.jpg
Nike Fragrances Women Trendy Perfume 75ml,Perfume and Body Mist - Pink - Spring,,100,5,images/kozmetik/44173.jpg,44173.jpg
J.Del Pozo Halloween Kiss Sexy Women Perfume,Perfume and Body Mist - Pink - Spring,,100,5,images/kozmetik/25978.jpg,25978.jpg
Rasasi Men Emotion Deo and Perfume Set,Deodorant - Grey - Spring,,100,5,images/kozmetik/46624.jpg,46624.jpg
Lakme Nine to Five Flawless Makeup Shell Foundation,Foundation and Primer - Skin - Summer,,100,5,images/kozmetik/55233.jpg,55233.jpg
Bulgari Women Omnia Perfume,Perfume and Body Mist - Purple - Spring,,100,5,images/kozmetik/36933.jpg,36933.jpg
ADIDAS Men Intense Touch  Perfume,Perfume and Body Mist - Black - Spring,,100,5,images/kozmetik/44379.jpg,44379.jpg
Lakme Absolute Matte Merlot Lipstick 45,Lipstick - Brown - Spring,,100,5,images/kozmetik/55039.jpg,55039.jpg
Police Women Passion Deo,Deodorant - Pink - Spring,,100,5,images/kozmetik/43994.jpg,43994.jpg
Reebok Reebounce Women Perfumes,Perfume and Body Mist - White - Spring,,100,5,images/kozmetik/18466.jpg,18466.jpg
Lotus Herbals Pure Colours Nutty Brown Lipstick 666,Lipstick - Brown - Spring,,100,5,images/kozmetik/57563.jpg,57563.jpg
Nike Fragrances Women Sensual Touch Perfume and Deo Set,Fragrance Gift Set - White - Spring,,100,5,images/kozmetik/44174.jpg,44174.jpg
Lakme 9to5 Flawless Makeup Marble Foundation,Foundation and Primer - Skin - Summer,,100,5,images/kozmetik/55234.jpg,55234.jpg
Lakme Sheer Satin Lip Gloss 51,Lip Gloss - Copper - Spring,,100,5,images/kozmetik/55006.jpg,55006.jpg
4711 Kolnisch Wasser Men Perfume,Perfume and Body Mist - Blue - Spring,,100,5,images/kozmetik/26190.jpg,26190.jpg
Revlon Super Lustrous Plum Baby Lipstick 313,Lipstick - Purple - Spring,,100,5,images/kozmetik/55462.jpg,55462.jpg
Colour Me Women Pink Perfume,Perfume and Body Mist - Pink - Spring,,100,5,images/kozmetik/58973.jpg,58973.jpg
Park Avenue Men Cruise Deo,Deodorant - Black - Spring,,100,5,images/kozmetik/28238.jpg,28238.jpg
Revlon ColorBurst Hot Pink Lip Gloss 10,Lip Gloss - Pink - Spring,,100,5,images/kozmetik/55496.jpg,55496.jpg
Colorbar Soft Touch Venus Lipstick 034,Lipstick - Mauve - Spring,,100,5,images/kozmetik/56021.jpg,56021.jpg
Cavallini Women Deo,Deodorant - Lavender - Spring,,100,5,images/kozmetik/58987.jpg,58987.jpg
David Beckham Intimately Men Deos,Deodorant - White - Spring,,100,5,images/kozmetik/18459.jpg,18459.jpg
Lotus Herbals Moistpetals Rudy Pink Lipstick 140,Lipstick - Pink - Spring,,100,5,images/kozmetik/57597.jpg,57597.jpg
Nike Fragrances Women Spicy Love Perfume 150 ml,Perfume and Body Mist - White - Spring,,100,5,images/kozmetik/44180.jpg,44180.jpg
Reebok Women Reestyle Deo,Deodorant - Purple - Spring,,100,5,images/kozmetik/26732.jpg,26732.jpg
Colorbar Glamour Radiant Glow 001,Highlighter and Blush - Skin - Spring,,100,5,images/kozmetik/55833.jpg,55833.jpg
Lotus Herbals Jojobawash Face Wash,Face Wash and Cleanser - White - Spring,,100,5,images/kozmetik/57758.jpg,57758.jpg
Playboy Men Malibu Deo,Deodorant - Black - Spring,,100,5,images/kozmetik/28231.jpg,28231.jpg
Formula 1 Men Power Perfume,Perfume and Body Mist - Black - Spring,,100,5,images/kozmetik/26199.jpg,26199.jpg
Colorbar Soft Touch Spring Fling Lipstick 023,Lipstick - Maroon - Spring,,100,5,images/kozmetik/56028.jpg,56028.jpg
Ed Hardy Life Love & Luck by Christian Audigier for Women Perfume,Perfume and Body Mist - White - Spring,,100,5,images/kozmetik/18450.jpg,18450.jpg
J. DEL POZO Women In White Perfume 100 ml,Perfume and Body Mist - White - Spring,,100,5,images/kozmetik/25982.jpg,25982.jpg
Revlon Velvet Touch Royal Burgundy Lipstick 96,Lipstick - Burgundy - Spring,,100,5,images/kozmetik/55454.jpg,55454.jpg
Taylor of London Women White Satin Perfume,Perfume and Body Mist - White - Spring,,100,5,images/kozmetik/58945.jpg,58945.jpg
Lakme Lip Love Hottie Lip Conditioner,Lip Care - Pink - Spring,,100,5,images/kozmetik/55202.jpg,55202.jpg
Lotus Herbals SPF-10 Tulip Love Lipstick 417,Lipstick - Pink - Spring,,100,5,images/kozmetik/57555.jpg,57555.jpg
dunhill Men Fresh Perfume,Perfume and Body Mist - Green - Spring,,100,5,images/kozmetik/44142.jpg,44142.jpg
Lotus Herbals Whiteglow Yogurt Skin Whitening & Brightening Face Masque 80 g,Face Moisturisers - White - Spring,,100,5,images/kozmetik/57767.jpg,57767.jpg
DKNY Women Delicious Night Perfume,Perfume and Body Mist - Black - Spring,,100,5,images/kozmetik/43969.jpg,43969.jpg
Lakme Absolute Matte Milan Red Lipstick 48,Lipstick - Red - Spring,,100,5,images/kozmetik/55030.jpg,55030.jpg
Streetwear Grape Shimmer Nail Polish 41,Nail Polish - Purple - Spring,,100,5,images/kozmetik/56473.jpg,56473.jpg
Lotus Herbals Natural Blend Botanical Compact 550,Compact - Skin - Spring,,100,5,images/kozmetik/57793.jpg,57793.jpg
Spinz Women Enchante Deo,Deodorant - White - Spring,,100,5,images/kozmetik/44384.jpg,44384.jpg
Nike Fragrances Women Sensual Touch Perfume,Perfume and Body Mist - Pink - Spring,,100,5,images/kozmetik/23612.jpg,23612.jpg
Olay Women Total Effects Anti-Ageing Eye Cream,Eye Cream - Black - Spring,,100,5,images/kozmetik/59863.jpg,59863.jpg
Colorbar Soft Touch Wood Heart Lipstick 039,Lipstick - Brown - Spring,,100,5,images/kozmetik/56017.jpg,56017.jpg
Lotus Herbals Moistpetals Berry Punch Lipstick 121,Lipstick - Burgundy - Spring,,100,5,images/kozmetik/57599.jpg,57599.jpg
J.Del Pozo Halloween Women Perfume,Perfume and Body Mist - Lavender - Spring,,100,5,images/kozmetik/25985.jpg,25985.jpg
Revlon ColorBurst Strawberry Lip Gloss 06,Lip Gloss - Pink - Spring,,100,5,images/kozmetik/55498.jpg,55498.jpg
Cavallini Men Deo,Deodorant - White - Spring,,100,5,images/kozmetik/58989.jpg,58989.jpg
Nautica Blue Men Perfumes,Perfume and Body Mist - White - Spring,,100,5,images/kozmetik/18457.jpg,18457.jpg
Secret Temptation Women Mystery Deo,Deodorant - Pink - Spring,,100,5,images/kozmetik/28236.jpg,28236.jpg
Colorbar Miss Reflective Body Shimmer 001,Beauty Accessory - Skin - Spring,,100,5,images/kozmetik/55834.jpg,55834.jpg
Lakme Sheer Satin Lip Gloss 41,Lip Gloss - Maroon - Spring,,100,5,images/kozmetik/55008.jpg,55008.jpg
Nike Fragrances Women Basic Perfume,Perfume and Body Mist - Red - Spring,,100,5,images/kozmetik/23615.jpg,23615.jpg
Reebok Reelive Women Perfumes,Perfume and Body Mist - White - Spring,,100,5,images/kozmetik/18468.jpg,18468.jpg
Colorbar Velvet Matte Hot Hot Hot Red Lipstick 01R,Lipstick - Red - Summer,,100,5,images/kozmetik/56010.jpg,56010.jpg
Lotus Herbals Pomegranate & Plum Energizing Skin Polisher,Face Wash and Cleanser - Maroon - Spring,,100,5,images/kozmetik/57794.jpg,57794.jpg
Spinz Women Exotic Deo,Deodorant - Pink - Spring,,100,5,images/kozmetik/44383.jpg,44383.jpg
Streetwear Fiery Femme Nail Polish # 18,Nail Polish - Red - Spring,,100,5,images/kozmetik/56474.jpg,56474.jpg
Lotus Herbals Tea Tree Face Wash,Face Wash and Cleanser - White - Spring,,100,5,images/kozmetik/57760.jpg,57760.jpg
Jovan Men White Musk Deo,Deodorant - Grey - Spring,,100,5,images/kozmetik/44377.jpg,44377.jpg
Lakme Absolute Matte Bitter Chocolate Lipstick 53,Lipstick - Brown - Spring,,100,5,images/kozmetik/55037.jpg,55037.jpg
Lakme Lip Love Dark Desire Lipstick B122A,Lipstick - Brown - Spring,,100,5,images/kozmetik/55205.jpg,55205.jpg
Streetwear Chocolat Nail Polish 20,Nail Polish - Brown - Spring,,100,5,images/kozmetik/56480.jpg,56480.jpg
Lotus Herbals Floralstay Copper Toast Lip Color 424,Lipstick - Copper - Spring,,100,5,images/kozmetik/57552.jpg,57552.jpg
United Colors of Benetton Women Deo,Deodorant - Red - Spring,,100,5,images/kozmetik/36565.jpg,36565.jpg
Peperone Women Beige Handbag,Kajal and Eyeliner - Beige - Spring,,100,5,images/kozmetik/50181.jpg,50181.jpg
Colorbar Full Finish Longwear Kiss Me Lipstick 07,Lipstick - Brown - Spring,,100,5,images/kozmetik/56044.jpg,56044.jpg
Pond's Gold Radiance Precious Youth Serum,Face Moisturisers - Gold - Spring,,100,5,images/kozmetik/55097.jpg,55097.jpg
Streetwear True Color Claret Tint Blusher,Highlighter and Blush - Peach - Spring,,100,5,images/kozmetik/56612.jpg,56612.jpg
Lakme Absolute Moonlit Highlighter Face Brightener 9G,Highlighter and Blush - Skin - Spring,,100,5,images/kozmetik/55251.jpg,55251.jpg
Rasasi Men Deserve Deo,Deodorant - Blue - Spring,,100,5,images/kozmetik/46646.jpg,46646.jpg
Reebok Men Reespark Deo,Deodorant - Yellow - Spring,,100,5,images/kozmetik/43106.jpg,43106.jpg
Lakme Enrich Satins Lipstick 421,Lipstick - Brown - Spring,,100,5,images/kozmetik/55063.jpg,55063.jpg
Yves Saint Laurent Men Body Kouros Perfume,Perfume and Body Mist - Black - Spring,,100,5,images/kozmetik/36703.jpg,36703.jpg
Lotus Herbals Fruity Fusion Lip Balm,Lip Care - Maroon - Spring,,100,5,images/kozmetik/57734.jpg,57734.jpg
Revlon ColorStay Overtime Relentless Raisin Lip Gloss 270,Lip Gloss - Purple - Spring,,100,5,images/kozmetik/55407.jpg,55407.jpg
Reebok Men Reespeed Deo,Deodorant - Black - Spring,,100,5,images/kozmetik/22555.jpg,22555.jpg
Colorbar Blue Lagoon Nail Lacquer 05,Nail Polish - Blue - Spring,,100,5,images/kozmetik/55894.jpg,55894.jpg
Deborah 24 Ore Lip Liner 220,Lip Liner - Mauve - Spring,,100,5,images/kozmetik/49093.jpg,49093.jpg
18+ Men Thrill Deo,Deodorant - Blue - Spring,,100,5,images/kozmetik/28262.jpg,28262.jpg
Revlon Mauve Colorburst Lipstick 005,Lipstick - Pink - Spring,,100,5,images/kozmetik/55438.jpg,55438.jpg
Colorbar Pro Dazzling Mauve Nail Lacquer 008,Nail Polish - Lavender - Spring,,100,5,images/kozmetik/55860.jpg,55860.jpg
Rasasi Women Pack of 3 Perfumes,Perfume and Body Mist - Peach - Spring,,100,5,images/kozmetik/46679.jpg,46679.jpg
Revlon Grow Luscious Graphite Eye Liner,Kajal and Eyeliner - Charcoal - Spring,,100,5,images/kozmetik/55400.jpg,55400.jpg
TOUS Women Leau Eau De Parfum 90 ml,Perfume and Body Mist - Pink - Spring,,100,5,images/kozmetik/45692.jpg,45692.jpg
Reebok Men Reeplay Perfume & Deodorant Set,Fragrance Gift Set - Red - Spring,,100,5,images/kozmetik/43101.jpg,43101.jpg
Lakme Enrich Satins Lipstick 265,Lipstick - Brown - Spring,,100,5,images/kozmetik/55064.jpg,55064.jpg
Colorbar Pro Flirt Nail Lacquer 013,Nail Polish - Brown - Spring,,100,5,images/kozmetik/55858.jpg,55858.jpg
Burberry London Men Special Edition Perfume,Perfume and Body Mist - Grey - Spring,,100,5,images/kozmetik/36704.jpg,36704.jpg
Lotus Herbals Cocoa Lip Balm,Lip Care - Brown - Spring,,100,5,images/kozmetik/57733.jpg,57733.jpg
Boss Men Made For Summer Perfume,Perfume and Body Mist - Orange - Spring,,100,5,images/kozmetik/44116.jpg,44116.jpg
Lakme Absolute Forever Silk Blacklast Eye Liner,Kajal and Eyeliner - Black - Summer,,100,5,images/kozmetik/55256.jpg,55256.jpg
Rasasi Women Hope Deo,Deodorant - Grey - Spring,,100,5,images/kozmetik/46641.jpg,46641.jpg
Pond's Flawless White Visible Lightening Daily Cream,Face Moisturisers - Silver - Spring,,100,5,images/kozmetik/55090.jpg,55090.jpg
Streetwear Stay On Mineral Rose Swirl Blusher,Highlighter and Blush - Rose - Spring,,100,5,images/kozmetik/56615.jpg,56615.jpg
Streetwear Groovy Baby Eye Shadow,Eyeshadow - Bronze - Spring,,100,5,images/kozmetik/56427.jpg,56427.jpg
Colorbar Keep Blushing Full Finish Longwear Lipstick 08,Lipstick - Purple - Spring,,100,5,images/kozmetik/56043.jpg,56043.jpg
Lakme Absolute Shine Line Black Eye Liner,Kajal and Eyeliner - Black - Summer,,100,5,images/kozmetik/55269.jpg,55269.jpg
Colorbar Oh My Magenta 2 Nail Lacquer 85V,Nail Polish - Pink - Spring,,100,5,images/kozmetik/55867.jpg,55867.jpg
Gatsby Men Classic Deo,Deodorant - Blue - Spring,,100,5,images/kozmetik/28265.jpg,28265.jpg
Colorbar Star Shine Shock-o-Late Lip Gloss 04,Lip Gloss - Brown - Spring,,100,5,images/kozmetik/56088.jpg,56088.jpg
Deborah Kajal 119,Kajal and Eyeliner - Purple - Spring,,100,5,images/kozmetik/49094.jpg,49094.jpg
Playboy Men Malibu Perfume,Perfume and Body Mist - Black - Spring,,100,5,images/kozmetik/32539.jpg,32539.jpg
Colorbar Apple Martini Nail Lacquer 06,Nail Polish - Green - Spring,,100,5,images/kozmetik/55893.jpg,55893.jpg
Lotus Herbals Sandalwood Sun Screen,Face Moisturisers - White - Spring,,100,5,images/kozmetik/57705.jpg,57705.jpg
Lakme Enrich Satins Lipstick 134,Lipstick - Purple - Spring,,100,5,images/kozmetik/55052.jpg,55052.jpg
David Beckham Men Intense Instinct Perfume,Perfume and Body Mist - Maroon - Spring,,100,5,images/kozmetik/43137.jpg,43137.jpg
Lakme Forever Silk Jaded Mint Eye Liner,Kajal and Eyeliner - Green - Spring,,100,5,images/kozmetik/55260.jpg,55260.jpg
Rasasi Women Pack of 3 Perfumes,Perfume and Body Mist - Purple - Spring,,100,5,images/kozmetik/46677.jpg,46677.jpg
Colorbar Clear Glaze Star Shine Lip Gloss 015,Lip Gloss - Silver - Spring,,100,5,images/kozmetik/56081.jpg,56081.jpg
Revlon Raspberry Colorburst Lipstick 045,Lipstick - Pink - Spring,,100,5,images/kozmetik/55436.jpg,55436.jpg
Colorbar Plum Lip Liner/Crayon 004,Lip Liner - Mauve - Spring,,100,5,images/kozmetik/56075.jpg,56075.jpg
Tonino Lamborghini Men Pack of 2 Deos,Deodorant - Blue - Spring,,100,5,images/kozmetik/32530.jpg,32530.jpg
Lakme Absolute Beigeshine Plump & Shine Lip Gloss,Lip Gloss - Pink - Spring,,100,5,images/kozmetik/55294.jpg,55294.jpg
Rasasi Men Romance Forever Perfume,Perfume and Body Mist - Blue - Spring,,100,5,images/kozmetik/46683.jpg,46683.jpg
Revlon ColorStay Overtime Everlasting Rum Lipcolor 370,Lipstick - Brown - Spring,,100,5,images/kozmetik/55409.jpg,55409.jpg
Wild stone Men Smoke Deo,Deodorant - Black - Spring,,100,5,images/kozmetik/28253.jpg,28253.jpg
Colorbar Pro Magnificent Sea Nail Lacquer 037,Nail Polish - Blue - Spring,,100,5,images/kozmetik/55851.jpg,55851.jpg
Pond's Women Gold Radiance Youthful Glow Day Cream,Face Moisturisers - Gold - Spring,,100,5,images/kozmetik/55099.jpg,55099.jpg
Brut Men Alaska Deo,Deodorant - Blue - Spring,,100,5,images/kozmetik/59002.jpg,59002.jpg
Lakme Absolute Coralshine Plump & Shine Lip Gloss,Lip Gloss - Peach - Spring,,100,5,images/kozmetik/55293.jpg,55293.jpg
Rasasi Men Fighting Temptation Perfume,Perfume and Body Mist - Brown - Spring,,100,5,images/kozmetik/46684.jpg,46684.jpg
Olay Women Age Protect Anti-Ageing UV Lotion,Face Moisturisers - Black - Spring,,100,5,images/kozmetik/56624.jpg,56624.jpg
Playboy Men Hollywood Perfume 100 ml,Perfume and Body Mist - Black - Spring,,100,5,images/kozmetik/32537.jpg,32537.jpg
Colorbar Wild Berry Lip Liner /Crayon 011,Lip Liner - Brown - Spring,,100,5,images/kozmetik/56072.jpg,56072.jpg
Revlon True Red Colorburst Lipstick 090,Lipstick - Red - Spring,,100,5,images/kozmetik/55431.jpg,55431.jpg
ColorBar Star Shine Chai Lip Gloss 07,Lip Gloss - Brown - Spring,,100,5,images/kozmetik/56086.jpg,56086.jpg
Lakme Absolute Shine Line Olive Eye Liner,Kajal and Eyeliner - Olive - Spring,,100,5,images/kozmetik/55267.jpg,55267.jpg
Boss Men In Motion Deo,Deodorant - Grey - Spring,,100,5,images/kozmetik/44127.jpg,44127.jpg
Lotus Herbals Almond Anti-Wrinkle Creme,Face Moisturisers - White - Spring,,100,5,images/kozmetik/57702.jpg,57702.jpg
Lakme Enrich Satins Lipstick 131,Lipstick - Purple - Spring,,100,5,images/kozmetik/55055.jpg,55055.jpg
David Beckham Women Signature Eau De Toilette 50 ml,Perfume and Body Mist - Purple - Spring,,100,5,images/kozmetik/43130.jpg,43130.jpg
Colorbar All Fired Up 2 Nail Lacquer 83V,Nail Polish - Red - Spring,,100,5,images/kozmetik/55869.jpg,55869.jpg
Brut Men Musk Deo,Deodorant - Black - Spring,,100,5,images/kozmetik/59005.jpg,59005.jpg
Valley of Flowers Women Fragrance Gift Set,Fragrance Gift Set - Maroon - Spring,,100,5,images/kozmetik/59839.jpg,59839.jpg
Swiss Army Men Swiss Unlimited Rubber EDT Refillable Perfumes,Perfume and Body Mist - White - Spring,,100,5,images/kozmetik/45668.jpg,45668.jpg
Streetwear Bombshell Eye Shadow,Eyeshadow - Brown - Spring,,100,5,images/kozmetik/56429.jpg,56429.jpg
Colorbar Pro Rosie Nail Lacquer 015,Nail Polish - Red - Spring,,100,5,images/kozmetik/55856.jpg,55856.jpg
Hugo Men Just Different 150 ml Perfume,Perfume and Body Mist - Black - Spring,,100,5,images/kozmetik/44118.jpg,44118.jpg
Lakme Absolute Forever Silk Blue Cosmos Eye Liner,Kajal and Eyeliner - Blue - Spring,,100,5,images/kozmetik/55258.jpg,55258.jpg
Wild Stone Men Forest Spice Deo,Deodorant - Green - Spring,,100,5,images/kozmetik/28254.jpg,28254.jpg
Secret Temptation Women Play Deo,Deodorant - Pink - Spring,,100,5,images/kozmetik/28237.jpg,28237.jpg
Lakme Sheer Satin Lip Gloss 23,Lip Gloss - Purple - Spring,,100,5,images/kozmetik/55009.jpg,55009.jpg
Colorbar Acetone Free Nail Enamel Remover,Nail Essentials - White - Summer,,100,5,images/kozmetik/55835.jpg,55835.jpg
J.Del Pozo Halloween Women Deo,Deodorant - Purple - Spring,,100,5,images/kozmetik/25984.jpg,25984.jpg
Lotus Herbals Moistpetals Raspberry Punch Lipstick 122,Lipstick - Brown - Spring,,100,5,images/kozmetik/57598.jpg,57598.jpg
Cavallini Women Deo,Deodorant - Green - Spring,,100,5,images/kozmetik/58988.jpg,58988.jpg
Nautica White Sail Men Perfumes,Perfume and Body Mist - White - Spring,,100,5,images/kozmetik/18456.jpg,18456.jpg
Revlon Pink Ice Glace Rose Colorburst Lip Gloss 004,Lip Gloss - Pink - Spring,,100,5,images/kozmetik/55499.jpg,55499.jpg
United Colors of Benetton Women Deo,Deodorant - Purple - Spring,,100,5,images/kozmetik/36564.jpg,36564.jpg
Boss Men Number One Perfume,Perfume and Body Mist - Black - Spring,,100,5,images/kozmetik/44144.jpg,44144.jpg
Streetwear Bride's Delight Nail Polish 52,Nail Polish - Maroon - Spring,,100,5,images/kozmetik/56481.jpg,56481.jpg
Lotus Herbals Floralstay Truffle Story Lip Color 423,Lipstick - Brown - Spring,,100,5,images/kozmetik/57553.jpg,57553.jpg
Lotus Herbals Tea Tree & Cinnamon Anti-Acne Oil Control Face Wash,Face Wash and Cleanser - Cream - Spring,,100,5,images/kozmetik/57761.jpg,57761.jpg
Lakme Absolute Matte Expresso Lipstick 55,Lipstick - Brown - Spring,,100,5,images/kozmetik/55036.jpg,55036.jpg
Taylor of London Women Panache Perfume,Perfume and Body Mist - Blue - Spring,,100,5,images/kozmetik/58943.jpg,58943.jpg
Reebok Reeplay Men Perfumes,Perfume and Body Mist - White - Spring,,100,5,images/kozmetik/18469.jpg,18469.jpg
Nike Fragrances Men Basic Perfume 75 ml,Perfume and Body Mist - Black - Spring,,100,5,images/kozmetik/23614.jpg,23614.jpg
Colorbar Soft Touch Rhinestone Lipstick 045,Lipstick - Burgundy - Spring,,100,5,images/kozmetik/56011.jpg,56011.jpg
Streetwear Delight Nail Polish 22,Nail Polish - Beige - Spring,,100,5,images/kozmetik/56475.jpg,56475.jpg
ADIDAS Men Pure Game Deo,Deodorant - Green - Spring,,100,5,images/kozmetik/44382.jpg,44382.jpg
Lotus Herbals Pomegranate & Plum Skin Polisher,Face Wash and Cleanser - Red - Spring,,100,5,images/kozmetik/57795.jpg,57795.jpg
Colorbar Soft Touch Coral Crush Lipstick 022,Lipstick - Maroon - Spring,,100,5,images/kozmetik/56029.jpg,56029.jpg
Guess Marciano Women Fragrance Gift Set,Fragrance Gift Set - Orange - Spring,,100,5,images/kozmetik/18451.jpg,18451.jpg
J. DEL POZO Women In Black Eau De Toilette Spray 100 ml,Perfume and Body Mist - Black - Spring,,100,5,images/kozmetik/25983.jpg,25983.jpg
J.Del Pozo Ambar Women Perfume,Perfume and Body Mist - Orange - Spring,,100,5,images/kozmetik/25977.jpg,25977.jpg
Lotus Herbals Jojobawash Face Wash,Face Wash and Cleanser - White - Spring,,100,5,images/kozmetik/57759.jpg,57759.jpg
Formula 1 Start Men Perfume,Perfume and Body Mist - Blue - Spring,,100,5,images/kozmetik/26198.jpg,26198.jpg
Playboy Men Ibiza Deo,Deodorant - Black - Spring,,100,5,images/kozmetik/28230.jpg,28230.jpg
Spinz Women Hip-Hop Deo,Deodorant - White - Spring,,100,5,images/kozmetik/44385.jpg,44385.jpg
Lotus Herbals Nude Botanical Compact 560,Compact - Nude - Spring,,100,5,images/kozmetik/57792.jpg,57792.jpg
Streetwear Icy Blue Nail Polish # 68,Nail Polish - Blue - Spring,,100,5,images/kozmetik/56472.jpg,56472.jpg
Nike Fragrances Women Magic Passion Perfume 150 ml,Perfume and Body Mist - Blue - Spring,,100,5,images/kozmetik/23613.jpg,23613.jpg
Colorbar Soft Touch Citrine Lipstick 040,Lipstick - Orange - Spring,,100,5,images/kozmetik/56016.jpg,56016.jpg
Olay Women Age Protect  Anti-Ageing Cream,Face Moisturisers - Black - Spring,,100,5,images/kozmetik/59862.jpg,59862.jpg
Taylor of London Women Tweed Perfume,Perfume and Body Mist - Orange - Spring,,100,5,images/kozmetik/58944.jpg,58944.jpg
Revlon Velvet Touch  Lipstick 659,Lipstick - Lavender - Spring,,100,5,images/kozmetik/55455.jpg,55455.jpg
Lotus Herbals Apriscrub Fresh Apricot Scrub 60g,Face Scrub and Exfoliator - Cream - Spring,,100,5,images/kozmetik/57766.jpg,57766.jpg
Lakme Absolute Matte Pure Glam Lipstick 201,Lipstick - Purple - Spring,,100,5,images/kozmetik/55031.jpg,55031.jpg
DKNY Men Red Delicious Men Spray Perfume,Perfume and Body Mist - Red - Spring,,100,5,images/kozmetik/43968.jpg,43968.jpg
Lakme Lip Love Flirt Lip Conditioner,Lip Care - Pink - Spring,,100,5,images/kozmetik/55203.jpg,55203.jpg
Boss Men Number One Perfume,Perfume and Body Mist - Black - Spring,,100,5,images/kozmetik/44143.jpg,44143.jpg
Streetwear Berry Shine Nail Polish # 79,Nail Polish - Red - Spring,,100,5,images/kozmetik/56486.jpg,56486.jpg
Lotus Herbals SPF-10 Coffee Berry Lipstick 422,Lipstick - Brown - Spring,,100,5,images/kozmetik/57554.jpg,57554.jpg
Reebok Reegame Men Perfumes,Perfume and Body Mist - White - Spring,,100,5,images/kozmetik/18467.jpg,18467.jpg
ADIDAS Men Dynamic Pulse Perfume,Perfume and Body Mist - Black - Spring,,100,5,images/kozmetik/44378.jpg,44378.jpg
Lakme Absolute Matte Brick Lipstick 51,Lipstick - Brown - Spring,,100,5,images/kozmetik/55038.jpg,55038.jpg
Colorbar Soft Touch Felin Lipstick 036,Lipstick - Purple - Spring,,100,5,images/kozmetik/56020.jpg,56020.jpg
Cavallini Women Deo,Deodorant - Magenta - Spring,,100,5,images/kozmetik/58986.jpg,58986.jpg
David Beckham Instinct Men Deos,Deodorant - White - Spring,,100,5,images/kozmetik/18458.jpg,18458.jpg
Revlon Peony Pivoine Lip Gloss 008,Lip Gloss - Pink - Spring,,100,5,images/kozmetik/55497.jpg,55497.jpg
Nike Fragrances Women Free Soul Perfume 150 ml,Perfume and Body Mist - White - Spring,,100,5,images/kozmetik/44181.jpg,44181.jpg
Lotus Herbals Moistpetals Rose Lipstick 141,Lipstick - Rose - Spring,,100,5,images/kozmetik/57596.jpg,57596.jpg
Streetwear Shine Divine Cherry Divine Nail Enamel 16,Nail Polish - Red - Spring,,100,5,images/kozmetik/56444.jpg,56444.jpg
Reebok Men Chennai Super Kings Deo,Deodorant - Gold - Spring,,100,5,images/kozmetik/26733.jpg,26733.jpg
Lakme Sheer Satin Lip Gloss 11,Lip Gloss - Pink - Spring,,100,5,images/kozmetik/55007.jpg,55007.jpg
Lotus Herbals Natural Blend Comfort Liquid Sand Foundation 310,Foundation and Primer - Skin - Spring,,100,5,images/kozmetik/57750.jpg,57750.jpg
Nike Fragrances Women Paradise Perfume and Deo Set,Fragrance Gift Set - White - Spring,,100,5,images/kozmetik/44175.jpg,44175.jpg
Kama Sutra Men Travel Mate Pack of 3 Deos,Deodorant - Black - Spring,,100,5,images/kozmetik/44949.jpg,44949.jpg
Lotus Herbals Pure Colors  Moisturising Pink Blush Lipstick 614,Lipstick - Pink - Spring,,100,5,images/kozmetik/57562.jpg,57562.jpg
Lakme 9 to 5 Flawless Makeup Pearl Foundation 30 ml,Foundation and Primer - Peach - Summer,,100,5,images/kozmetik/55235.jpg,55235.jpg
Colour Me Women Red Perfume,Perfume and Body Mist - Red - Spring,,100,5,images/kozmetik/58972.jpg,58972.jpg
Park Avenue Men Tranquil Deo,Deodorant - Green - Spring,,100,5,images/kozmetik/28239.jpg,28239.jpg
Revlon Super Lusterous Perfectly Plum Lipstick 325,Lipstick - Maroon - Spring,,100,5,images/kozmetik/55463.jpg,55463.jpg
Lotus Herbals Tea Tree Clarifying Face Pack,Mask and Peel - White - Spring,,100,5,images/kozmetik/57768.jpg,57768.jpg
DKNY Women Be Delicious Perfume,Perfume and Body Mist - Red - Spring,,100,5,images/kozmetik/43966.jpg,43966.jpg
Streetwear Barbie Pink Nail Polish 40,Nail Polish - White - Spring,,100,5,images/kozmetik/56488.jpg,56488.jpg
Ralph Lauren Men Perfume,Perfume and Body Mist - Blue - Spring,,100,5,images/kozmetik/36935.jpg,36935.jpg
David Beckham Signature Women Deos,Deodorant - White - Spring,,100,5,images/kozmetik/18460.jpg,18460.jpg
Colorbar Soft Touch Show Pink Charm Lipstick 038,Lipstick - Pink - Spring,,100,5,images/kozmetik/56018.jpg,56018.jpg
Police Women Passion Eau De Toilette Natural Spray,Perfume and Body Mist - Pink - Spring,,100,5,images/kozmetik/43992.jpg,43992.jpg
Revlon Super Lusterous Mulled Wine Lipstick 305,Lipstick - Maroon - Spring,,100,5,images/kozmetik/55464.jpg,55464.jpg
Formula 1 Gold Men Perfume,Perfume and Body Mist - Black - Spring,,100,5,images/kozmetik/26196.jpg,26196.jpg
Colour me Men Blue Deo,Deodorant - Blue - Spring,,100,5,images/kozmetik/58975.jpg,58975.jpg
Nike Fragrances Women Extreme Perfume 75 ml,Perfume and Body Mist - Grey - Spring,,100,5,images/kozmetik/44172.jpg,44172.jpg
J.Del Pozo Women Halloween Kiss Sexy 50 ml Perfume,Perfume and Body Mist - Pink - Spring,,100,5,images/kozmetik/25979.jpg,25979.jpg
Lakme Perfect Radiance Intense Whitening Beige Honey Foundation 05,Foundation and Primer - Skin - Spring,,100,5,images/kozmetik/55232.jpg,55232.jpg
Rasasi Women Royale Deo and Perfume Set,Deodorant - Pink - Spring,,100,5,images/kozmetik/46625.jpg,46625.jpg
Lakme Absolute Liplast Day Rose Lip Gloss,Lip Gloss - Pink - Spring,,100,5,images/kozmetik/55000.jpg,55000.jpg
Lotus Herbals Neemwash Face Wash,Face Wash and Cleanser - White - Spring,,100,5,images/kozmetik/57757.jpg,57757.jpg
Nike Fragrances Men 5th Element Perfume,Perfume and Body Mist - Black - Spring,,100,5,images/kozmetik/44186.jpg,44186.jpg
Lotus Herbals Moistpetals Iced Coffee Lipstick 161,Lipstick - Brown - Spring,,100,5,images/kozmetik/57591.jpg,57591.jpg
Streetwear Shine Divine Chocolate Divine Nail Enamel 12,Nail Polish - Brown - Spring,,100,5,images/kozmetik/56443.jpg,56443.jpg
Reebok Women Pack of 3 Deos,Deodorant - Silver - Spring,,100,5,images/kozmetik/26734.jpg,26734.jpg
Revlon Rose Gold Colorburst Lip Gloss 026,Lip Gloss - Rose - Spring,,100,5,images/kozmetik/55490.jpg,55490.jpg
Olay Women Natural White Rich All in One Fairness Night Cream,Face Moisturisers - White - Spring,,100,5,images/kozmetik/59853.jpg,59853.jpg
Colorbar Soft Touch Brazil Nut Lipstick 024,Lipstick - Brown - Spring,,100,5,images/kozmetik/56027.jpg,56027.jpg
Colour Me Women Sky Blue Deo,Deodorant - Blue - Spring,,100,5,images/kozmetik/58981.jpg,58981.jpg
Colorbar Star Shine Lip Gloss 05,Lip Gloss - Pink - Spring,,100,5,images/kozmetik/56087.jpg,56087.jpg
Revlon Honey Colorburst Lipstick 097,Lipstick - Peach - Spring,,100,5,images/kozmetik/55430.jpg,55430.jpg
Lotus Herbals Cocomoist Moisturising Lotion,Face Moisturisers - Cream - Spring,,100,5,images/kozmetik/57703.jpg,57703.jpg
Colorbar Fushia Fix 2 Nail Lacquer 84,Nail Polish - Pink - Spring,,100,5,images/kozmetik/55868.jpg,55868.jpg
Lakme Enrich Satins Lipstick 132,Lipstick - Brown - Spring,,100,5,images/kozmetik/55054.jpg,55054.jpg
David Beckham Men Instinct Perfume,Perfume and Body Mist - Black - Spring,,100,5,images/kozmetik/43131.jpg,43131.jpg
Rasasi Men Pack of 3 Perfumes,Perfume and Body Mist - Blue - Spring,,100,5,images/kozmetik/46671.jpg,46671.jpg
Lakme Absolute Shine Line Brown Shimmer Eye Liner,Kajal and Eyeliner - Brown - Spring,,100,5,images/kozmetik/55266.jpg,55266.jpg
Boss Men After Shave,Perfume and Body Mist - Steel - Spring,,100,5,images/kozmetik/44126.jpg,44126.jpg
Lakme Absolute Cherryshine Plump & Shine Pink Lip Gloss,Lip Gloss - Pink - Spring,,100,5,images/kozmetik/55292.jpg,55292.jpg
Colorbar Very Cherry Lip Liner /Crayon 010,Lip Liner - Brown - Spring,,100,5,images/kozmetik/56073.jpg,56073.jpg
Playboy Men Malibu Fragrance Gift Set,Fragrance Gift Set - Black - Spring,,100,5,images/kozmetik/32536.jpg,32536.jpg
Lakme Absolute Forever Silk Earth Line Eye Liner,Kajal and Eyeliner - Brown - Spring,,100,5,images/kozmetik/55259.jpg,55259.jpg
Colorbar Pro Kiss Me Darling Nail Lacquer 014,Nail Polish - Red - Spring,,100,5,images/kozmetik/55857.jpg,55857.jpg
Fogg Men Royal Deo,Deodorant - Navy Blue - Spring,,100,5,images/kozmetik/28255.jpg,28255.jpg
Swiss Army Men  Swiss Unlimited EDT Perfumes,Perfume and Body Mist - White - Spring,,100,5,images/kozmetik/45669.jpg,45669.jpg
Brut Men Identity Deo,Deodorant - Grey - Spring,,100,5,images/kozmetik/59004.jpg,59004.jpg
Streetwear FX Cutey Petutti Eye Shadow,Eyeshadow - Pink - Spring,,100,5,images/kozmetik/56428.jpg,56428.jpg
Tonino Lamborghini Men Pack of 3 Deos,Deodorant - Black - Spring,,100,5,images/kozmetik/32531.jpg,32531.jpg
Colorbar Nude Pink Lip Liner/Crayon 007,Lip Liner - Brown - Spring,,100,5,images/kozmetik/56074.jpg,56074.jpg
Rasasi Men Emotion Perfume,Perfume and Body Mist - Silver - Spring,,100,5,images/kozmetik/46682.jpg,46682.jpg
Lakme Absolute Berryshine Plump & Shine Lip Gloss,Lip Gloss - Pink - Spring,,100,5,images/kozmetik/55295.jpg,55295.jpg
Olay Women Natural White Light All in One Fairness Day Cream 40g,Face Moisturisers - White - Spring,,100,5,images/kozmetik/56622.jpg,56622.jpg
Rasasi Women Pack of 3 Perfumes,Perfume and Body Mist - Pink - Spring,,100,5,images/kozmetik/46676.jpg,46676.jpg
Lakme Absolute Forever Silk Gypsy Green Eye Liner,Kajal and Eyeliner - Olive - Spring,,100,5,images/kozmetik/55261.jpg,55261.jpg
Lotus Herbals Cocomoist Moisturising Lotion,Face Moisturisers - Cream - Spring,,100,5,images/kozmetik/57704.jpg,57704.jpg
Lakme Enrich Satins Lipstick 133,Lipstick - Brown - Spring,,100,5,images/kozmetik/55053.jpg,55053.jpg
Revlon Peach Colorburst Lipstick 075,Lipstick - Peach - Spring,,100,5,images/kozmetik/55437.jpg,55437.jpg
Colorbar Star Shine Coral Glaze Lip Gloss 016,Lip Gloss - Red - Spring,,100,5,images/kozmetik/56080.jpg,56080.jpg
Ponds Gold Radiance Youthful Night Repair Moisturiser,Face Moisturisers - Cream - Spring,,100,5,images/kozmetik/55098.jpg,55098.jpg
Brut Men Oceans Deo,Deodorant - Blue - Spring,,100,5,images/kozmetik/59003.jpg,59003.jpg
Wild stone Men Night Rider Deo,Deodorant - Brown - Spring,,100,5,images/kozmetik/28252.jpg,28252.jpg
Revlon ColorStay Overtime Faithful Fawn Lip Color 320,Lip Gloss - Brown - Spring,,100,5,images/kozmetik/55408.jpg,55408.jpg
Colorbar Pro Sunset Nail Lacquer 0380,Nail Polish - Orange - Spring,,100,5,images/kozmetik/55850.jpg,55850.jpg
Paris Hilton Women Fairy Dust Perfume,Perfume and Body Mist - Blue - Spring,,100,5,images/kozmetik/43109.jpg,43109.jpg
Rasasi Women Confidence Deo,Deodorant - Green - Spring,,100,5,images/kozmetik/46649.jpg,46649.jpg
Streetwear True Color Peachy Sheen Blusher,Highlighter and Blush - Peach - Spring,,100,5,images/kozmetik/56614.jpg,56614.jpg
Colorbar Plum Dressing Lipstick 09,Lipstick - Purple - Spring,,100,5,images/kozmetik/56042.jpg,56042.jpg
Reebok Unisex Reezoom Deo,Deodorant - Red - Spring,,100,5,images/kozmetik/22553.jpg,22553.jpg
TOUS Women Leau Eau De Toilette 90 ml,Perfume and Body Mist - Green - Spring,,100,5,images/kozmetik/45693.jpg,45693.jpg
Hugo Men Just Different 100 ml Perfume,Perfume and Body Mist - Black - Spring,,100,5,images/kozmetik/44117.jpg,44117.jpg
Lakme Absolute Forever Silk Grey Matter Eyeliner,Kajal and Eyeliner - Grey - Spring,,100,5,images/kozmetik/55257.jpg,55257.jpg
Colorbar Pro Baby Nail Lacquer 011,Nail Polish - Pink - Spring,,100,5,images/kozmetik/55859.jpg,55859.jpg
Reebok Men Pack of 3 Deos,Deodorant - Black - Spring,,100,5,images/kozmetik/43100.jpg,43100.jpg
Lakme Enrich Satins Lipstick 128,Lipstick - Pink - Spring,,100,5,images/kozmetik/55065.jpg,55065.jpg
Lotus Herbals Vanilla Lip Balm,Lip Care - Cream - Spring,,100,5,images/kozmetik/57732.jpg,57732.jpg
Burberry Men Weekend Perfume,Perfume and Body Mist - Blue - Spring,,100,5,images/kozmetik/36705.jpg,36705.jpg
Playboy Men Ibiza Perfume,Perfume and Body Mist - Blue - Spring,,100,5,images/kozmetik/32538.jpg,32538.jpg
Deborah Ultra Fine Compact Powder 02,Compact - Skin - Spring,,100,5,images/kozmetik/49095.jpg,49095.jpg
Colorbar Exclusive Nail Lacquer 03,Nail Polish - Lavender - Spring,,100,5,images/kozmetik/55892.jpg,55892.jpg
Colorbar Turquoise Nail Lacquer 88,Nail Polish - Blue - Spring,,100,5,images/kozmetik/55866.jpg,55866.jpg
Lakme Absolute Shine Line Smoky Grey Eye Liner,Kajal and Eyeliner - Grey - Spring,,100,5,images/kozmetik/55268.jpg,55268.jpg
F5 Women Pack of 3 Deos,Deodorant - Blue - Spring,,100,5,images/kozmetik/52871.jpg,52871.jpg
Baldessarini Men Perfume,Perfume and Body Mist - Black - Spring,,100,5,images/kozmetik/44128.jpg,44128.jpg
Gatsby Men Spicy Deo,Deodorant - Blue - Spring,,100,5,images/kozmetik/28264.jpg,28264.jpg
Colorbar Jewel Bright Star Shine Lip Gloss 03,Lip Gloss - Pink - Spring,,100,5,images/kozmetik/56089.jpg,56089.jpg
Paris Hilton Women Tease Woman Eau De Parfum 100Ml,Perfume and Body Mist - White - Spring,,100,5,images/kozmetik/43107.jpg,43107.jpg
Lakme Enrich Satins Lipstick 422,Lipstick - Red - Spring,,100,5,images/kozmetik/55062.jpg,55062.jpg
Lotus Herbals Raspberry Lip Balm,Lip Care - Red - Spring,,100,5,images/kozmetik/57735.jpg,57735.jpg
Yves Saint Laurent Men Kouros Perfume,Perfume and Body Mist - Blue - Spring,,100,5,images/kozmetik/36702.jpg,36702.jpg
Rasasi Women Deo,Deodorant - Pink - Spring,,100,5,images/kozmetik/46647.jpg,46647.jpg
Lakme Absolute Sun-Kissed Bronzer,Highlighter and Blush - Bronze - Spring,,100,5,images/kozmetik/55250.jpg,55250.jpg
Reebok Unisex Reekick Deo,Deodorant - Silver - Spring,,100,5,images/kozmetik/22554.jpg,22554.jpg
Colorbar Plum Show Lipstick 06,Lipstick - Maroon - Spring,,100,5,images/kozmetik/56045.jpg,56045.jpg
Streetwear True Color Plush Plum Blusher,Highlighter and Blush - Rust - Spring,,100,5,images/kozmetik/56613.jpg,56613.jpg
Revlon Lilac Colorburst Lipstick 001,Lipstick - Pink - Spring,,100,5,images/kozmetik/55439.jpg,55439.jpg
Gatsby Men Aqua Deo,Deodorant - Blue - Spring,,100,5,images/kozmetik/28263.jpg,28263.jpg
Colorbar Moss Agate Nail Lacquer 93,Nail Polish - Green - Spring,,100,5,images/kozmetik/55861.jpg,55861.jpg
Colorbar Rasmopolitan Nail Lacquer 03,Nail Polish - Pink - Spring,,100,5,images/kozmetik/55895.jpg,55895.jpg
Deborah 24 Ore Lip Liner 219,Lip Liner - Coffee Brown - Spring,,100,5,images/kozmetik/49092.jpg,49092.jpg
24 Men Black Classic Natural Spray EDT Perfume,Perfume and Body Mist - Black - Spring,,100,5,images/kozmetik/37903.jpg,37903.jpg
Colorbar Mettalics Bare Necessity Lip Gloss 001,Lip Gloss - Maroon - Spring,,100,5,images/kozmetik/56108.jpg,56108.jpg
Streetwear Stay On Emerald Eye Pencil 01,Kajal and Eyeliner - Green - Spring,,100,5,images/kozmetik/56598.jpg,56598.jpg
Lotus Herbals Whiteglow Skin Micro-Emulsion,Face Moisturisers - White - Spring,,100,5,images/kozmetik/57678.jpg,57678.jpg
Colorbar Top Coat Nail Lacquer 69,Nail Polish - Bronze - Spring,,100,5,images/kozmetik/55913.jpg,55913.jpg
Deborah Beige Couture 18 Atomic Red Lipstick,Lipstick - Beige - Spring,,100,5,images/kozmetik/49114.jpg,49114.jpg
BOSS Men Grey Deo,Deodorant - Grey - Spring,,100,5,images/kozmetik/44096.jpg,44096.jpg
Streetwear Mineral Coral Glow Lip Gloss,Lip Gloss - Red - Spring,,100,5,images/kozmetik/56553.jpg,56553.jpg
Colorbar Green Stroke Eye Shadow,Eyeshadow - Green - Spring,,100,5,images/kozmetik/56137.jpg,56137.jpg
Revlon Touch & Glow Gold Matte Moisturising Powder 69,Compact - Skin - Spring,,100,5,images/kozmetik/55580.jpg,55580.jpg
4711 Vapo Men Perfume,Perfume and Body Mist - Blue - Spring,,100,5,images/kozmetik/45712.jpg,45712.jpg
Revlon Photo Ready Medium/ Deep Compact 03,Compact - Skin - Spring,,100,5,images/kozmetik/55574.jpg,55574.jpg
Reebok Women Reebounce Deo,Deodorant - Pink - Spring,,100,5,images/kozmetik/52751.jpg,52751.jpg
Lakme Perfect Radiance Intense Whitening 05 Compact,Compact - Skin - Spring,,100,5,images/kozmetik/55110.jpg,55110.jpg
Lotus Herbals Colour Dew Dark Champagne Nail Polish 88,Nail Polish - Brown - Spring,,100,5,images/kozmetik/57647.jpg,57647.jpg
Revlon Touch & Glow Advanced Fairness Daily Moisturising Cream SPF15,Face Moisturisers - White - Spring,,100,5,images/kozmetik/55322.jpg,55322.jpg
Deborah New Skin Compact Foundation 04,Foundation and Primer - Skin - Spring,,100,5,images/kozmetik/49113.jpg,49113.jpg
Lakme Truewear Color Crush Nail Polish 12,Nail Polish - Pink - Spring,,100,5,images/kozmetik/55128.jpg,55128.jpg
Colorbar Earthen Rose Nail Lacquer 68,Nail Polish - Brown - Spring,,100,5,images/kozmetik/55914.jpg,55914.jpg
24 Unisex Gold Perfume,Perfume and Body Mist - Gold - Spring,,100,5,images/kozmetik/37904.jpg,37904.jpg
Dunhill Fresh Men Perfume,Perfume and Body Mist - Green - Spring,,100,5,images/kozmetik/23538.jpg,23538.jpg
Revlon Colorsilk Luminista Golden Brown Hair Colour 120,Hair Colour - Brown - Spring,,100,5,images/kozmetik/55325.jpg,55325.jpg
Lakme Absolute Mattreal Skin Natural Mousse 03,Foundation and Primer - Skin - Spring,,100,5,images/kozmetik/55117.jpg,55117.jpg
Lotus Herbals Colour Dew Bronze Rain Nail Polish 914,Nail Polish - Bronze - Spring,,100,5,images/kozmetik/57640.jpg,57640.jpg
Revlon Photo Ready Light Medium Concealer 003,Concealer - Skin - Spring,,100,5,images/kozmetik/55573.jpg,55573.jpg
Revlon ColorStay Overtime Boundless Brandy Lip Gloss 250,Lip Gloss - Burgundy - Spring,,100,5,images/kozmetik/55587.jpg,55587.jpg
Calvin Klein Men Be Perfume,Perfume and Body Mist - Black - Spring,,100,5,images/kozmetik/26849.jpg,26849.jpg
Reebok Men Reeavenge Deo,Deodorant - Black - Spring,,100,5,images/kozmetik/45715.jpg,45715.jpg
Boss Men Orange 100 ml Perfume,Perfume and Body Mist - Orange - Spring,,100,5,images/kozmetik/44091.jpg,44091.jpg
Streetwear Mineral Sugar Babe Lip Gloss,Lip Gloss - Pink - Spring,,100,5,images/kozmetik/56554.jpg,56554.jpg
Colorbar Vibrant Nail Lacquer 53,Nail Polish - Red - Spring,,100,5,images/kozmetik/55922.jpg,55922.jpg
Lotus Herbals Colour Dew Deep Sea Nail Polish 86,Nail Polish - Blue - Spring,,100,5,images/kozmetik/57649.jpg,57649.jpg
York Women Madonna Perfume,Perfume and Body Mist - Yellow - Spring,,100,5,images/kozmetik/46951.jpg,46951.jpg
Deborah Shine Tech Ruibes Nail Polish 34,Nail Polish - Pink - Spring,,100,5,images/kozmetik/49125.jpg,49125.jpg
Colorbar Really Rose Eye Shadow 004,Eyeshadow - Pink - Spring,,100,5,images/kozmetik/56139.jpg,56139.jpg
Boss Men Perfume and Shower Gel Set,Perfume and Body Mist - Grey - Spring,,100,5,images/kozmetik/44098.jpg,44098.jpg
Revlon Colorstay One-Stroke Defining Blooming Blue Eye Pencil,Kajal and Eyeliner - Blue - Spring,,100,5,images/kozmetik/55545.jpg,55545.jpg
Boss Women Perfume,Perfume and Body Mist - Grey - Spring,,100,5,images/kozmetik/44053.jpg,44053.jpg
Lotus Herbals Whiteglow Skin Creme,Face Moisturisers - White - Spring,,100,5,images/kozmetik/57676.jpg,57676.jpg
Lakme Truewear Color Crush 19 Nail Polish,Nail Polish - Peach - Spring,,100,5,images/kozmetik/55121.jpg,55121.jpg
Streetwear Lip Gloss 48,Lip Gloss - Brown - Spring,,100,5,images/kozmetik/56562.jpg,56562.jpg
DKNY Women Be Delicious Perfume,Perfume and Body Mist - White - Spring,,100,5,images/kozmetik/23531.jpg,23531.jpg
Colorbar Mettalics Cocoa Bean Lip Gloss 003,Lip Gloss - Brown - Spring,,100,5,images/kozmetik/56106.jpg,56106.jpg
Swiss Army Women Mountain Water Perfume Set,Fragrance Gift Set - Blue - Spring,,100,5,images/kozmetik/43088.jpg,43088.jpg
Calvin Klein Women IN2U Perfume,Perfume and Body Mist - White - Spring,,100,5,images/kozmetik/26847.jpg,26847.jpg
Deborah Purple Light Creator Shine Volume 5 Lipstick,Lipstick - Magenta - Spring,,100,5,images/kozmetik/49122.jpg,49122.jpg
York Women Miss Cool EDT Perfume,Perfume and Body Mist - Blue - Spring,,100,5,images/kozmetik/46956.jpg,46956.jpg
Versace Men Pour Homme Perfume,Perfume and Body Mist - Black - Spring,,100,5,images/kozmetik/36813.jpg,36813.jpg
Lakme Dual Sharpener,Beauty Accessory - Burgundy - Spring,,100,5,images/kozmetik/55119.jpg,55119.jpg
Colorbar Flirty Mauve Nail Lacquer 49,Nail Polish - Mauve - Spring,,100,5,images/kozmetik/55925.jpg,55925.jpg
Colorbar Musky Rose Star Lip Gloss 03,Lip Gloss - Pink - Spring,,100,5,images/kozmetik/56101.jpg,56101.jpg
Dunhill Desire Men Perfume,Perfume and Body Mist - Red - Spring,,100,5,images/kozmetik/23536.jpg,23536.jpg
Lotus Herbals Almond Nourish Body Lotion with SPF 20,Body Lotion - Yellow - Spring,,100,5,images/kozmetik/57685.jpg,57685.jpg
Streetwear Awesome Lip Gloss 40,Lip Gloss - Pink - Spring,,100,5,images/kozmetik/56565.jpg,56565.jpg
Lotus Herbals Make-Up Colour Dew Ice Cube Nail Enamel 903,Nail Polish - Silver - Spring,,100,5,images/kozmetik/57671.jpg,57671.jpg
Lakme Truewear Color Crush Nail Polish 14,Nail Polish - Pink - Spring,,100,5,images/kozmetik/55126.jpg,55126.jpg
Rasasi Women Vanity Perfume,Perfume and Body Mist - Pink - Spring,,100,5,images/kozmetik/46703.jpg,46703.jpg
dunhill Men Deo,Deodorant - Black - Spring,,100,5,images/kozmetik/44054.jpg,44054.jpg
Streetwear Hi Lite Eye Shadow,Eyeshadow - Bronze - Spring,,100,5,images/kozmetik/56591.jpg,56591.jpg
Revlon Black Color Stay Pen Eyeliner,Kajal and Eyeliner - Black - Spring,,100,5,images/kozmetik/55542.jpg,55542.jpg
Police Pure Women Perfume,Perfume and Body Mist - Cream - Spring,,100,5,images/kozmetik/23562.jpg,23562.jpg
Tous In Heaven Men Perfume,Perfume and Body Mist - Black - Spring,,100,5,images/kozmetik/26010.jpg,26010.jpg
Police Men Moving Out 50 ml Perfume,Perfume and Body Mist - Green - Spring,,100,5,images/kozmetik/56367.jpg,56367.jpg
Lomani Men Allure Sport Deo,Deodorant - Grey - Spring,,100,5,images/kozmetik/45770.jpg,45770.jpg
Colorbar I-Glide Passionately Gold Eye Pencil 08,Kajal and Eyeliner - Gold - Spring,,100,5,images/kozmetik/56155.jpg,56155.jpg
Streetwear Satin Smooth Mauve Mania Lipcolor 19,Lipstick - Mauve - Spring,,100,5,images/kozmetik/56531.jpg,56531.jpg
Lakme Absolute Fast & Fabulous Purple Potion Lavender Nail Polish 11,Nail Polish - Lavender - Spring,,100,5,images/kozmetik/55186.jpg,55186.jpg
Police Men Freedom Perfume,Perfume and Body Mist - Blue - Spring,,100,5,images/kozmetik/44000.jpg,44000.jpg
Lakme Absolute Fast & Fabulous Crimson Crush Magenta Nail Polish 25,Nail Polish - Magenta - Spring,,100,5,images/kozmetik/55172.jpg,55172.jpg
Lotus Herbals Kids Sun Block Cream,Sunscreen - Orange - Spring,,100,5,images/kozmetik/57625.jpg,57625.jpg
Nike Fragrances Men Green Storm Perfume 150 ml,Perfume and Body Mist - Black - Spring,,100,5,images/kozmetik/23596.jpg,23596.jpg
Revlon Top Speed 60 Natural Brown Ammonia-Free Hair Colour,Hair Colour - Brown - Spring,,100,5,images/kozmetik/55516.jpg,55516.jpg
Deborah Extra Lip Liner 02,Lip Liner - Brown - Spring,,100,5,images/kozmetik/49149.jpg,49149.jpg
Estee Lauder Men 100 ml Perfume,Perfume and Body Mist - Green - Spring,,100,5,images/kozmetik/56393.jpg,56393.jpg
ADIDAS Men Pure Game Deo,Deodorant - Black - Spring,,100,5,images/kozmetik/27304.jpg,27304.jpg
Colorbar Velvet Matte Grape Wine Lipstick 47P,Lipstick - Purple - Spring,,100,5,images/kozmetik/55985.jpg,55985.jpg
Biotique Bio Pistachio Face Pack,Mask and Peel - White - Spring,,100,5,images/kozmetik/57884.jpg,57884.jpg
Cartier Men Declaration Perfume,Perfume and Body Mist - Red - Spring,,100,5,images/kozmetik/30976.jpg,30976.jpg
Biotique Morning Nectar Flawless Lightening Lotion,Face Moisturisers - White - Spring,,100,5,images/kozmetik/57870.jpg,57870.jpg
Revlon Touch & Glow Moisturising Makeup Rose Mist,Foundation and Primer - Skin - Spring,,100,5,images/kozmetik/55529.jpg,55529.jpg
Colorbar Velvet Matte Pretty Please 1 Lipstick 79V,Lipstick - Red - Spring,,100,5,images/kozmetik/55971.jpg,55971.jpg
Paco Rabanne Women Pour 50 ml Perfume,Perfume and Body Mist - Peach - Spring,,100,5,images/kozmetik/46768.jpg,46768.jpg
Nike Fragrances Women Original Deo and Perfume,Fragrance Gift Set - Lavender - Spring,,100,5,images/kozmetik/23591.jpg,23591.jpg
Revlon Cherries In The Glow Super Lustrous Lip Gloss 20,Lip Gloss - Red - Spring,,100,5,images/kozmetik/55511.jpg,55511.jpg
Estee Lauder Women Beautiful Love 75 ml Perfume,Perfume and Body Mist - Pink - Spring,,100,5,images/kozmetik/56394.jpg,56394.jpg
Colorbar Nail Lacquer 08,Nail Polish - Maroon - Spring,,100,5,images/kozmetik/55949.jpg,55949.jpg
Lakme Absolute Fast & Fabulous Wicked Pink Nail Polish 22,Nail Polish - Pink - Spring,,100,5,images/kozmetik/55175.jpg,55175.jpg
Lotus Herbals Safe Sun Sunscreen for Men,Sunscreen - White - Spring,,100,5,images/kozmetik/57622.jpg,57622.jpg
Police Men Gold Wings Deo,Deodorant - Gold - Spring,,100,5,images/kozmetik/44007.jpg,44007.jpg
Nautilus Men Black Marlin Perfume,Perfume and Body Mist - Grey - Spring,,100,5,images/kozmetik/46750.jpg,46750.jpg
Revlon Women Instinct Perfume,Perfume and Body Mist - Blue - Spring,,100,5,images/kozmetik/55347.jpg,55347.jpg
Lakme Absolute Fast & Fabulous Pearl Pink Nail Polish 16,Nail Polish - Pink - Spring,,100,5,images/kozmetik/55181.jpg,55181.jpg
Streetwear Satin Smooth Cocoa Flakes Lipstick 23,Lipstick - Brown - Spring,,100,5,images/kozmetik/56536.jpg,56536.jpg
Colorbar I-Glide Amethyst Spark Eye Pencil 011,Kajal and Eyeliner - Purple - Spring,,100,5,images/kozmetik/56152.jpg,56152.jpg
Baldessarini Ambre Men EDT Perfume,Perfume and Body Mist - Gold - Spring,,100,5,images/kozmetik/23565.jpg,23565.jpg
Tommy Hilfiger Women 50 ml Perfume,Perfume and Body Mist - White - Spring,,100,5,images/kozmetik/56360.jpg,56360.jpg
Revlon Lilac Mist Nail Polish 322,Nail Polish - Silver - Spring,,100,5,images/kozmetik/55378.jpg,55378.jpg
Boss Women Femme Perfume,Perfume and Body Mist - Pink - Spring,,100,5,images/kozmetik/44038.jpg,44038.jpg
Colorbar Velvet Matte Secretly Pink Lipstick 62P,Lipstick - Pink - Summer,,100,5,images/kozmetik/55976.jpg,55976.jpg
Biotique Bio Lip Sunflower Balm,Lip Care - Green - Spring,,100,5,images/kozmetik/57877.jpg,57877.jpg
Slazenger Men Advance Perfume,Perfume and Body Mist - Purple - Spring,,100,5,images/kozmetik/26028.jpg,26028.jpg
Biotique Bio Winter Green Spot Correcting Anti-Acne Cream,Face Moisturisers - White - Spring,,100,5,images/kozmetik/57883.jpg,57883.jpg
Streetwear Lusicious Lips Hint of Pink Lipcolor 14,Lipstick - Pink - Spring,,100,5,images/kozmetik/56509.jpg,56509.jpg
Colorbar Velvet Matte Very Coffee Lipstick 51 BR,Lipstick - Brown - Spring,,100,5,images/kozmetik/55982.jpg,55982.jpg
Lotus Herbals Extreme Sun Block Sunscreen,Sunscreen - Orange - Spring,,100,5,images/kozmetik/57614.jpg,57614.jpg
Lakme Truewear Color Crush 22 Nail Polish,Nail Polish - Pink - Spring,,100,5,images/kozmetik/55143.jpg,55143.jpg
Valentino Perfumes Women 75 ml Classic Perfume,Perfume and Body Mist - Red - Spring,,100,5,images/kozmetik/46766.jpg,46766.jpg
Baldessarini Men Ambre Perfume,Perfume and Body Mist - Grey - Spring,,100,5,images/kozmetik/44031.jpg,44031.jpg
Jacques M Men Fragrances,Perfume and Body Mist - White - Spring,,100,5,images/kozmetik/46302.jpg,46302.jpg
ADIDAS Women Floral Dream Perfume,Perfume and Body Mist - Green - Spring,,100,5,images/kozmetik/27335.jpg,27335.jpg
Colorbar Time Plus Honey Compact Powder 006,Compact - Skin - Spring,,100,5,images/kozmetik/56190.jpg,56190.jpg
Revlon Skinlights Face Pink Light Illuminator Lotion,Highlighter and Blush - Skin - Spring,,100,5,images/kozmetik/55527.jpg,55527.jpg
Perry Ellis Men 360A Red Perfume,Perfume and Body Mist - Silver - Spring,,100,5,images/kozmetik/26213.jpg,26213.jpg
Colorbar I-Define Moss Green Eye Pencil 004,Kajal and Eyeliner - Green - Spring,,100,5,images/kozmetik/56164.jpg,56164.jpg
Police Men Be Younique Deo and Perfume Set,Perfume and Body Mist - Black - Spring,,100,5,images/kozmetik/56356.jpg,56356.jpg
Police Women Wings Deo,Deodorant - Purple - Spring,,100,5,images/kozmetik/23553.jpg,23553.jpg
Carolina Herrera Women 100 ml Perfume,Perfume and Body Mist - Off White - Spring,,100,5,images/kozmetik/46792.jpg,46792.jpg
Revlon Tuscan Sun Nail Polish 314,Nail Polish - Red - Spring,,100,5,images/kozmetik/55385.jpg,55385.jpg
Streetwear Quick Dry Ethreal Nail Polish 06,Nail Polish - Bronze - Spring,,100,5,images/kozmetik/56500.jpg,56500.jpg
Nike Fragrances Men Blue Wave Deo,Deodorant - Black - Spring,,100,5,images/kozmetik/23598.jpg,23598.jpg
Deborah 7 Days Long Violet Nail Polish 831,Nail Polish - Purple - Spring,,100,5,images/kozmetik/49147.jpg,49147.jpg
Revlon Top Speed 65 Dark Brown Ammonia-Free Hair Colour,Hair Colour - Brown - Spring,,100,5,images/kozmetik/55518.jpg,55518.jpg
York Men Silver Aqua Perfume,Perfume and Body Mist - Blue - Spring,,100,5,images/kozmetik/46933.jpg,46933.jpg
Giorgio Beverly Hills Women So You Perfume,Perfume and Body Mist - Orange - Spring,,100,5,images/kozmetik/46759.jpg,46759.jpg
Colorbar Autumn Rose Nail Lacquer 20,Nail Polish - Pink - Spring,,100,5,images/kozmetik/55940.jpg,55940.jpg
Revlon Silver Shower Nail Polish 317,Nail Polish - Silver - Spring,,100,5,images/kozmetik/55382.jpg,55382.jpg
Streetwear Shine Divine Pink Lip Gloss,Lip Gloss - Pink - Spring,,100,5,images/kozmetik/56507.jpg,56507.jpg
Fogg Men Royal Deo,Deodorant - Purple - Spring,,100,5,images/kozmetik/54062.jpg,54062.jpg
Nike Fragrances Men Out of Control Perfume 150 ml,Perfume and Body Mist - Black - Spring,,100,5,images/kozmetik/56351.jpg,56351.jpg
Police Men Wings Silver Perfume,Perfume and Body Mist - Silver - Spring,,100,5,images/kozmetik/23554.jpg,23554.jpg
Slazenger Women Vitalize Perfume,Perfume and Body Mist - Pink - Spring,,100,5,images/kozmetik/26026.jpg,26026.jpg
Perry Ellis Men 360 Degree Perfume,Perfume and Body Mist - Grey - Spring,,100,5,images/kozmetik/26214.jpg,26214.jpg
Revlon Photo Ready Makeup 010 Caramel,Foundation and Primer - Skin - Spring,,100,5,images/kozmetik/55520.jpg,55520.jpg
Biotique Women Bio Papaya Revitalizing Scrub,Face Scrub and Exfoliator - Beige - Spring,,100,5,images/kozmetik/57879.jpg,57879.jpg
Giorgio Beverly Hills Women So You Perfume,Perfume and Body Mist - Orange - Spring,,100,5,images/kozmetik/46761.jpg,46761.jpg
Revlon Ooh La La Lilac Nail Polish 324,Nail Polish - White - Spring,,100,5,images/kozmetik/55376.jpg,55376.jpg
Dunhill Men London 50 ml Perfume,Perfume and Body Mist - Silver - Spring,,100,5,images/kozmetik/44036.jpg,44036.jpg
Lotus Herbals Safe Sun Absolute Sunscreen,Sunscreen - White - Spring,,100,5,images/kozmetik/57613.jpg,57613.jpg
Colorbar Velvet Matte Obsessed Orange Lipstick 60 OR,Lipstick - Orange - Summer,,100,5,images/kozmetik/55978.jpg,55978.jpg
Lakme Truewear Color Crush Nail Polish 21,Nail Polish - Pink - Summer,,100,5,images/kozmetik/55144.jpg,55144.jpg
Colorbar Gold Dust Nail Lacquer 10,Nail Polish - Gold - Spring,,100,5,images/kozmetik/55947.jpg,55947.jpg
Police Men Titanium Wings Perfume,Perfume and Body Mist - Grey - Spring,,100,5,images/kozmetik/44009.jpg,44009.jpg
Revlon Charlie Perfume,Perfume and Body Mist - Blue - Spring,,100,5,images/kozmetik/55349.jpg,55349.jpg
York Men Aqua Minerale Perfume,Perfume and Body Mist - Blue - Spring,,100,5,images/kozmetik/46934.jpg,46934.jpg
Deborah Golden Pink Euphoric Shine 04 Lip Gloss,Lip Gloss - Pink - Spring,,100,5,images/kozmetik/49140.jpg,49140.jpg
Davidoff Women Cool Water Perfume,Perfume and Body Mist - Blue - Spring,,100,5,images/kozmetik/36812.jpg,36812.jpg
York Women Miss Angel Perfume,Perfume and Body Mist - Peach - Spring,,100,5,images/kozmetik/46957.jpg,46957.jpg
Deborah Pink Light Creator Shine Volume 6 Lipstick,Lipstick - Pink - Spring,,100,5,images/kozmetik/49123.jpg,49123.jpg
Colorbar Windsor Rose Nail Lacquer 51,Nail Polish - Pink - Spring,,100,5,images/kozmetik/55924.jpg,55924.jpg
Lakme Absolute Mattreal Ivory Fair Skin Natural Mousse 01,Foundation and Primer - Skin - Spring,,100,5,images/kozmetik/55118.jpg,55118.jpg
Swiss Army Men Classic Perfume & Deodorant Set,Fragrance Gift Set - Black - Spring,,100,5,images/kozmetik/43089.jpg,43089.jpg
Rasasi Women Soul Secret Perfume,Perfume and Body Mist - Yellow - Spring,,100,5,images/kozmetik/46702.jpg,46702.jpg
Streetwear Dazzling Steel Eye Shadow,Eyeshadow - Blue - Spring,,100,5,images/kozmetik/56590.jpg,56590.jpg
Dunhill Men Black Perfume,Perfume and Body Mist - Black - Spring,,100,5,images/kozmetik/44055.jpg,44055.jpg
Lotus Herbals Colour Dew Toffee Nail Polish 910,Nail Polish - Brown - Spring,,100,5,images/kozmetik/57670.jpg,57670.jpg
Lakme Truewear Color Crush Nail Polish 13,Nail Polish - Purple - Spring,,100,5,images/kozmetik/55127.jpg,55127.jpg
Revlon Totally Turquoise 03 Eyeliner,Kajal and Eyeliner - Blue - Spring,,100,5,images/kozmetik/55543.jpg,55543.jpg
Dunhill Men EDT Perfume,Perfume and Body Mist - Brown - Spring,,100,5,images/kozmetik/23537.jpg,23537.jpg
Colorbar Star Winter Plum Lip Gloss 04,Lip Gloss - Purple - Spring,,100,5,images/kozmetik/56100.jpg,56100.jpg
Streetwear Bashful Lip Gloss 41,Lip Gloss - Pink - Spring,,100,5,images/kozmetik/56564.jpg,56564.jpg
Colorbar Expensive Pink Eye Shadow 005,Eyeshadow - Pink - Spring,,100,5,images/kozmetik/56138.jpg,56138.jpg
Baldessarini Men Private Affairs 50 ml Perfume,Perfume and Body Mist - Black - Spring,,100,5,images/kozmetik/44099.jpg,44099.jpg
Colorbar Blooming Magenta Nail Lacquer 52,Nail Polish - Magenta - Spring,,100,5,images/kozmetik/55923.jpg,55923.jpg
Deborah Pink Light Creator Shine Volume 9 Lipstick,Lipstick - Pink - Spring,,100,5,images/kozmetik/49124.jpg,49124.jpg
York Women Hypnose Perfume,Perfume and Body Mist - Red - Spring,,100,5,images/kozmetik/46950.jpg,46950.jpg
Lotus Herbals Aloe Soft Body Lotion,Body Lotion - Yellow - Spring,,100,5,images/kozmetik/57683.jpg,57683.jpg
Streetwear Jelly Lip Gloss 17,Lip Gloss - Pink - Spring,,100,5,images/kozmetik/56563.jpg,56563.jpg
Colorbar Star Metal Assertive Lip Gloss 002,Lip Gloss - Red - Spring,,100,5,images/kozmetik/56107.jpg,56107.jpg
DKNY Men Red Delicious Perfume,Perfume and Body Mist - Red - Spring,,100,5,images/kozmetik/23530.jpg,23530.jpg
Revlon Colorstay One-Stroke Defining Glazed Green Eye Pencil,Kajal and Eyeliner - Green - Spring,,100,5,images/kozmetik/55544.jpg,55544.jpg
Lotus Herbals Whiteglow Skin Whitening & Brightening Creme,Face Moisturisers - White - Spring,,100,5,images/kozmetik/57677.jpg,57677.jpg
Lakme Truewear Color Crush Nail Polish 20,Nail Polish - Pink - Spring,,100,5,images/kozmetik/55120.jpg,55120.jpg
Rasasi Women Bubbly Gal Perfume,Perfume and Body Mist - White - Spring,,100,5,images/kozmetik/46705.jpg,46705.jpg
Streetwear Stay On Onyx Eye Pencil 03,Kajal and Eyeliner - Black - Spring,,100,5,images/kozmetik/56597.jpg,56597.jpg
Boss Men Collector's Edition Perfume,Perfume and Body Mist - Silver - Spring,,100,5,images/kozmetik/44052.jpg,44052.jpg
24 Unisex Gold Perfume,Perfume and Body Mist - Gold - Spring,,100,5,images/kozmetik/37905.jpg,37905.jpg
Deborah New Skin Compact Foundation 03,Foundation and Primer - Skin - Spring,,100,5,images/kozmetik/49112.jpg,49112.jpg
Colorbar Steel Etto Nail Lacquer 64,Nail Polish - Silver - Spring,,100,5,images/kozmetik/55915.jpg,55915.jpg
Lakme Truewear Color Crush 11 Nail Polish,Nail Polish - Pink - Spring,,100,5,images/kozmetik/55129.jpg,55129.jpg
Calvin Klein Unisex One Perfume,Perfume and Body Mist - Cream - Spring,,100,5,images/kozmetik/26848.jpg,26848.jpg
Revlon Photo Ready Pink Sculpting Blush Palette 01,Highlighter and Blush - Pink - Spring,,100,5,images/kozmetik/55586.jpg,55586.jpg
Streetwear Stawberry Lip Gloss 47,Lip Gloss - Pink - Spring,,100,5,images/kozmetik/56555.jpg,56555.jpg
Boss Men Collector's Edition Perfume,Perfume and Body Mist - Blue - Spring,,100,5,images/kozmetik/44090.jpg,44090.jpg
Lakme Absolute Mattreal Beige Honey Skin Natural Mousse 05,Foundation and Primer - Skin - Spring,,100,5,images/kozmetik/55116.jpg,55116.jpg
Revlon Color 'N Care Medium Brown 5N Hair Colour,Hair Colour - Brown - Spring,,100,5,images/kozmetik/55324.jpg,55324.jpg
Revlon Photo Ready Medium Deep Concealer 005,Concealer - Skin - Spring,,100,5,images/kozmetik/55572.jpg,55572.jpg
Lotus Herbals Cocoa Caress SPF 20 Hand & Body Lotion 250 ml,Body Lotion - Yellow - Spring,,100,5,images/kozmetik/57679.jpg,57679.jpg
Colorbar Crystal Calm Nail Lacquer 70,Nail Polish - Silver - Spring,,100,5,images/kozmetik/55912.jpg,55912.jpg
Streetwear Stay On Aquamarine Eye Pencil 01,Kajal and Eyeliner - Blue - Spring,,100,5,images/kozmetik/56599.jpg,56599.jpg
Deborah Atomic Red 19 Lipstick,Lipstick - Pink - Spring,,100,5,images/kozmetik/49115.jpg,49115.jpg
24 Men Classic Natural Spray EDT Perfume,Perfume and Body Mist - Black - Spring,,100,5,images/kozmetik/37902.jpg,37902.jpg
ColorBar Temptress Lip Pot 018,Lip Gloss - Red - Spring,,100,5,images/kozmetik/56109.jpg,56109.jpg
Revlon Photoready Light/Medium Compact 020,Compact - Skin - Spring,,100,5,images/kozmetik/55575.jpg,55575.jpg
Hugo Men XY Perfume Set,Fragrance Gift Set - Black - Spring,,100,5,images/kozmetik/44063.jpg,44063.jpg
Revlon Colour 'N Care Natural Black 1N Colour,Hair Colour - Black - Spring,,100,5,images/kozmetik/55323.jpg,55323.jpg
Lakme Perfect Radiance Intense Whitening 03 Compact,Compact - Skin - Spring,,100,5,images/kozmetik/55111.jpg,55111.jpg
Lotus Herbals Colour Dew Playfull Pink Nail Polish 89,Nail Polish - Pink - Spring,,100,5,images/kozmetik/57646.jpg,57646.jpg
Boss Women Perfume,Perfume and Body Mist - White - Spring,,100,5,images/kozmetik/44097.jpg,44097.jpg
Revlon Pink Peony Powder Blush 17,Highlighter and Blush - Peach - Spring,,100,5,images/kozmetik/55581.jpg,55581.jpg
Colorbar Aquamarine Eye Shadow 007,Eyeshadow - Blue - Spring,,100,5,images/kozmetik/56136.jpg,56136.jpg
Jacques M Men Fragrances,Perfume and Body Mist - White - Spring,,100,5,images/kozmetik/46304.jpg,46304.jpg
Biotique Bio Peach Clarifying & Refining Peel-Off Mask,Mask and Peel - Beige - Spring,,100,5,images/kozmetik/57878.jpg,57878.jpg
ColorBar Cosmic Rose Blusher 002,Highlighter and Blush - Rose - Spring,,100,5,images/kozmetik/56196.jpg,56196.jpg
Revlon PhotoReady Medium Beige Makeup 006,Foundation and Primer - Skin - Spring,,100,5,images/kozmetik/55521.jpg,55521.jpg
Lakme True Wear Metallics Nail Polish 241,Nail Polish - Metallic - Spring,,100,5,images/kozmetik/55145.jpg,55145.jpg
Colorbar Velvet Matte Peach Crush Lipstick 59P,Lipstick - Peach - Summer,,100,5,images/kozmetik/55979.jpg,55979.jpg
Revlon Lavender Nail Enamel 323,Nail Polish - Pink - Spring,,100,5,images/kozmetik/55377.jpg,55377.jpg
Giorgio Beverly Hills Women So You  Perfume,Perfume and Body Mist - Orange - Spring,,100,5,images/kozmetik/46760.jpg,46760.jpg
Dunhill Men London Perfume,Perfume and Body Mist - Silver - Spring,,100,5,images/kozmetik/44037.jpg,44037.jpg
Fogg Men Napoleon Deo,Deodorant - Red - Spring,,100,5,images/kozmetik/54063.jpg,54063.jpg
Revlon Dazzling Dust Nail Polish 316,Nail Polish - Metallic - Spring,,100,5,images/kozmetik/55383.jpg,55383.jpg
Streetwear Shine Divine Nude Silk Lip Gloss,Lip Gloss - Skin - Spring,,100,5,images/kozmetik/56506.jpg,56506.jpg
Colorbar I-Define Midnight Black Eye Liner 007,Kajal and Eyeliner - Black - Spring,,100,5,images/kozmetik/56162.jpg,56162.jpg
Slazenger Women Invigorate Perfume,Perfume and Body Mist - Green - Spring,,100,5,images/kozmetik/26027.jpg,26027.jpg
Police Dark Men Perfume,Perfume and Body Mist - Black - Spring,,100,5,images/kozmetik/23555.jpg,23555.jpg
Police Titanium Wings Men Eau De Toilette,Perfume and Body Mist - Metallic - Spring,,100,5,images/kozmetik/44008.jpg,44008.jpg
Colorbar Brandy Nail Lacquer 11,Nail Polish - Brown - Spring,,100,5,images/kozmetik/55946.jpg,55946.jpg
Deborah Euphoric Shine Lip Gloss 10,Lip Gloss - Brown - Spring,,100,5,images/kozmetik/49141.jpg,49141.jpg
York Men EXZOTYK Pour Homme Eau De Toilette,Perfume and Body Mist - Blue - Spring,,100,5,images/kozmetik/46935.jpg,46935.jpg
Streetwear Satin Smooth Cherry Crush Lipstick 09,Lipstick - Red - Spring,,100,5,images/kozmetik/56539.jpg,56539.jpg
Police Wings Women Perfume,Perfume and Body Mist - Purple - Spring,,100,5,images/kozmetik/23552.jpg,23552.jpg
Perry Ellis Men Perfume,Perfume and Body Mist - Brown - Spring,,100,5,images/kozmetik/26212.jpg,26212.jpg
Colorbar I-Define Truffle Eye Pencil 003,Kajal and Eyeliner - Brown - Spring,,100,5,images/kozmetik/56165.jpg,56165.jpg
Revlon Plum Deluxe Nail Enamel 315,Nail Polish - Purple - Spring,,100,5,images/kozmetik/55384.jpg,55384.jpg
Carolina Herrera Women 50 ml Perfume,Perfume and Body Mist - Off White - Spring,,100,5,images/kozmetik/46793.jpg,46793.jpg
Streetwear Boutique Bronze Nail Polish 05,Nail Polish - Bronze - Spring,,100,5,images/kozmetik/56501.jpg,56501.jpg
Fogg Men Marco Deo,Deodorant - Black - Spring,,100,5,images/kozmetik/54064.jpg,54064.jpg
Revlon Iced Mauve Nail Polish 333,Nail Polish - Pink - Spring,,100,5,images/kozmetik/55370.jpg,55370.jpg
Paco Rabanne Women Pour Perfume,Perfume and Body Mist - Cream - Spring,,100,5,images/kozmetik/46767.jpg,46767.jpg
dunhill Men Pursuit Perfume,Perfume and Body Mist - Orange - Spring,,100,5,images/kozmetik/44030.jpg,44030.jpg
Lotus Herbals UV Screen Matte Gel 50g,Sunscreen - Orange - Spring,,100,5,images/kozmetik/57615.jpg,57615.jpg
Lakme Truewear Color Crush 23 Nail Polish,Nail Polish - Red - Spring,,100,5,images/kozmetik/55142.jpg,55142.jpg
Revlon Skinlights Bronze Light Face Illuminator,Highlighter and Blush - Bronze - Spring,,100,5,images/kozmetik/55526.jpg,55526.jpg
Jacques M Men Fragrance,Perfume and Body Mist - Olive - Spring,,100,5,images/kozmetik/46303.jpg,46303.jpg
Colorbar Time Plus Beige Compact 005,Compact - Beige - Spring,,100,5,images/kozmetik/56191.jpg,56191.jpg
Police Men Original Eau De Toilette Natural Spray,Perfume and Body Mist - Grey - Spring,,100,5,images/kozmetik/56368.jpg,56368.jpg
Revlon Unisex Top Speed Brownish Black Hair Colour 68,Hair Colour - Black - Spring,,100,5,images/kozmetik/55519.jpg,55519.jpg
York Men Gold Aqua Perfume,Perfume and Body Mist - Brown - Spring,,100,5,images/kozmetik/46932.jpg,46932.jpg
Deborah Sense Tech Mat Green Nail Polish 04,Nail Polish - Green - Spring,,100,5,images/kozmetik/49146.jpg,49146.jpg
Nike Fragrances Women Casual Deo and Perfume,Fragrance Gift Set - Green - Spring,,100,5,images/kozmetik/23599.jpg,23599.jpg
Colorbar Whisper Pink Nail Lacquer 18,Nail Polish - Pink - Spring,,100,5,images/kozmetik/55941.jpg,55941.jpg
Giorgio Beverly Hills Women Perfume,Perfume and Body Mist - Lavender - Spring,,100,5,images/kozmetik/46758.jpg,46758.jpg
Streetwear Women Satin Smooth Cherry Crush Lipstick o9,Lipstick - Pink - Spring,,100,5,images/kozmetik/56537.jpg,56537.jpg
Lakme Absolute Fast & Fabulous Popping Pink Nail Polish 17,Nail Polish - Pink - Spring,,100,5,images/kozmetik/55180.jpg,55180.jpg
TOUS Women Touch Eau De Toilette 100 ml,Perfume and Body Mist - Brown - Spring,,100,5,images/kozmetik/26016.jpg,26016.jpg
Hugo Boss Women Femme Deo,Deodorant - Pink - Spring,,100,5,images/kozmetik/23564.jpg,23564.jpg
Tommy Hilfiger Men 100 ml Perfume,Perfume and Body Mist - White - Spring,,100,5,images/kozmetik/56361.jpg,56361.jpg
Colorbar I-Glide Glowing Saphire Eye Pencil 010,Kajal and Eyeliner - Blue - Spring,,100,5,images/kozmetik/56153.jpg,56153.jpg
Revlon Chocolate Frost Super Lustrous Lip Gloss 60,Lip Gloss - Brown - Spring,,100,5,images/kozmetik/55510.jpg,55510.jpg
Nike Fragrances Women Pure Deo and Perfume,Fragrance Gift Set - Blue - Spring,,100,5,images/kozmetik/23590.jpg,23590.jpg
Estee Lauder Women Beautiful 75 ml Perfume,Perfume and Body Mist - Pink - Spring,,100,5,images/kozmetik/56395.jpg,56395.jpg
Police Women Wings Perfume,Perfume and Body Mist - Gold - Spring,,100,5,images/kozmetik/44006.jpg,44006.jpg
Nautilus Men Blazer Perfume,Perfume and Body Mist - Blue - Spring,,100,5,images/kozmetik/46751.jpg,46751.jpg
Colorbar Icy Silver Nail Lacquer 09,Nail Polish - Silver - Spring,,100,5,images/kozmetik/55948.jpg,55948.jpg
Lotus Herbals Safe Sun Sunscreen,Sunscreen - Orange - Spring,,100,5,images/kozmetik/57623.jpg,57623.jpg
Slazenger Men Extreme Perfume,Perfume and Body Mist - Black - Spring,,100,5,images/kozmetik/26029.jpg,26029.jpg
Colorbar Velvet Matte Forever Mauve Lipstick 50MA,Lipstick - Burgundy - Spring,,100,5,images/kozmetik/55983.jpg,55983.jpg
Streetwear Lusicious Lips Luminous Brown Lipcolor 19,Lipstick - Brown - Spring,,100,5,images/kozmetik/56508.jpg,56508.jpg
Colorbar Velvet Matte Thrilling Pink Lipstick 61P,Lipstick - Pink - Summer,,100,5,images/kozmetik/55977.jpg,55977.jpg
Revlon Purple Passion Nail Polish 321,Nail Polish - Purple - Spring,,100,5,images/kozmetik/55379.jpg,55379.jpg
Dunhill Men London Deo,Deodorant - Silver - Spring,,100,5,images/kozmetik/44039.jpg,44039.jpg
Biotique Women Bio Berberry Refreshing Cleansing Lotion,Face Wash and Cleanser - Green - Spring,,100,5,images/kozmetik/57876.jpg,57876.jpg
Lakme Absolute Fast & Fabulous Crimson Fire Nail Polish 24,Nail Polish - Red - Spring,,100,5,images/kozmetik/55173.jpg,55173.jpg
Lotus Herbals Safe Sun Sun Block Cream,Sunscreen - White - Spring,,100,5,images/kozmetik/57624.jpg,57624.jpg
Police Men Pure Perfume,Perfume and Body Mist - Navy Blue - Spring,,100,5,images/kozmetik/44001.jpg,44001.jpg
ADIDAS Men Victory League Deo,Deodorant - Gold - Spring,,100,5,images/kozmetik/27305.jpg,27305.jpg
Deborah Extra Lip Liner 01,Lip Liner - Brown - Spring,,100,5,images/kozmetik/49148.jpg,49148.jpg
Revlon Top Speed Natural Black Hair Colour Natural Black 70,Hair Colour - Black - Spring,,100,5,images/kozmetik/55517.jpg,55517.jpg
Nike Fragrances Men Cool Wind EDT Deo,Deodorant - Black - Spring,,100,5,images/kozmetik/23597.jpg,23597.jpg
Estee Lauder Women Pleasures 50 ml Perfume,Perfume and Body Mist - Lavender - Spring,,100,5,images/kozmetik/56392.jpg,56392.jpg
Colorbar I-Glide Coal Mine Eye Pencil 09,Kajal and Eyeliner - Black - Spring,,100,5,images/kozmetik/56154.jpg,56154.jpg
Police Pure Men Perfume,Perfume and Body Mist - Navy Blue - Spring,,100,5,images/kozmetik/23563.jpg,23563.jpg
Lomani Men Blue Jeans Deo,Deodorant - Blue - Spring,,100,5,images/kozmetik/45771.jpg,45771.jpg
Police Men Moving Out 100 ml Perfume,Perfume and Body Mist - Green - Spring,,100,5,images/kozmetik/56366.jpg,56366.jpg
Lakme Absolute Fast & Fabulous 10 Purple Nail Polish,Nail Polish - Purple - Spring,,100,5,images/kozmetik/55187.jpg,55187.jpg
Streetwear Satin Smooth Miss Maroon Lipstick 10,Lipstick - Maroon - Spring,,100,5,images/kozmetik/56530.jpg,56530.jpg
Revlon Skinlights Face Peach Light Illuminator Lotion,Highlighter and Blush - Skin - Spring,,100,5,images/kozmetik/55528.jpg,55528.jpg
Ferrari Men Perfume,Perfume and Body Mist - Black - Spring,,100,5,images/kozmetik/30983.jpg,30983.jpg
Biotique Botanicals Ayurvedic Recipe Bio Morning Nectar Moisturiser,Face Moisturisers - Green - Spring,,100,5,images/kozmetik/57871.jpg,57871.jpg
Colorbar Velvet Matte Hearts & Tarts Lipstick 80V,Lipstick - Red - Summer,,100,5,images/kozmetik/55970.jpg,55970.jpg
Colorbar Velvet Matte Love That Rust Lipstick 48 BR,Lipstick - Red - Spring,,100,5,images/kozmetik/55984.jpg,55984.jpg
Tommy Hilfiger Women 100 ml Perfume,Perfume and Body Mist - White - Spring,,100,5,images/kozmetik/56359.jpg,56359.jpg
Biotique Bio Mud Ageless Firming & Revitalizing Face Pack,Mask and Peel - Green - Spring,,100,5,images/kozmetik/57885.jpg,57885.jpg
Lotus Herbals Make-Up Colour Dew Desert Drizzle Nail Enamel 915,Nail Polish - Brown - Spring,,100,5,images/kozmetik/57639.jpg,57639.jpg
Colorbar Love Nail Lacquer 04,Nail Polish - Red - Spring,,100,5,images/kozmetik/55952.jpg,55952.jpg
ADIDAS Women Pure Lightness Perfume,Perfume and Body Mist - Blue - Spring,,100,5,images/kozmetik/27318.jpg,27318.jpg
York Men 007 Perfume,Perfume and Body Mist - Yellow - Spring,,100,5,images/kozmetik/46921.jpg,46921.jpg
Deborah Cacao HiTech Blusher # 12,Highlighter and Blush - Brown - Spring,,100,5,images/kozmetik/49155.jpg,49155.jpg
Colorbar Ultimate Eye Liner 001,Kajal and Eyeliner - Black - Spring,,100,5,images/kozmetik/56149.jpg,56149.jpg
Revlon Custom Eyes Smoky Sexy Eye Shadow 035,Eyeshadow - Multi - Spring,,100,5,images/kozmetik/55535.jpg,55535.jpg
Playboy London For Men Fragrance Gift Set,Fragrance Gift Set - Blue - Spring,,100,5,images/kozmetik/41909.jpg,41909.jpg
ColorBar Dusk Triple Act Compact 003,Compact - Skin - Spring,,100,5,images/kozmetik/56182.jpg,56182.jpg
Jovan Men Sex Appeal Deo,Deodorant - Blue - Spring,,100,5,images/kozmetik/27327.jpg,27327.jpg
HUGO Men Dark Blue Perfume,Perfume and Body Mist - Blue - Spring,,100,5,images/kozmetik/44023.jpg,44023.jpg
Revlon Craving Coral Nail Polish 369,Nail Polish - Red - Spring,,100,5,images/kozmetik/55363.jpg,55363.jpg
Euroluxe Men Vittorio Perfume,Perfume and Body Mist - Silver - Spring,,100,5,images/kozmetik/46774.jpg,46774.jpg
Lakme True Wear Freespirit Nail Polish N237,Nail Polish - Pink - Spring,,100,5,images/kozmetik/55151.jpg,55151.jpg
Lotus Herbals Grape Wine Lipstick 110,Lipstick - Brown - Spring,,100,5,images/kozmetik/57606.jpg,57606.jpg
Streetwear Lusicious Lips Classy Mauve Lipcolor 17,Lipstick - Mauve - Spring,,100,5,images/kozmetik/56512.jpg,56512.jpg
Revlon Water Tight Black Mascara,Mascara - Black - Spring,,100,5,images/kozmetik/55397.jpg,55397.jpg
Euroluxe Men In The City Perfume,Perfume and Body Mist - Grey - Spring,,100,5,images/kozmetik/46780.jpg,46780.jpg
ColorBar Velvet Matte Coffee Bean Lipstick 16 BR,Lipstick - Brown - Spring,,100,5,images/kozmetik/55999.jpg,55999.jpg
Police Dark Men Fragrance Gift Set,Fragrance Gift Set - Black - Spring,,100,5,images/kozmetik/23541.jpg,23541.jpg
Colorbar Purple Hue Eye Liner 002,Kajal and Eyeliner - Purple - Spring,,100,5,images/kozmetik/56176.jpg,56176.jpg
Nike Women Pack of 3 Fragrance Gift Set,Fragrance Gift Set - White - Spring,,100,5,images/kozmetik/23579.jpg,23579.jpg
Estee Lauder Women White Linen 60 ml Perfume,Perfume and Body Mist - Blue - Spring,,100,5,images/kozmetik/56388.jpg,56388.jpg
Deborah Extra Lip Liner 05,Lip Liner - Copper - Spring,,100,5,images/kozmetik/49152.jpg,49152.jpg
York Men Prestige Perfume,Perfume and Body Mist - Black - Spring,,100,5,images/kozmetik/46926.jpg,46926.jpg
Colorbar Old Flame Nail Lacquer 01,Nail Polish - Red - Spring,,100,5,images/kozmetik/55955.jpg,55955.jpg
Playboy Men Miami Deo 50 ml Free,Deodorant - Black - Spring,,100,5,images/kozmetik/45566.jpg,45566.jpg
Colorbar Blue Color Intense Eye Liner,Kajal and Eyeliner - Blue - Spring,,100,5,images/kozmetik/56171.jpg,56171.jpg
Perry Ellis Women Perfume,Perfume and Body Mist - Cream - Spring,,100,5,images/kozmetik/26206.jpg,26206.jpg
Police Cosmopolitian Men Perfume,Perfume and Body Mist - Blue - Spring,,100,5,images/kozmetik/23546.jpg,23546.jpg
Streetwear Luscious Lips Pure Burgundy Lipstick 07,Lipstick - Burgundy - Spring,,100,5,images/kozmetik/56515.jpg,56515.jpg
Revlon Really Rosy Nail Polish 308,Nail Polish - Rose - Spring,,100,5,images/kozmetik/55390.jpg,55390.jpg
Saint James Men Homme Perfume,Perfume and Body Mist - Cream - Spring,,100,5,images/kozmetik/46787.jpg,46787.jpg
Lakme True Wear Wildflower Mauve Nail Polish 202,Nail Polish - Mauve - Spring,,100,5,images/kozmetik/55156.jpg,55156.jpg
Lotus Herbals Moistpetals Rose Glide Lipstick 115,Lipstick - Rose - Spring,,100,5,images/kozmetik/57601.jpg,57601.jpg
BOSS Women Perfumes,Perfume and Body Mist - Pink - Spring,,100,5,images/kozmetik/44024.jpg,44024.jpg
Revlon Fuchsia Fever Nail Polish 368,Nail Polish - Pink - Spring,,100,5,images/kozmetik/55364.jpg,55364.jpg
Euroluxe Men Steel Perfume,Perfume and Body Mist - Grey - Spring,,100,5,images/kozmetik/46773.jpg,46773.jpg
ColorBar Tan Radiant White UV Fairness Compact 005,Compact - Skin - Spring,,100,5,images/kozmetik/56185.jpg,56185.jpg
ADIDAS Women Free Emotion Perfume,Perfume and Body Mist - Yellow - Spring,,100,5,images/kozmetik/27320.jpg,27320.jpg
Revlon Touch And Glow Golden Mist Moisturising Make up 07,Foundation and Primer - Skin - Spring,,100,5,images/kozmetik/55532.jpg,55532.jpg
York Men Perfume,Perfume and Body Mist - Blue - Spring,,100,5,images/kozmetik/46919.jpg,46919.jpg
Colorbar Sand Beige Concealer 003,Concealer - Beige - Spring,,100,5,images/kozmetik/56178.jpg,56178.jpg
Revlon Grow Luscious Emerald Lash Liner,Kajal and Eyeliner - Green - Spring,,100,5,images/kozmetik/55399.jpg,55399.jpg
Colorbar Velvet Matte Temptation Lipstick 24MA,Lipstick - Purple - Spring,,100,5,images/kozmetik/55997.jpg,55997.jpg
Colorbar Take Me As I Am Flirtatious Pink Lipstick with Sharpner 002,Lipstick - Pink - Spring,,100,5,images/kozmetik/55963.jpg,55963.jpg
Lotus Herbals Rosetone Facial Skin Toner,Toner - Rose - Spring,,100,5,images/kozmetik/57608.jpg,57608.jpg
Deborah Kajal 117,Kajal and Eyeliner - White - Spring,,100,5,images/kozmetik/49164.jpg,49164.jpg
Playboy Women Play It Spicy Fragrance Gift Set,Fragrance Gift Set - Black - Spring,,100,5,images/kozmetik/41907.jpg,41907.jpg
Biotique Women Bio Sandalwood SPF 50 Sunscreen,Sunscreen - Yellow - Spring,,100,5,images/kozmetik/57862.jpg,57862.jpg
Jovan Women Musk Perfume,Perfume and Body Mist - Orange - Spring,,100,5,images/kozmetik/27329.jpg,27329.jpg
Lakme Absolute Fast & Fabulous Night Desire Nail Polish 03,Nail Polish - Black - Spring,,100,5,images/kozmetik/55194.jpg,55194.jpg
Streetwear Satin Smooth Mauve Alert Lipstick 63,Lipstick - Pink - Spring,,100,5,images/kozmetik/56523.jpg,56523.jpg
Colorbar Green Enchanting Trio Eye Shadow,Eyeshadow - Green - Spring,,100,5,images/kozmetik/56147.jpg,56147.jpg
Lomani Men Boss Black Deo,Deodorant - Black - Spring,,100,5,images/kozmetik/45762.jpg,45762.jpg
dunhill Men Pure Deoorant Stick,Deodorant - Silver - Spring,,100,5,images/kozmetik/56375.jpg,56375.jpg
Paris Hilton Men Perfume,Perfume and Body Mist - Blue - Spring,,100,5,images/kozmetik/26002.jpg,26002.jpg
Boss Men Casual Perfume and Shower Gel,Fragrance Gift Set - Black - Spring,,100,5,images/kozmetik/23570.jpg,23570.jpg
ADIDAS Men Victory League Fragrance Gift Set,Perfume and Body Mist - Grey - Spring,,100,5,images/kozmetik/27316.jpg,27316.jpg
DKNY Women 50 ml Perfume,Perfume and Body Mist - White - Spring,,100,5,images/kozmetik/56381.jpg,56381.jpg
Revlon Super Lustrous Pink Crystals Lip Gloss 59,Lip Gloss - Peach - Spring,,100,5,images/kozmetik/55504.jpg,55504.jpg
Nike Fragrances Women Deo,Deodorant - Green - Spring,,100,5,images/kozmetik/23584.jpg,23584.jpg
Lotus Herbals Fuschia Drop Nail Polish 949,Nail Polish - Pink - Spring,,100,5,images/kozmetik/57637.jpg,57637.jpg
Lakme True Wear Classics Red Allure Nail Polish 402,Nail Polish - Red - Spring,,100,5,images/kozmetik/55160.jpg,55160.jpg
Revlon Extra Fast Nail Polish Remover,Nail Essentials - White - Spring,,100,5,images/kozmetik/55352.jpg,55352.jpg
Police Women Pure Perfume,Perfume and Body Mist - White - Spring,,100,5,images/kozmetik/44012.jpg,44012.jpg
Playboy Men Malibu Perfume Buy 1 Get 1 free,Perfume and Body Mist - Black - Spring,,100,5,images/kozmetik/41900.jpg,41900.jpg
Biotique Women Bio Carrot SPF 40 Sunscreen Lotion,Sunscreen - Yellow - Spring,,100,5,images/kozmetik/57865.jpg,57865.jpg
York Men Aqua Green Perfume,Perfume and Body Mist - Green - Spring,,100,5,images/kozmetik/46917.jpg,46917.jpg
Deborah Kajal 112,Kajal and Eyeliner - Brown - Spring,,100,5,images/kozmetik/49163.jpg,49163.jpg
Lakme True Wear Classics Siren Red Nail Polish 404,Nail Polish - Red - Spring,,100,5,images/kozmetik/55158.jpg,55158.jpg
Colorbar Take Me As I Am Sensuous Red  Lipcolor with Sharpner 001 3.94 g,Lipstick - Red - Spring,,100,5,images/kozmetik/55964.jpg,55964.jpg
Colorbar Velvet Matte Rum Raisin Lipstick 41M,Lipstick - Maroon - Summer,,100,5,images/kozmetik/55990.jpg,55990.jpg
Love Passport A Bloom Women Perfume,Perfume and Body Mist - White - Spring,,100,5,images/kozmetik/46789.jpg,46789.jpg
Biotique Bio Kajal,Kajal and Eyeliner - Black - Spring,,100,5,images/kozmetik/57891.jpg,57891.jpg
Perry Ellis Women Perfume,Perfume and Body Mist - Pink - Spring,,100,5,images/kozmetik/26208.jpg,26208.jpg
Police Men Passion Perfume,Perfume and Body Mist - Red - Spring,,100,5,images/kozmetik/23548.jpg,23548.jpg
Police Women Pure London Femme Perfume,Perfume and Body Mist - White - Spring,,100,5,images/kozmetik/44015.jpg,44015.jpg
Lotus Herbals Nutranite Skin Renewal Night Cream 50 g,Face Moisturisers - Cream - Spring,,100,5,images/kozmetik/57630.jpg,57630.jpg
Estee Lauder Women Pure White Linen 100 ml Perfume,Perfume and Body Mist - Blue - Spring,,100,5,images/kozmetik/56386.jpg,56386.jpg
York Men Aqua Black Perfume,Perfume and Body Mist - Blue - Spring,,100,5,images/kozmetik/46928.jpg,46928.jpg
Revlon Shine City Super Lustrous Lip Gloss 02,Lip Gloss - Pink - Spring,,100,5,images/kozmetik/55503.jpg,55503.jpg
Nike Fragrances Women Trendy Deo,Deodorant - Pink - Spring,,100,5,images/kozmetik/23583.jpg,23583.jpg
ADIDAS Women Free Emotion Deo,Deodorant - Yellow - Spring,,100,5,images/kozmetik/27311.jpg,27311.jpg
Lomani Men Deo,Deodorant - Brown - Spring,,100,5,images/kozmetik/45765.jpg,45765.jpg
Boss In Motion Men Perfume,Perfume and Body Mist - Orange - Spring,,100,5,images/kozmetik/23577.jpg,23577.jpg
Colorbar Spicy Brown Eye Shadow 003,Eyeshadow - Brown - Spring,,100,5,images/kozmetik/56140.jpg,56140.jpg
Streetwear Satin Smooth Violet Vapours Lipstick 12,Lipstick - Purple - Spring,,100,5,images/kozmetik/56524.jpg,56524.jpg
Lakme Truewear Color Crush Nail Polish 07,Nail Polish - Orange - Spring,,100,5,images/kozmetik/55133.jpg,55133.jpg
Lotus Herbals Colour Dew Mahogany Nail Polish 943,Nail Polish - Brown - Spring,,100,5,images/kozmetik/57664.jpg,57664.jpg
Streetwear Crystal Ivory Shine Face Brightener,Highlighter and Blush - Skin - Spring,,100,5,images/kozmetik/56584.jpg,56584.jpg
HUGO Women XX Deo,Deodorant - Gold - Spring,,100,5,images/kozmetik/44041.jpg,44041.jpg
Rasasi Women Innocence Perfume,Perfume and Body Mist - White - Spring,,100,5,images/kozmetik/46716.jpg,46716.jpg
Lakme Shadow Artist Shimmer Stick,Eyeshadow - Green - Spring,,100,5,images/kozmetik/55301.jpg,55301.jpg
Kylie Minogue Women Showtime Perfume,Perfume and Body Mist - Pink - Spring,,100,5,images/kozmetik/27345.jpg,27345.jpg
Deborah Shine Tech Black Nail Polish 30,Nail Polish - Black - Spring,,100,5,images/kozmetik/49108.jpg,49108.jpg
Revlon ColorStay Bingo Blue Liquid Eye Liner,Kajal and Eyeliner - Blue - Spring,,100,5,images/kozmetik/55557.jpg,55557.jpg
Colorbar Feelin Rosey Lip Pot 011,Lip Gloss - Rose - Spring,,100,5,images/kozmetik/56114.jpg,56114.jpg
Hugo Boss Men Element Perfume,Perfume and Body Mist - Silver - Spring,,100,5,images/kozmetik/23523.jpg,23523.jpg
Lotus Herbals Acne Gel,Face Moisturisers - White - Spring,,100,5,images/kozmetik/57690.jpg,57690.jpg
Streetwear Shine Divine Whitening Liquid Snow Foundation,Foundation and Primer - Skin - Spring,,100,5,images/kozmetik/56570.jpg,56570.jpg
Deborah 24 Ore Eye Pencil 267,Kajal and Eyeliner - Blue - Spring,,100,5,images/kozmetik/49137.jpg,49137.jpg
